path,label,split
data\positives\vangogh\Vincent_van_Gogh_668.jpg,1,train
data\positives\vangogh\Vincent_van_Gogh_67.jpg,1,train
data\negatives\Henri_de_Toulouse-Lautrec_5.jpg,0,train
data\positives\vangogh\Vincent_van_Gogh_705.jpg,1,train
data\negatives\Henri_Matisse_174.jpg,0,train
data\positives\vangogh\Vincent_van_Gogh_287.jpg,1,train
data\negatives\Albrecht_Du╠êrer_316.jpg,0,train
data\positives\vangogh\Vincent_van_Gogh_830.jpg,1,train
data\negatives\William_Turner_38.jpg,0,train
data\negatives\Camille_Pissarro_11.jpg,0,train
data\negatives\Rene_Magritte_41.jpg,0,train
data\positives\vangogh\Vincent_van_Gogh_641.jpg,1,train
data\positives\vangogh\Vincent_van_Gogh_700.jpg,1,train
data\positives\vangogh\Vincent_van_Gogh_775.jpg,1,train
data\positives\vangogh\Vincent_van_Gogh_258.jpg,1,train
data\negatives\Paul_Klee_94.jpg,0,train
data\positives\vangogh\Vincent_van_Gogh_231.jpg,1,train
data\positives\vangogh\Vincent_van_Gogh_9.jpg,1,train
data\negatives\Edgar_Degas_39.jpg,0,train
data\negatives\Alfred_Sisley_165.jpg,0,train
data\positives\vangogh\Vincent_van_Gogh_536.jpg,1,train
data\negatives\Alfred_Sisley_241.jpg,0,train
data\positives\vangogh\Vincent_van_Gogh_832.jpg,1,train
data\negatives\Paul_Gauguin_228.jpg,0,train
data\positives\vangogh\Vincent_van_Gogh_616.jpg,1,train
data\negatives\Edvard_Munch_50.jpg,0,train
data\positives\vangogh\Vincent_van_Gogh_560.jpg,1,train
data\negatives\Marc_Chagall_103.jpg,0,train
data\negatives\Pierre-Auguste_Renoir_285.jpg,0,train
data\negatives\Hieronymus_Bosch_75.jpg,0,train
data\positives\vangogh\Vincent_van_Gogh_728.jpg,1,train
data\negatives\Edgar_Degas_266.jpg,0,train
data\positives\vangogh\Vincent_van_Gogh_688.jpg,1,train
data\positives\vangogh\Vincent_van_Gogh_222.jpg,1,train
data\positives\vangogh\Vincent_van_Gogh_366.jpg,1,train
data\negatives\Hieronymus_Bosch_27.jpg,0,train
data\positives\vangogh\Vincent_van_Gogh_697.jpg,1,train
data\negatives\Georges_Seurat_34.jpg,0,train
data\negatives\Joan_Miro_77.jpg,0,train
data\negatives\Pierre-Auguste_Renoir_128.jpg,0,train
data\negatives\Alfred_Sisley_72.jpg,0,train
data\negatives\Camille_Pissarro_12.jpg,0,train
data\negatives\Edvard_Munch_25.jpg,0,train
data\negatives\Alfred_Sisley_6.jpg,0,train
data\positives\vangogh\Vincent_van_Gogh_844.jpg,1,train
data\negatives\Paul_Klee_186.jpg,0,train
data\negatives\Amedeo_Modigliani_47.jpg,0,train
data\negatives\Pierre-Auguste_Renoir_103.jpg,0,train
data\negatives\Albrecht_Du╠êrer_239.jpg,0,train
data\negatives\Gustave_Courbet_9.jpg,0,train
data\negatives\Piet_Mondrian_63.jpg,0,train
data\negatives\Francisco_Goya_140.jpg,0,train
data\negatives\Paul_Gauguin_121.jpg,0,train
data\negatives\Titian_124.jpg,0,train
data\negatives\William_Turner_32.jpg,0,train
data\negatives\Alfred_Sisley_106.jpg,0,train
data\negatives\Raphael_44.jpg,0,train
data\positives\vangogh\Vincent_van_Gogh_789.jpg,1,train
data\positives\vangogh\Vincent_van_Gogh_140.jpg,1,train
data\negatives\Amedeo_Modigliani_167.jpg,0,train
data\negatives\Albrecht_Du╠êrer_262.jpg,0,train
data\negatives\Alfred_Sisley_164.jpg,0,train
data\positives\vangogh\Vincent_van_Gogh_638.jpg,1,train
data\positives\vangogh\Vincent_van_Gogh_760.jpg,1,train
data\negatives\Rembrandt_166.jpg,0,train
data\negatives\Edgar_Degas_309.jpg,0,train
data\negatives\Amedeo_Modigliani_140.jpg,0,train
data\negatives\Andy_Warhol_1.jpg,0,train
data\negatives\Paul_Klee_185.jpg,0,train
data\negatives\Alfred_Sisley_43.jpg,0,train
data\negatives\Georges_Seurat_41.jpg,0,train
data\negatives\Albrecht_Du╠êrer_226.jpg,0,train
data\positives\vangogh\Vincent_van_Gogh_16.jpg,1,train
data\positives\vangogh\Vincent_van_Gogh_586.jpg,1,train
data\negatives\Camille_Pissarro_83.jpg,0,train
data\negatives\Henri_Rousseau_15.jpg,0,train
data\negatives\Alfred_Sisley_216.jpg,0,train
data\positives\vangogh\Vincent_van_Gogh_393.jpg,1,train
data\negatives\Titian_31.jpg,0,train
data\negatives\Albrecht_Du╠êrer_281.jpg,0,train
data\negatives\Albrecht_Du╠êrer_325.jpg,0,train
data\negatives\Camille_Pissarro_87.jpg,0,train
data\positives\vangogh\Vincent_van_Gogh_399.jpg,1,train
data\negatives\Alfred_Sisley_89.jpg,0,train
data\positives\vangogh\Vincent_van_Gogh_143.jpg,1,train
data\positives\vangogh\Vincent_van_Gogh_6.jpg,1,train
data\negatives\Albrecht_Du╠êrer_229.jpg,0,train
data\negatives\Camille_Pissarro_66.jpg,0,train
data\positives\vangogh\Vincent_van_Gogh_834.jpg,1,train
data\negatives\El_Greco_7.jpg,0,train
data\positives\vangogh\Vincent_van_Gogh_778.jpg,1,train
data\negatives\Gustav_Klimt_24.jpg,0,train
data\positives\vangogh\Vincent_van_Gogh_42.jpg,1,train
data\negatives\Claude_Monet_60.jpg,0,train
data\negatives\Pierre-Auguste_Renoir_111.jpg,0,train
data\negatives\Pablo_Picasso_297.jpg,0,train
data\positives\vangogh\Vincent_van_Gogh_764.jpg,1,train
data\negatives\Henri_Matisse_43.jpg,0,train
data\negatives\Piet_Mondrian_75.jpg,0,train
data\negatives\Andy_Warhol_31.jpg,0,train
data\negatives\Alfred_Sisley_12.jpg,0,train
data\negatives\Alfred_Sisley_11.jpg,0,train
data\negatives\Alfred_Sisley_117.jpg,0,train
data\negatives\Pierre-Auguste_Renoir_308.jpg,0,train
data\positives\vangogh\Vincent_van_Gogh_517.jpg,1,train
data\positives\vangogh\Vincent_van_Gogh_725.jpg,1,train
data\negatives\Kazimir_Malevich_12.jpg,0,train
data\positives\vangogh\Vincent_van_Gogh_598.jpg,1,train
data\negatives\Paul_Gauguin_255.jpg,0,train
data\negatives\Claude_Monet_5.jpg,0,train
data\positives\vangogh\Vincent_van_Gogh_504.jpg,1,train
data\negatives\Joan_Miro_94.jpg,0,train
data\negatives\Jan_van_Eyck_18.jpg,0,train
data\negatives\Pierre-Auguste_Renoir_254.jpg,0,train
data\positives\vangogh\Vincent_van_Gogh_510.jpg,1,train
data\negatives\Marc_Chagall_74.jpg,0,train
data\negatives\Vasiliy_Kandinskiy_68.jpg,0,train
data\negatives\Edgar_Degas_424.jpg,0,train
data\negatives\Marc_Chagall_112.jpg,0,train
data\negatives\Giotto_di_Bondone_105.jpg,0,train
data\negatives\Mikhail_Vrubel_168.jpg,0,train
data\positives\vangogh\Vincent_van_Gogh_411.jpg,1,train
data\positives\vangogh\Vincent_van_Gogh_622.jpg,1,train
data\positives\vangogh\Vincent_van_Gogh_148.jpg,1,train
data\positives\vangogh\Vincent_van_Gogh_313.jpg,1,train
data\positives\vangogh\Vincent_van_Gogh_247.jpg,1,train
data\negatives\Paul_Gauguin_42.jpg,0,train
data\positives\vangogh\Vincent_van_Gogh_646.jpg,1,train
data\negatives\Gustav_Klimt_43.jpg,0,train
data\negatives\Amedeo_Modigliani_112.jpg,0,train
data\positives\vangogh\Vincent_van_Gogh_280.jpg,1,train
data\negatives\Pierre-Auguste_Renoir_163.jpg,0,train
data\positives\vangogh\Vincent_van_Gogh_665.jpg,1,train
data\negatives\Alfred_Sisley_75.jpg,0,train
data\positives\vangogh\Vincent_van_Gogh_639.jpg,1,train
data\negatives\Pierre-Auguste_Renoir_171.jpg,0,train
data\negatives\Gustav_Klimt_69.jpg,0,train
data\negatives\Paul_Gauguin_48.jpg,0,train
data\negatives\Leonardo_da_Vinci_23.jpg,0,train
data\positives\vangogh\Vincent_van_Gogh_340.jpg,1,train
data\negatives\Paul_Gauguin_92.jpg,0,train
data\negatives\Alfred_Sisley_215.jpg,0,train
data\negatives\Pierre-Auguste_Renoir_302.jpg,0,train
data\negatives\Paul_Gauguin_259.jpg,0,train
data\negatives\Alfred_Sisley_123.jpg,0,train
data\positives\vangogh\Vincent_van_Gogh_413.jpg,1,train
data\negatives\Rene_Magritte_101.jpg,0,train
data\positives\vangogh\Vincent_van_Gogh_776.jpg,1,train
data\negatives\Gustav_Klimt_48.jpg,0,train
data\negatives\Claude_Monet_13.jpg,0,train
data\negatives\Edgar_Degas_226.jpg,0,train
data\positives\vangogh\Vincent_van_Gogh_657.jpg,1,train
data\positives\vangogh\Vincent_van_Gogh_328.jpg,1,train
data\negatives\Camille_Pissarro_13.jpg,0,train
data\negatives\Mikhail_Vrubel_13.jpg,0,train
data\negatives\Alfred_Sisley_56.jpg,0,train
data\negatives\Alfred_Sisley_70.jpg,0,train
data\negatives\Alfred_Sisley_79.jpg,0,train
data\negatives\Gustav_Klimt_4.jpg,0,train
data\positives\vangogh\Vincent_van_Gogh_799.jpg,1,train
data\positives\vangogh\Vincent_van_Gogh_686.jpg,1,train
data\negatives\Paul_Klee_178.jpg,0,train
data\negatives\Alfred_Sisley_66.jpg,0,train
data\positives\vangogh\Vincent_van_Gogh_186.jpg,1,train
data\positives\vangogh\Vincent_van_Gogh_603.jpg,1,train
data\positives\vangogh\Vincent_van_Gogh_509.jpg,1,train
data\negatives\Rene_Magritte_134.jpg,0,train
data\negatives\Camille_Pissarro_2.jpg,0,train
data\positives\vangogh\Vincent_van_Gogh_429.jpg,1,train
data\negatives\Mikhail_Vrubel_69.jpg,0,train
data\negatives\Marc_Chagall_85.jpg,0,train
data\negatives\Piet_Mondrian_78.jpg,0,train
data\negatives\Alfred_Sisley_251.jpg,0,train
data\negatives\Andy_Warhol_162.jpg,0,train
data\negatives\Alfred_Sisley_128.jpg,0,train
data\negatives\Andrei_Rublev_25.jpg,0,train
data\positives\vangogh\Vincent_van_Gogh_13.jpg,1,train
data\negatives\Edgar_Degas_513.jpg,0,train
data\positives\vangogh\Vincent_van_Gogh_868.jpg,1,train
data\negatives\Alfred_Sisley_36.jpg,0,train
data\negatives\Alfred_Sisley_237.jpg,0,train
data\negatives\Alfred_Sisley_86.jpg,0,train
data\negatives\Hieronymus_Bosch_32.jpg,0,train
data\positives\vangogh\Vincent_van_Gogh_739.jpg,1,train
data\positives\vangogh\Vincent_van_Gogh_97.jpg,1,train
data\negatives\Edgar_Degas_304.jpg,0,train
data\negatives\Diego_Velazquez_127.jpg,0,train
data\negatives\Mikhail_Vrubel_117.jpg,0,train
data\negatives\Camille_Pissarro_14.jpg,0,train
data\negatives\Paul_Gauguin_95.jpg,0,train
data\positives\vangogh\Vincent_van_Gogh_765.jpg,1,train
data\negatives\Paul_Gauguin_200.jpg,0,train
data\negatives\Andy_Warhol_79.jpg,0,train
data\negatives\Edgar_Degas_537.jpg,0,train
data\positives\vangogh\Vincent_van_Gogh_475.jpg,1,train
data\positives\vangogh\Vincent_van_Gogh_32.jpg,1,train
data\negatives\Paul_Cezanne_33.jpg,0,train
data\negatives\Sandro_Botticelli_125.jpg,0,train
data\positives\vangogh\Vincent_van_Gogh_182.jpg,1,train
data\negatives\Henri_Matisse_178.jpg,0,train
data\negatives\Edgar_Degas_194.jpg,0,train
data\negatives\Alfred_Sisley_184.jpg,0,train
data\negatives\Diego_Velazquez_3.jpg,0,train
data\positives\vangogh\Vincent_van_Gogh_452.jpg,1,train
data\positives\vangogh\Vincent_van_Gogh_579.jpg,1,train
data\negatives\Paul_Klee_127.jpg,0,train
data\positives\vangogh\Vincent_van_Gogh_404.jpg,1,train
data\negatives\Francisco_Goya_223.jpg,0,train
data\negatives\Salvador_Dali_51.jpg,0,train
data\positives\vangogh\Vincent_van_Gogh_458.jpg,1,train
data\positives\vangogh\Vincent_van_Gogh_68.jpg,1,train
data\negatives\Gustav_Klimt_110.jpg,0,train
data\positives\vangogh\Vincent_van_Gogh_347.jpg,1,train
data\positives\vangogh\Vincent_van_Gogh_169.jpg,1,train
data\negatives\Paul_Gauguin_1.jpg,0,train
data\negatives\Georges_Seurat_35.jpg,0,train
data\negatives\Georges_Seurat_3.jpg,0,train
data\negatives\Giotto_di_Bondone_44.jpg,0,train
data\positives\vangogh\Vincent_van_Gogh_505.jpg,1,train
data\positives\vangogh\Vincent_van_Gogh_528.jpg,1,train
data\negatives\Alfred_Sisley_14.jpg,0,train
data\positives\vangogh\Vincent_van_Gogh_398.jpg,1,train
data\negatives\Paul_Gauguin_244.jpg,0,train
data\positives\vangogh\Vincent_van_Gogh_89.jpg,1,train
data\negatives\Pierre-Auguste_Renoir_209.jpg,0,train
data\negatives\Peter_Paul_Rubens_121.jpg,0,train
data\negatives\Claude_Monet_22.jpg,0,train
data\negatives\Mikhail_Vrubel_139.jpg,0,train
data\negatives\Alfred_Sisley_203.jpg,0,train
data\positives\vangogh\Vincent_van_Gogh_329.jpg,1,train
data\positives\vangogh\Vincent_van_Gogh_876.jpg,1,train
data\positives\vangogh\Vincent_van_Gogh_802.jpg,1,train
data\positives\vangogh\Vincent_van_Gogh_11.jpg,1,train
data\negatives\Amedeo_Modigliani_125.jpg,0,train
data\positives\vangogh\Vincent_van_Gogh_70.jpg,1,train
data\positives\vangogh\Vincent_van_Gogh_92.jpg,1,train
data\negatives\Marc_Chagall_63.jpg,0,train
data\negatives\Edgar_Degas_405.jpg,0,train
data\positives\vangogh\Vincent_van_Gogh_437.jpg,1,train
data\positives\vangogh\Vincent_van_Gogh_22.jpg,1,train
data\negatives\Paul_Gauguin_311.jpg,0,train
data\negatives\Frida_Kahlo_32.jpg,0,train
data\negatives\Paul_Gauguin_140.jpg,0,train
data\positives\vangogh\Vincent_van_Gogh_262.jpg,1,train
data\negatives\Gustav_Klimt_76.jpg,0,train
data\positives\vangogh\Vincent_van_Gogh_294.jpg,1,train
data\positives\vangogh\Vincent_van_Gogh_463.jpg,1,train
data\positives\vangogh\Vincent_van_Gogh_239.jpg,1,train
data\negatives\Alfred_Sisley_205.jpg,0,train
data\negatives\Alfred_Sisley_4.jpg,0,train
data\positives\vangogh\Vincent_van_Gogh_502.jpg,1,train
data\positives\vangogh\Vincent_van_Gogh_855.jpg,1,train
data\positives\vangogh\Vincent_van_Gogh_360.jpg,1,train
data\positives\vangogh\Vincent_van_Gogh_857.jpg,1,train
data\negatives\Pablo_Picasso_318.jpg,0,train
data\positives\vangogh\Vincent_van_Gogh_205.jpg,1,train
data\negatives\Marc_Chagall_57.jpg,0,train
data\positives\vangogh\Vincent_van_Gogh_520.jpg,1,train
data\positives\vangogh\Vincent_van_Gogh_726.jpg,1,train
data\negatives\Albrecht_Du╠êrer_147.jpg,0,train
data\positives\vangogh\Vincent_van_Gogh_5.jpg,1,train
data\positives\vangogh\Vincent_van_Gogh_781.jpg,1,train
data\positives\vangogh\Vincent_van_Gogh_873.jpg,1,train
data\positives\vangogh\Vincent_van_Gogh_185.jpg,1,train
data\positives\vangogh\Vincent_van_Gogh_331.jpg,1,train
data\positives\vangogh\Vincent_van_Gogh_719.jpg,1,train
data\positives\vangogh\Vincent_van_Gogh_847.jpg,1,train
data\positives\vangogh\Vincent_van_Gogh_676.jpg,1,train
data\negatives\Claude_Monet_70.jpg,0,train
data\negatives\Edgar_Degas_525.jpg,0,train
data\positives\vangogh\Vincent_van_Gogh_50.jpg,1,train
data\positives\vangogh\Vincent_van_Gogh_530.jpg,1,train
data\negatives\Peter_Paul_Rubens_62.jpg,0,train
data\negatives\Alfred_Sisley_34.jpg,0,train
data\negatives\Paul_Gauguin_28.jpg,0,train
data\positives\vangogh\Vincent_van_Gogh_380.jpg,1,train
data\negatives\Sandro_Botticelli_102.jpg,0,train
data\negatives\Claude_Monet_48.jpg,0,train
data\negatives\Henri_de_Toulouse-Lautrec_7.jpg,0,train
data\positives\vangogh\Vincent_van_Gogh_254.jpg,1,train
data\positives\vangogh\Vincent_van_Gogh_357.jpg,1,train
data\positives\vangogh\Vincent_van_Gogh_848.jpg,1,train
data\negatives\Edgar_Degas_43.jpg,0,train
data\positives\vangogh\Vincent_van_Gogh_307.jpg,1,train
data\negatives\Pablo_Picasso_148.jpg,0,train
data\positives\vangogh\Vincent_van_Gogh_499.jpg,1,train
data\positives\vangogh\Vincent_van_Gogh_147.jpg,1,train
data\negatives\Henri_de_Toulouse-Lautrec_66.jpg,0,train
data\negatives\Edgar_Degas_528.jpg,0,train
data\negatives\Salvador_Dali_117.jpg,0,train
data\positives\vangogh\Vincent_van_Gogh_564.jpg,1,train
data\negatives\Leonardo_da_Vinci_112.jpg,0,train
data\positives\vangogh\Vincent_van_Gogh_874.jpg,1,train
data\positives\vangogh\Vincent_van_Gogh_158.jpg,1,train
data\negatives\Pablo_Picasso_129.jpg,0,train
data\negatives\Pierre-Auguste_Renoir_139.jpg,0,train
data\negatives\Paul_Klee_149.jpg,0,train
data\negatives\Mikhail_Vrubel_35.jpg,0,train
data\positives\vangogh\Vincent_van_Gogh_623.jpg,1,train
data\negatives\Alfred_Sisley_141.jpg,0,train
data\negatives\Marc_Chagall_78.jpg,0,train
data\negatives\Paul_Klee_8.jpg,0,train
data\negatives\Marc_Chagall_59.jpg,0,train
data\negatives\Pablo_Picasso_287.jpg,0,train
data\positives\vangogh\Vincent_van_Gogh_417.jpg,1,train
data\negatives\Titian_98.jpg,0,train
data\positives\vangogh\Vincent_van_Gogh_649.jpg,1,train
data\negatives\Pieter_Bruegel_116.jpg,0,train
data\negatives\Pierre-Auguste_Renoir_248.jpg,0,train
data\negatives\Albrecht_Du╠êrer_314.jpg,0,train
data\positives\vangogh\Vincent_van_Gogh_303.jpg,1,train
data\negatives\Pierre-Auguste_Renoir_50.jpg,0,train
data\positives\vangogh\Vincent_van_Gogh_593.jpg,1,train
data\negatives\Claude_Monet_18.jpg,0,train
data\positives\vangogh\Vincent_van_Gogh_264.jpg,1,train
data\negatives\Pierre-Auguste_Renoir_265.jpg,0,train
data\negatives\Peter_Paul_Rubens_13.jpg,0,train
data\negatives\Andy_Warhol_74.jpg,0,train
data\positives\vangogh\Vincent_van_Gogh_599.jpg,1,train
data\negatives\Camille_Pissarro_17.jpg,0,train
data\negatives\Gustav_Klimt_50.jpg,0,train
data\negatives\Alfred_Sisley_35.jpg,0,train
data\negatives\Salvador_Dali_4.jpg,0,train
data\negatives\Alfred_Sisley_58.jpg,0,train
data\negatives\Alfred_Sisley_183.jpg,0,train
data\negatives\Jan_van_Eyck_9.jpg,0,train
data\negatives\Alfred_Sisley_167.jpg,0,train
data\negatives\Albrecht_Du╠êrer_106.jpg,0,train
data\negatives\Andrei_Rublev_88.jpg,0,train
data\positives\vangogh\Vincent_van_Gogh_794.jpg,1,train
data\positives\vangogh\Vincent_van_Gogh_261.jpg,1,train
data\negatives\Alfred_Sisley_181.jpg,0,train
data\negatives\Andy_Warhol_134.jpg,0,train
data\negatives\Pierre-Auguste_Renoir_186.jpg,0,train
data\negatives\Albrecht_Du╠êrer_268.jpg,0,train
data\negatives\Pablo_Picasso_351.jpg,0,train
data\negatives\Pieter_Bruegel_34.jpg,0,train
data\negatives\Pierre-Auguste_Renoir_31.jpg,0,train
data\positives\vangogh\Vincent_van_Gogh_153.jpg,1,train
data\positives\vangogh\Vincent_van_Gogh_41.jpg,1,train
data\positives\vangogh\Vincent_van_Gogh_440.jpg,1,train
data\negatives\Edgar_Degas_526.jpg,0,train
data\negatives\Paul_Gauguin_239.jpg,0,train
data\negatives\Pablo_Picasso_54.jpg,0,train
data\positives\vangogh\Vincent_van_Gogh_806.jpg,1,train
data\negatives\Paul_Gauguin_50.jpg,0,train
data\negatives\Titian_199.jpg,0,train
data\positives\vangogh\Vincent_van_Gogh_173.jpg,1,train
data\negatives\Paul_Gauguin_179.jpg,0,train
data\positives\vangogh\Vincent_van_Gogh_242.jpg,1,train
data\negatives\Pablo_Picasso_245.jpg,0,train
data\negatives\Henri_Matisse_3.jpg,0,train
data\positives\vangogh\Vincent_van_Gogh_321.jpg,1,train
data\positives\vangogh\Vincent_van_Gogh_526.jpg,1,train
data\negatives\Paul_Cezanne_47.jpg,0,train
data\positives\vangogh\Vincent_van_Gogh_750.jpg,1,train
data\negatives\Claude_Monet_8.jpg,0,train
data\negatives\Andy_Warhol_139.jpg,0,train
data\negatives\Edgar_Degas_45.jpg,0,train
data\negatives\Henri_Matisse_22.jpg,0,train
data\positives\vangogh\Vincent_van_Gogh_84.jpg,1,train
data\negatives\Peter_Paul_Rubens_27.jpg,0,train
data\negatives\Amedeo_Modigliani_70.jpg,0,train
data\negatives\Andy_Warhol_122.jpg,0,train
data\negatives\Alfred_Sisley_26.jpg,0,train
data\positives\vangogh\Vincent_van_Gogh_43.jpg,1,train
data\positives\vangogh\Vincent_van_Gogh_220.jpg,1,train
data\negatives\Piet_Mondrian_8.jpg,0,train
data\negatives\Paul_Gauguin_109.jpg,0,train
data\positives\vangogh\Vincent_van_Gogh_715.jpg,1,train
data\negatives\Camille_Pissarro_10.jpg,0,train
data\negatives\Pierre-Auguste_Renoir_154.jpg,0,train
data\positives\vangogh\Vincent_van_Gogh_214.jpg,1,train
data\negatives\Alfred_Sisley_1.jpg,0,train
data\positives\vangogh\Vincent_van_Gogh_635.jpg,1,train
data\negatives\Sandro_Botticelli_98.jpg,0,train
data\negatives\Francisco_Goya_82.jpg,0,train
data\negatives\Hieronymus_Bosch_133.jpg,0,train
data\negatives\Alfred_Sisley_235.jpg,0,train
data\negatives\Edgar_Degas_324.jpg,0,train
data\negatives\Albrecht_Du╠êrer_77.jpg,0,train
data\negatives\Henri_Matisse_39.jpg,0,train
data\negatives\El_Greco_80.jpg,0,train
data\positives\vangogh\Vincent_van_Gogh_423.jpg,1,train
data\negatives\Kazimir_Malevich_91.jpg,0,train
data\negatives\William_Turner_36.jpg,0,train
data\negatives\Alfred_Sisley_174.jpg,0,train
data\negatives\Albrecht_Du╠êrer_228.jpg,0,train
data\negatives\Sandro_Botticelli_148.jpg,0,train
data\negatives\Albrecht_Du╠êrer_273.jpg,0,train
data\negatives\Gustav_Klimt_32.jpg,0,train
data\negatives\Pierre-Auguste_Renoir_218.jpg,0,train
data\negatives\Titian_107.jpg,0,train
data\positives\vangogh\Vincent_van_Gogh_105.jpg,1,train
data\positives\vangogh\Vincent_van_Gogh_154.jpg,1,train
data\positives\vangogh\Vincent_van_Gogh_350.jpg,1,train
data\positives\vangogh\Vincent_van_Gogh_195.jpg,1,train
data\negatives\Paul_Gauguin_291.jpg,0,train
data\positives\vangogh\Vincent_van_Gogh_827.jpg,1,train
data\negatives\Paul_Gauguin_247.jpg,0,train
data\negatives\Edgar_Degas_518.jpg,0,train
data\positives\vangogh\Vincent_van_Gogh_609.jpg,1,train
data\negatives\Sandro_Botticelli_1.jpg,0,train
data\negatives\Alfred_Sisley_195.jpg,0,train
data\negatives\Albrecht_Du╠êrer_278.jpg,0,train
data\positives\vangogh\Vincent_van_Gogh_358.jpg,1,train
data\negatives\Paul_Gauguin_263.jpg,0,train
data\negatives\Paul_Gauguin_4.jpg,0,train
data\negatives\Raphael_89.jpg,0,train
data\negatives\Rembrandt_25.jpg,0,train
data\positives\vangogh\Vincent_van_Gogh_98.jpg,1,train
data\positives\vangogh\Vincent_van_Gogh_513.jpg,1,train
data\positives\vangogh\Vincent_van_Gogh_493.jpg,1,train
data\positives\vangogh\Vincent_van_Gogh_574.jpg,1,train
data\negatives\Henri_Matisse_1.jpg,0,train
data\positives\vangogh\Vincent_van_Gogh_658.jpg,1,train
data\negatives\Edouard_Manet_52.jpg,0,train
data\positives\vangogh\Vincent_van_Gogh_2.jpg,1,train
data\positives\vangogh\Vincent_van_Gogh_489.jpg,1,train
data\positives\vangogh\Vincent_van_Gogh_175.jpg,1,train
data\negatives\Pablo_Picasso_81.jpg,0,train
data\negatives\Alfred_Sisley_130.jpg,0,train
data\negatives\Alfred_Sisley_143.jpg,0,train
data\negatives\Marc_Chagall_143.jpg,0,train
data\negatives\Paul_Klee_114.jpg,0,train
data\negatives\Alfred_Sisley_189.jpg,0,train
data\negatives\Francisco_Goya_182.jpg,0,train
data\positives\vangogh\Vincent_van_Gogh_276.jpg,1,train
data\negatives\Alfred_Sisley_105.jpg,0,train
data\negatives\Edgar_Degas_195.jpg,0,train
data\positives\vangogh\Vincent_van_Gogh_351.jpg,1,train
data\positives\vangogh\Vincent_van_Gogh_253.jpg,1,train
data\negatives\Edgar_Degas_577.jpg,0,train
data\negatives\Pablo_Picasso_7.jpg,0,train
data\positives\vangogh\Vincent_van_Gogh_461.jpg,1,train
data\negatives\Edgar_Degas_80.jpg,0,train
data\positives\vangogh\Vincent_van_Gogh_58.jpg,1,train
data\negatives\Marc_Chagall_95.jpg,0,train
data\negatives\Alfred_Sisley_25.jpg,0,train
data\negatives\Pierre-Auguste_Renoir_196.jpg,0,train
data\negatives\Alfred_Sisley_146.jpg,0,train
data\positives\vangogh\Vincent_van_Gogh_619.jpg,1,train
data\positives\vangogh\Vincent_van_Gogh_304.jpg,1,train
data\negatives\Diego_Rivera_45.jpg,0,train
data\negatives\William_Turner_5.jpg,0,train
data\negatives\Alfred_Sisley_46.jpg,0,train
data\positives\vangogh\Vincent_van_Gogh_667.jpg,1,train
data\negatives\Pierre-Auguste_Renoir_161.jpg,0,train
data\negatives\Gustave_Courbet_37.jpg,0,train
data\negatives\Marc_Chagall_125.jpg,0,train
data\negatives\Pierre-Auguste_Renoir_176.jpg,0,train
data\negatives\Titian_121.jpg,0,train
data\negatives\Claude_Monet_72.jpg,0,train
data\negatives\Henri_de_Toulouse-Lautrec_64.jpg,0,train
data\negatives\Edvard_Munch_16.jpg,0,train
data\negatives\Alfred_Sisley_44.jpg,0,train
data\positives\vangogh\Vincent_van_Gogh_788.jpg,1,train
data\negatives\Marc_Chagall_55.jpg,0,train
data\negatives\Pablo_Picasso_262.jpg,0,train
data\positives\vangogh\Vincent_van_Gogh_737.jpg,1,train
data\negatives\Pierre-Auguste_Renoir_95.jpg,0,train
data\negatives\Alfred_Sisley_152.jpg,0,train
data\positives\vangogh\Vincent_van_Gogh_297.jpg,1,train
data\negatives\Leonardo_da_Vinci_98.jpg,0,train
data\negatives\Paul_Gauguin_177.jpg,0,train
data\negatives\Paul_Gauguin_31.jpg,0,train
data\negatives\Paul_Gauguin_279.jpg,0,train
data\positives\vangogh\Vincent_van_Gogh_472.jpg,1,train
data\positives\vangogh\Vincent_van_Gogh_648.jpg,1,train
data\negatives\Camille_Pissarro_7.jpg,0,train
data\positives\vangogh\Vincent_van_Gogh_424.jpg,1,train
data\negatives\Rembrandt_10.jpg,0,train
data\negatives\Frida_Kahlo_119.jpg,0,train
data\positives\vangogh\Vincent_van_Gogh_803.jpg,1,train
data\negatives\Edgar_Degas_519.jpg,0,train
data\positives\vangogh\Vincent_van_Gogh_219.jpg,1,train
data\negatives\Frida_Kahlo_23.jpg,0,train
data\negatives\Francisco_Goya_132.jpg,0,train
data\negatives\Amedeo_Modigliani_81.jpg,0,train
data\negatives\Pierre-Auguste_Renoir_36.jpg,0,train
data\positives\vangogh\Vincent_van_Gogh_444.jpg,1,train
data\positives\vangogh\Vincent_van_Gogh_837.jpg,1,train
data\negatives\Pablo_Picasso_62.jpg,0,train
data\positives\vangogh\Vincent_van_Gogh_835.jpg,1,train
data\negatives\Albrecht_Du╠êrer_178.jpg,0,train
data\negatives\Pierre-Auguste_Renoir_160.jpg,0,train
data\negatives\Andy_Warhol_120.jpg,0,train
data\negatives\Camille_Pissarro_28.jpg,0,train
data\positives\vangogh\Vincent_van_Gogh_654.jpg,1,train
data\negatives\Amedeo_Modigliani_136.jpg,0,train
data\positives\vangogh\Vincent_van_Gogh_410.jpg,1,train
data\positives\vangogh\Vincent_van_Gogh_155.jpg,1,train
data\negatives\Paul_Gauguin_102.jpg,0,train
data\negatives\Pierre-Auguste_Renoir_247.jpg,0,train
data\negatives\Titian_206.jpg,0,train
data\negatives\Albrecht_Du╠êrer_37.jpg,0,train
data\positives\vangogh\Vincent_van_Gogh_753.jpg,1,train
data\negatives\Mikhail_Vrubel_164.jpg,0,train
data\negatives\Salvador_Dali_60.jpg,0,train
data\positives\vangogh\Vincent_van_Gogh_197.jpg,1,train
data\negatives\Paul_Gauguin_290.jpg,0,train
data\negatives\Diego_Rivera_54.jpg,0,train
data\positives\vangogh\Vincent_van_Gogh_356.jpg,1,train
data\negatives\Vasiliy_Kandinskiy_67.jpg,0,train
data\negatives\Kazimir_Malevich_5.jpg,0,train
data\positives\vangogh\Vincent_van_Gogh_309.jpg,1,train
data\negatives\Alfred_Sisley_111.jpg,0,train
data\positives\vangogh\Vincent_van_Gogh_559.jpg,1,train
data\negatives\Paul_Gauguin_91.jpg,0,train
data\negatives\Paul_Gauguin_295.jpg,0,train
data\positives\vangogh\Vincent_van_Gogh_710.jpg,1,train
data\negatives\Camille_Pissarro_73.jpg,0,train
data\positives\vangogh\Vincent_van_Gogh_549.jpg,1,train
data\positives\vangogh\Vincent_van_Gogh_338.jpg,1,train
data\negatives\Alfred_Sisley_259.jpg,0,train
data\negatives\Peter_Paul_Rubens_43.jpg,0,train
data\negatives\Pierre-Auguste_Renoir_73.jpg,0,train
data\positives\vangogh\Vincent_van_Gogh_335.jpg,1,train
data\negatives\Claude_Monet_64.jpg,0,train
data\positives\vangogh\Vincent_van_Gogh_138.jpg,1,train
data\positives\vangogh\Vincent_van_Gogh_279.jpg,1,train
data\negatives\Edgar_Degas_64.jpg,0,train
data\negatives\Vasiliy_Kandinskiy_18.jpg,0,train
data\negatives\Camille_Pissarro_15.jpg,0,train
data\negatives\Alfred_Sisley_150.jpg,0,train
data\positives\vangogh\Vincent_van_Gogh_295.jpg,1,train
data\negatives\Henri_Matisse_55.jpg,0,train
data\positives\vangogh\Vincent_van_Gogh_647.jpg,1,train
data\negatives\Pierre-Auguste_Renoir_182.jpg,0,train
data\positives\vangogh\Vincent_van_Gogh_256.jpg,1,train
data\negatives\Kazimir_Malevich_2.jpg,0,train
data\positives\vangogh\Vincent_van_Gogh_115.jpg,1,train
data\positives\vangogh\Vincent_van_Gogh_434.jpg,1,train
data\negatives\Alfred_Sisley_41.jpg,0,train
data\positives\vangogh\Vincent_van_Gogh_389.jpg,1,train
data\negatives\Albrecht_Du╠êrer_235.jpg,0,train
data\negatives\Alfred_Sisley_178.jpg,0,train
data\positives\vangogh\Vincent_van_Gogh_234.jpg,1,train
data\negatives\Mikhail_Vrubel_154.jpg,0,train
data\negatives\Pierre-Auguste_Renoir_80.jpg,0,train
data\negatives\Edgar_Degas_48.jpg,0,train
data\negatives\Edgar_Degas_289.jpg,0,train
data\negatives\Gustav_Klimt_47.jpg,0,train
data\negatives\Edgar_Degas_209.jpg,0,train
data\positives\vangogh\Vincent_van_Gogh_430.jpg,1,train
data\negatives\Paul_Gauguin_219.jpg,0,train
data\negatives\Camille_Pissarro_51.jpg,0,train
data\negatives\Edvard_Munch_63.jpg,0,train
data\negatives\Camille_Pissarro_78.jpg,0,train
data\negatives\Henri_Matisse_16.jpg,0,train
data\negatives\Paul_Gauguin_138.jpg,0,train
data\negatives\Alfred_Sisley_148.jpg,0,train
data\negatives\Amedeo_Modigliani_59.jpg,0,train
data\positives\vangogh\Vincent_van_Gogh_51.jpg,1,train
data\negatives\Edgar_Degas_173.jpg,0,train
data\negatives\Rembrandt_260.jpg,0,train
data\negatives\Titian_96.jpg,0,train
data\negatives\Alfred_Sisley_10.jpg,0,train
data\negatives\Alfred_Sisley_172.jpg,0,train
data\positives\vangogh\Vincent_van_Gogh_184.jpg,1,train
data\negatives\Albrecht_Du╠êrer_7.jpg,0,train
data\positives\vangogh\Vincent_van_Gogh_637.jpg,1,train
data\negatives\Georges_Seurat_9.jpg,0,train
data\positives\vangogh\Vincent_van_Gogh_277.jpg,1,train
data\positives\vangogh\Vincent_van_Gogh_183.jpg,1,train
data\negatives\Paul_Gauguin_265.jpg,0,train
data\negatives\Mikhail_Vrubel_27.jpg,0,train
data\negatives\Paul_Gauguin_175.jpg,0,train
data\positives\vangogh\Vincent_van_Gogh_255.jpg,1,train
data\negatives\Amedeo_Modigliani_5.jpg,0,train
data\positives\vangogh\Vincent_van_Gogh_462.jpg,1,train
data\negatives\Paul_Gauguin_66.jpg,0,train
data\negatives\Rembrandt_53.jpg,0,train
data\positives\vangogh\Vincent_van_Gogh_547.jpg,1,train
data\negatives\Peter_Paul_Rubens_89.jpg,0,train
data\positives\vangogh\Vincent_van_Gogh_768.jpg,1,train
data\negatives\Rembrandt_88.jpg,0,train
data\negatives\Alfred_Sisley_61.jpg,0,train
data\negatives\Alfred_Sisley_57.jpg,0,train
data\negatives\Albrecht_Du╠êrer_120.jpg,0,train
data\positives\vangogh\Vincent_van_Gogh_587.jpg,1,train
data\negatives\Pablo_Picasso_16.jpg,0,train
data\negatives\Alfred_Sisley_80.jpg,0,train
data\negatives\Leonardo_da_Vinci_94.jpg,0,train
data\negatives\Albrecht_Du╠êrer_152.jpg,0,train
data\negatives\Alfred_Sisley_222.jpg,0,train
data\negatives\Pablo_Picasso_158.jpg,0,train
data\positives\vangogh\Vincent_van_Gogh_268.jpg,1,train
data\negatives\Pablo_Picasso_159.jpg,0,train
data\positives\vangogh\Vincent_van_Gogh_81.jpg,1,train
data\positives\vangogh\Vincent_van_Gogh_877.jpg,1,train
data\negatives\Vasiliy_Kandinskiy_50.jpg,0,train
data\positives\vangogh\Vincent_van_Gogh_731.jpg,1,train
data\negatives\Camille_Pissarro_79.jpg,0,train
data\negatives\Piet_Mondrian_10.jpg,0,train
data\negatives\Albrecht_Du╠êrer_28.jpg,0,train
data\positives\vangogh\Vincent_van_Gogh_141.jpg,1,train
data\positives\vangogh\Vincent_van_Gogh_516.jpg,1,train
data\negatives\Paul_Gauguin_218.jpg,0,train
data\negatives\Pierre-Auguste_Renoir_100.jpg,0,train
data\positives\vangogh\Vincent_van_Gogh_265.jpg,1,train
data\positives\vangogh\Vincent_van_Gogh_866.jpg,1,train
data\negatives\Francisco_Goya_247.jpg,0,train
data\positives\vangogh\Vincent_van_Gogh_320.jpg,1,train
data\negatives\Pablo_Picasso_42.jpg,0,train
data\positives\vangogh\Vincent_van_Gogh_812.jpg,1,train
data\positives\vangogh\Vincent_van_Gogh_445.jpg,1,train
data\positives\vangogh\Vincent_van_Gogh_216.jpg,1,train
data\positives\vangogh\Vincent_van_Gogh_842.jpg,1,train
data\negatives\Pieter_Bruegel_3.jpg,0,train
data\negatives\Diego_Rivera_14.jpg,0,train
data\positives\vangogh\Vincent_van_Gogh_687.jpg,1,train
data\negatives\Edgar_Degas_502.jpg,0,train
data\negatives\Titian_71.jpg,0,train
data\negatives\Edgar_Degas_561.jpg,0,train
data\positives\vangogh\Vincent_van_Gogh_853.jpg,1,train
data\negatives\Alfred_Sisley_63.jpg,0,train
data\negatives\Rene_Magritte_149.jpg,0,train
data\negatives\Frida_Kahlo_7.jpg,0,train
data\negatives\Camille_Pissarro_60.jpg,0,train
data\positives\vangogh\Vincent_van_Gogh_370.jpg,1,train
data\negatives\Pierre-Auguste_Renoir_60.jpg,0,train
data\negatives\Claude_Monet_50.jpg,0,train
data\negatives\Paul_Klee_15.jpg,0,train
data\negatives\Edouard_Manet_15.jpg,0,train
data\positives\vangogh\Vincent_van_Gogh_285.jpg,1,train
data\negatives\Alfred_Sisley_109.jpg,0,train
data\positives\vangogh\Vincent_van_Gogh_8.jpg,1,train
data\positives\vangogh\Vincent_van_Gogh_243.jpg,1,train
data\negatives\Mikhail_Vrubel_73.jpg,0,train
data\negatives\Pierre-Auguste_Renoir_166.jpg,0,train
data\positives\vangogh\Vincent_van_Gogh_671.jpg,1,train
data\positives\vangogh\Vincent_van_Gogh_120.jpg,1,train
data\positives\vangogh\Vincent_van_Gogh_325.jpg,1,train
data\negatives\Alfred_Sisley_153.jpg,0,train
data\negatives\Alfred_Sisley_17.jpg,0,train
data\positives\vangogh\Vincent_van_Gogh_438.jpg,1,train
data\positives\vangogh\Vincent_van_Gogh_48.jpg,1,train
data\negatives\Edgar_Degas_307.jpg,0,train
data\negatives\Alfred_Sisley_132.jpg,0,train
data\positives\vangogh\Vincent_van_Gogh_76.jpg,1,train
data\negatives\Marc_Chagall_58.jpg,0,train
data\positives\vangogh\Vincent_van_Gogh_533.jpg,1,train
data\positives\vangogh\Vincent_van_Gogh_217.jpg,1,train
data\negatives\Alfred_Sisley_42.jpg,0,train
data\positives\vangogh\Vincent_van_Gogh_746.jpg,1,train
data\negatives\Gustav_Klimt_9.jpg,0,train
data\negatives\Alfred_Sisley_170.jpg,0,train
data\negatives\Titian_105.jpg,0,train
data\negatives\Gustav_Klimt_27.jpg,0,train
data\negatives\Edouard_Manet_6.jpg,0,train
data\negatives\Edgar_Degas_284.jpg,0,train
data\negatives\Claude_Monet_7.jpg,0,train
data\positives\vangogh\Vincent_van_Gogh_514.jpg,1,train
data\negatives\Pierre-Auguste_Renoir_134.jpg,0,train
data\negatives\Camille_Pissarro_55.jpg,0,train
data\negatives\Amedeo_Modigliani_172.jpg,0,train
data\positives\vangogh\Vincent_van_Gogh_780.jpg,1,train
data\negatives\Edvard_Munch_56.jpg,0,train
data\negatives\Mikhail_Vrubel_75.jpg,0,train
data\positives\vangogh\Vincent_van_Gogh_448.jpg,1,train
data\negatives\Edgar_Degas_52.jpg,0,train
data\negatives\Georges_Seurat_24.jpg,0,train
data\negatives\Pierre-Auguste_Renoir_207.jpg,0,train
data\positives\vangogh\Vincent_van_Gogh_474.jpg,1,train
data\negatives\Alfred_Sisley_249.jpg,0,train
data\positives\vangogh\Vincent_van_Gogh_162.jpg,1,train
data\positives\vangogh\Vincent_van_Gogh_305.jpg,1,train
data\negatives\Amedeo_Modigliani_122.jpg,0,train
data\negatives\Kazimir_Malevich_72.jpg,0,train
data\positives\vangogh\Vincent_van_Gogh_397.jpg,1,train
data\negatives\Albrecht_Du╠êrer_96.jpg,0,train
data\negatives\Pierre-Auguste_Renoir_277.jpg,0,train
data\positives\vangogh\Vincent_van_Gogh_684.jpg,1,train
data\positives\vangogh\Vincent_van_Gogh_838.jpg,1,train
data\negatives\Pierre-Auguste_Renoir_287.jpg,0,train
data\positives\vangogh\Vincent_van_Gogh_655.jpg,1,train
data\negatives\Pierre-Auguste_Renoir_200.jpg,0,train
data\negatives\Amedeo_Modigliani_84.jpg,0,train
data\positives\vangogh\Vincent_van_Gogh_497.jpg,1,train
data\negatives\Mikhail_Vrubel_103.jpg,0,train
data\negatives\Diego_Rivera_53.jpg,0,train
data\negatives\Albrecht_Du╠êrer_31.jpg,0,train
data\negatives\Paul_Cezanne_29.jpg,0,train
data\positives\vangogh\Vincent_van_Gogh_664.jpg,1,train
data\positives\vangogh\Vincent_van_Gogh_221.jpg,1,train
data\negatives\Edouard_Manet_73.jpg,0,train
data\positives\vangogh\Vincent_van_Gogh_602.jpg,1,train
data\negatives\Henri_Matisse_115.jpg,0,train
data\negatives\Mikhail_Vrubel_44.jpg,0,train
data\negatives\Alfred_Sisley_114.jpg,0,train
data\negatives\Giotto_di_Bondone_111.jpg,0,train
data\negatives\Albrecht_Du╠êrer_22.jpg,0,train
data\negatives\Edvard_Munch_43.jpg,0,train
data\negatives\Raphael_2.jpg,0,train
data\negatives\Edgar_Degas_438.jpg,0,train
data\negatives\Rene_Magritte_46.jpg,0,train
data\positives\vangogh\Vincent_van_Gogh_460.jpg,1,train
data\positives\vangogh\Vincent_van_Gogh_860.jpg,1,train
data\positives\vangogh\Vincent_van_Gogh_213.jpg,1,train
data\negatives\Sandro_Botticelli_112.jpg,0,train
data\negatives\Alfred_Sisley_134.jpg,0,train
data\positives\vangogh\Vincent_van_Gogh_704.jpg,1,train
data\positives\vangogh\Vincent_van_Gogh_618.jpg,1,train
data\negatives\Paul_Gauguin_232.jpg,0,train
data\positives\vangogh\Vincent_van_Gogh_610.jpg,1,train
data\negatives\Edgar_Degas_227.jpg,0,train
data\negatives\Alfred_Sisley_87.jpg,0,train
data\negatives\Edouard_Manet_43.jpg,0,train
data\positives\vangogh\Vincent_van_Gogh_677.jpg,1,train
data\negatives\Edvard_Munch_7.jpg,0,train
data\positives\vangogh\Vincent_van_Gogh_467.jpg,1,train
data\negatives\Pierre-Auguste_Renoir_258.jpg,0,train
data\negatives\Edouard_Manet_86.jpg,0,train
data\positives\vangogh\Vincent_van_Gogh_740.jpg,1,train
data\positives\vangogh\Vincent_van_Gogh_125.jpg,1,train
data\negatives\Camille_Pissarro_3.jpg,0,train
data\positives\vangogh\Vincent_van_Gogh_601.jpg,1,train
data\negatives\Paul_Gauguin_15.jpg,0,train
data\positives\vangogh\Vincent_van_Gogh_660.jpg,1,train
data\negatives\Amedeo_Modigliani_155.jpg,0,train
data\negatives\Henri_Matisse_51.jpg,0,train
data\negatives\Rene_Magritte_51.jpg,0,train
data\negatives\Pierre-Auguste_Renoir_70.jpg,0,train
data\positives\vangogh\Vincent_van_Gogh_537.jpg,1,train
data\negatives\Edgar_Degas_383.jpg,0,train
data\positives\vangogh\Vincent_van_Gogh_786.jpg,1,train
data\positives\vangogh\Vincent_van_Gogh_369.jpg,1,train
data\positives\vangogh\Vincent_van_Gogh_77.jpg,1,train
data\negatives\Vasiliy_Kandinskiy_32.jpg,0,train
data\negatives\Raphael_59.jpg,0,train
data\positives\vangogh\Vincent_van_Gogh_78.jpg,1,train
data\negatives\Jan_van_Eyck_81.jpg,0,train
data\positives\vangogh\Vincent_van_Gogh_64.jpg,1,train
data\negatives\Alfred_Sisley_31.jpg,0,train
data\negatives\Leonardo_da_Vinci_76.jpg,0,train
data\positives\vangogh\Vincent_van_Gogh_585.jpg,1,train
data\negatives\Andy_Warhol_13.jpg,0,train
data\positives\vangogh\Vincent_van_Gogh_151.jpg,1,train
data\negatives\Pierre-Auguste_Renoir_164.jpg,0,train
data\negatives\Sandro_Botticelli_53.jpg,0,train
data\positives\vangogh\Vincent_van_Gogh_379.jpg,1,train
data\negatives\Paul_Gauguin_258.jpg,0,train
data\positives\vangogh\Vincent_van_Gogh_135.jpg,1,train
data\positives\vangogh\Vincent_van_Gogh_820.jpg,1,train
data\positives\vangogh\Vincent_van_Gogh_142.jpg,1,train
data\negatives\Alfred_Sisley_18.jpg,0,train
data\negatives\Marc_Chagall_62.jpg,0,train
data\negatives\Gustav_Klimt_62.jpg,0,train
data\negatives\Claude_Monet_58.jpg,0,train
data\positives\vangogh\Vincent_van_Gogh_80.jpg,1,train
data\negatives\Paul_Gauguin_76.jpg,0,train
data\positives\vangogh\Vincent_van_Gogh_678.jpg,1,train
data\negatives\Mikhail_Vrubel_79.jpg,0,train
data\negatives\William_Turner_25.jpg,0,train
data\positives\vangogh\Vincent_van_Gogh_810.jpg,1,train
data\negatives\Claude_Monet_39.jpg,0,train
data\positives\vangogh\Vincent_van_Gogh_464.jpg,1,train
data\negatives\Michelangelo_15.jpg,0,train
data\positives\vangogh\Vincent_van_Gogh_211.jpg,1,train
data\negatives\Pierre-Auguste_Renoir_37.jpg,0,train
data\positives\vangogh\Vincent_van_Gogh_361.jpg,1,train
data\negatives\Paul_Klee_133.jpg,0,train
data\negatives\Paul_Gauguin_225.jpg,0,train
data\negatives\Alfred_Sisley_149.jpg,0,train
data\positives\vangogh\Vincent_van_Gogh_281.jpg,1,train
data\positives\vangogh\Vincent_van_Gogh_187.jpg,1,train
data\negatives\Amedeo_Modigliani_24.jpg,0,train
data\negatives\Edgar_Degas_268.jpg,0,train
data\negatives\Gustav_Klimt_112.jpg,0,train
data\negatives\Henri_de_Toulouse-Lautrec_23.jpg,0,train
data\negatives\Albrecht_Du╠êrer_111.jpg,0,train
data\negatives\Diego_Velazquez_116.jpg,0,train
data\positives\vangogh\Vincent_van_Gogh_625.jpg,1,train
data\negatives\Kazimir_Malevich_93.jpg,0,train
data\negatives\Camille_Pissarro_70.jpg,0,train
data\negatives\Amedeo_Modigliani_159.jpg,0,train
data\positives\vangogh\Vincent_van_Gogh_606.jpg,1,train
data\positives\vangogh\Vincent_van_Gogh_730.jpg,1,train
data\negatives\Rembrandt_122.jpg,0,train
data\positives\vangogh\Vincent_van_Gogh_109.jpg,1,train
data\negatives\Paul_Gauguin_2.jpg,0,train
data\negatives\Andrei_Rublev_28.jpg,0,train
data\positives\vangogh\Vincent_van_Gogh_426.jpg,1,train
data\negatives\Alfred_Sisley_99.jpg,0,train
data\negatives\Michelangelo_41.jpg,0,train
data\positives\vangogh\Vincent_van_Gogh_29.jpg,1,train
data\positives\vangogh\Vincent_van_Gogh_83.jpg,1,train
data\negatives\Edgar_Degas_42.jpg,0,train
data\negatives\Edgar_Degas_532.jpg,0,train
data\negatives\Hieronymus_Bosch_52.jpg,0,train
data\negatives\Pierre-Auguste_Renoir_214.jpg,0,train
data\negatives\Kazimir_Malevich_25.jpg,0,train
data\negatives\Alfred_Sisley_194.jpg,0,train
data\negatives\Pierre-Auguste_Renoir_185.jpg,0,train
data\negatives\Titian_78.jpg,0,train
data\positives\vangogh\Vincent_van_Gogh_800.jpg,1,train
data\negatives\Sandro_Botticelli_76.jpg,0,train
data\negatives\Paul_Gauguin_283.jpg,0,train
data\negatives\Henri_Rousseau_14.jpg,0,train
data\positives\vangogh\Vincent_van_Gogh_449.jpg,1,train
data\positives\vangogh\Vincent_van_Gogh_813.jpg,1,train
data\positives\vangogh\Vincent_van_Gogh_617.jpg,1,train
data\negatives\Marc_Chagall_221.jpg,0,train
data\negatives\Andy_Warhol_109.jpg,0,train
data\positives\vangogh\Vincent_van_Gogh_553.jpg,1,train
data\positives\vangogh\Vincent_van_Gogh_592.jpg,1,train
data\negatives\Claude_Monet_45.jpg,0,train
data\negatives\Andrei_Rublev_40.jpg,0,train
data\negatives\Gustav_Klimt_25.jpg,0,train
data\negatives\Kazimir_Malevich_28.jpg,0,train
data\positives\vangogh\Vincent_van_Gogh_652.jpg,1,train
data\negatives\Pierre-Auguste_Renoir_18.jpg,0,train
data\positives\vangogh\Vincent_van_Gogh_210.jpg,1,train
data\positives\vangogh\Vincent_van_Gogh_723.jpg,1,train
data\positives\vangogh\Vincent_van_Gogh_708.jpg,1,train
data\negatives\Camille_Pissarro_59.jpg,0,train
data\positives\vangogh\Vincent_van_Gogh_72.jpg,1,train
data\positives\vangogh\Vincent_van_Gogh_749.jpg,1,train
data\positives\vangogh\Vincent_van_Gogh_121.jpg,1,train
data\negatives\Paul_Gauguin_298.jpg,0,train
data\negatives\Paul_Gauguin_78.jpg,0,train
data\negatives\Claude_Monet_56.jpg,0,train
data\positives\vangogh\Vincent_van_Gogh_689.jpg,1,train
data\negatives\Francisco_Goya_164.jpg,0,train
data\negatives\Pierre-Auguste_Renoir_281.jpg,0,train
data\negatives\Alfred_Sisley_118.jpg,0,train
data\negatives\Henri_de_Toulouse-Lautrec_14.jpg,0,train
data\positives\vangogh\Vincent_van_Gogh_851.jpg,1,train
data\negatives\Camille_Pissarro_46.jpg,0,train
data\negatives\Mikhail_Vrubel_67.jpg,0,train
data\negatives\Paul_Gauguin_27.jpg,0,train
data\negatives\Sandro_Botticelli_6.jpg,0,train
data\negatives\Edgar_Degas_10.jpg,0,train
data\positives\vangogh\Vincent_van_Gogh_865.jpg,1,train
data\positives\vangogh\Vincent_van_Gogh_747.jpg,1,train
data\positives\vangogh\Vincent_van_Gogh_233.jpg,1,train
data\negatives\Edgar_Degas_633.jpg,0,train
data\negatives\Frida_Kahlo_9.jpg,0,train
data\positives\vangogh\Vincent_van_Gogh_457.jpg,1,train
data\negatives\Pierre-Auguste_Renoir_159.jpg,0,train
data\negatives\Gustav_Klimt_41.jpg,0,train
data\negatives\Alfred_Sisley_226.jpg,0,train
data\positives\vangogh\Vincent_van_Gogh_311.jpg,1,train
data\positives\vangogh\Vincent_van_Gogh_695.jpg,1,train
data\negatives\Edgar_Degas_229.jpg,0,train
data\negatives\Marc_Chagall_214.jpg,0,train
data\negatives\Pierre-Auguste_Renoir_151.jpg,0,train
data\negatives\Paul_Gauguin_72.jpg,0,train
data\positives\vangogh\Vincent_van_Gogh_298.jpg,1,train
data\negatives\Albrecht_Du╠êrer_187.jpg,0,train
data\negatives\Pierre-Auguste_Renoir_54.jpg,0,train
data\negatives\Diego_Velazquez_91.jpg,0,train
data\negatives\Paul_Gauguin_46.jpg,0,train
data\positives\vangogh\Vincent_van_Gogh_49.jpg,1,train
data\negatives\Marc_Chagall_36.jpg,0,train
data\positives\vangogh\Vincent_van_Gogh_250.jpg,1,train
data\negatives\Sandro_Botticelli_49.jpg,0,train
data\negatives\Pierre-Auguste_Renoir_310.jpg,0,train
data\negatives\Frida_Kahlo_21.jpg,0,train
data\positives\vangogh\Vincent_van_Gogh_759.jpg,1,train
data\positives\vangogh\Vincent_van_Gogh_406.jpg,1,train
data\negatives\Pierre-Auguste_Renoir_101.jpg,0,train
data\negatives\Pablo_Picasso_216.jpg,0,train
data\negatives\Pablo_Picasso_165.jpg,0,train
data\positives\vangogh\Vincent_van_Gogh_161.jpg,1,train
data\negatives\Albrecht_Du╠êrer_130.jpg,0,train
data\positives\vangogh\Vincent_van_Gogh_793.jpg,1,train
data\positives\vangogh\Vincent_van_Gogh_588.jpg,1,train
data\negatives\Gustav_Klimt_80.jpg,0,train
data\positives\vangogh\Vincent_van_Gogh_557.jpg,1,train
data\positives\vangogh\Vincent_van_Gogh_198.jpg,1,train
data\negatives\Titian_69.jpg,0,train
data\negatives\Henri_Matisse_72.jpg,0,train
data\negatives\Marc_Chagall_106.jpg,0,train
data\positives\vangogh\Vincent_van_Gogh_455.jpg,1,train
data\positives\vangogh\Vincent_van_Gogh_167.jpg,1,train
data\negatives\Hieronymus_Bosch_34.jpg,0,train
data\negatives\Edvard_Munch_14.jpg,0,train
data\positives\vangogh\Vincent_van_Gogh_805.jpg,1,train
data\negatives\Gustav_Klimt_96.jpg,0,train
data\positives\vangogh\Vincent_van_Gogh_339.jpg,1,train
data\positives\vangogh\Vincent_van_Gogh_177.jpg,1,train
data\negatives\Alfred_Sisley_112.jpg,0,train
data\positives\vangogh\Vincent_van_Gogh_405.jpg,1,train
data\positives\vangogh\Vincent_van_Gogh_531.jpg,1,train
data\negatives\Pablo_Picasso_373.jpg,0,train
data\negatives\Alfred_Sisley_135.jpg,0,train
data\positives\vangogh\Vincent_van_Gogh_73.jpg,1,train
data\positives\vangogh\Vincent_van_Gogh_650.jpg,1,train
data\negatives\Pierre-Auguste_Renoir_202.jpg,0,train
data\positives\vangogh\Vincent_van_Gogh_867.jpg,1,train
data\negatives\Amedeo_Modigliani_93.jpg,0,train
data\negatives\Marc_Chagall_137.jpg,0,train
data\negatives\Andrei_Rublev_15.jpg,0,train
data\positives\vangogh\Vincent_van_Gogh_90.jpg,1,train
data\positives\vangogh\Vincent_van_Gogh_69.jpg,1,train
data\positives\vangogh\Vincent_van_Gogh_137.jpg,1,train
data\negatives\Camille_Pissarro_90.jpg,0,train
data\positives\vangogh\Vincent_van_Gogh_591.jpg,1,train
data\positives\vangogh\Vincent_van_Gogh_538.jpg,1,train
data\negatives\Pierre-Auguste_Renoir_65.jpg,0,train
data\negatives\Francisco_Goya_241.jpg,0,train
data\negatives\Diego_Velazquez_74.jpg,0,train
data\positives\vangogh\Vincent_van_Gogh_666.jpg,1,train
data\negatives\Edgar_Degas_638.jpg,0,train
data\negatives\Edgar_Degas_259.jpg,0,train
data\negatives\Alfred_Sisley_233.jpg,0,train
data\negatives\Alfred_Sisley_138.jpg,0,train
data\positives\vangogh\Vincent_van_Gogh_540.jpg,1,train
data\positives\vangogh\Vincent_van_Gogh_75.jpg,1,train
data\positives\vangogh\Vincent_van_Gogh_828.jpg,1,train
data\negatives\Edgar_Degas_496.jpg,0,train
data\negatives\Edgar_Degas_450.jpg,0,train
data\positives\vangogh\Vincent_van_Gogh_123.jpg,1,train
data\negatives\Alfred_Sisley_218.jpg,0,train
data\positives\vangogh\Vincent_van_Gogh_136.jpg,1,train
data\negatives\Paul_Gauguin_186.jpg,0,train
data\negatives\Pierre-Auguste_Renoir_78.jpg,0,train
data\negatives\Pieter_Bruegel_63.jpg,0,train
data\negatives\Pablo_Picasso_49.jpg,0,train
data\positives\vangogh\Vincent_van_Gogh_63.jpg,1,train
data\negatives\Claude_Monet_27.jpg,0,train
data\negatives\Pablo_Picasso_164.jpg,0,train
data\negatives\Rene_Magritte_30.jpg,0,train
data\negatives\Albrecht_Du╠êrer_214.jpg,0,train
data\negatives\Claude_Monet_34.jpg,0,train
data\positives\vangogh\Vincent_van_Gogh_157.jpg,1,train
data\positives\vangogh\Vincent_van_Gogh_496.jpg,1,train
data\negatives\Piet_Mondrian_19.jpg,0,train
data\positives\vangogh\Vincent_van_Gogh_450.jpg,1,train
data\negatives\Kazimir_Malevich_66.jpg,0,train
data\positives\vangogh\Vincent_van_Gogh_386.jpg,1,train
data\negatives\Albrecht_Du╠êrer_204.jpg,0,train
data\negatives\Marc_Chagall_152.jpg,0,train
data\negatives\Edgar_Degas_54.jpg,0,train
data\negatives\Paul_Gauguin_33.jpg,0,train
data\negatives\Titian_101.jpg,0,train
data\positives\vangogh\Vincent_van_Gogh_192.jpg,1,train
data\positives\vangogh\Vincent_van_Gogh_107.jpg,1,train
data\positives\vangogh\Vincent_van_Gogh_110.jpg,1,train
data\positives\vangogh\Vincent_van_Gogh_651.jpg,1,train
data\negatives\Alfred_Sisley_127.jpg,0,train
data\positives\vangogh\Vincent_van_Gogh_403.jpg,1,train
data\negatives\Pablo_Picasso_411.jpg,0,train
data\positives\vangogh\Vincent_van_Gogh_292.jpg,1,train
data\negatives\Giotto_di_Bondone_95.jpg,0,train
data\positives\vangogh\Vincent_van_Gogh_38.jpg,1,train
data\positives\vangogh\Vincent_van_Gogh_627.jpg,1,train
data\positives\vangogh\Vincent_van_Gogh_721.jpg,1,train
data\negatives\Andy_Warhol_94.jpg,0,train
data\negatives\El_Greco_5.jpg,0,train
data\negatives\Pablo_Picasso_143.jpg,0,train
data\positives\vangogh\Vincent_van_Gogh_343.jpg,1,train
data\negatives\Hieronymus_Bosch_127.jpg,0,train
data\negatives\Peter_Paul_Rubens_32.jpg,0,train
data\negatives\Albrecht_Du╠êrer_303.jpg,0,train
data\positives\vangogh\Vincent_van_Gogh_756.jpg,1,train
data\negatives\Albrecht_Du╠êrer_237.jpg,0,train
data\positives\vangogh\Vincent_van_Gogh_790.jpg,1,train
data\negatives\Paul_Gauguin_229.jpg,0,train
data\positives\vangogh\Vincent_van_Gogh_846.jpg,1,train
data\positives\vangogh\Vincent_van_Gogh_241.jpg,1,train
data\positives\vangogh\Vincent_van_Gogh_693.jpg,1,train
data\negatives\Alfred_Sisley_92.jpg,0,train
data\negatives\Henri_Matisse_159.jpg,0,train
data\positives\vangogh\Vincent_van_Gogh_229.jpg,1,train
data\negatives\Marc_Chagall_223.jpg,0,train
data\positives\vangogh\Vincent_van_Gogh_767.jpg,1,train
data\negatives\Edgar_Degas_418.jpg,0,train
data\negatives\Salvador_Dali_119.jpg,0,train
data\positives\vangogh\Vincent_van_Gogh_861.jpg,1,train
data\positives\vangogh\Vincent_van_Gogh_478.jpg,1,train
data\negatives\Francisco_Goya_117.jpg,0,train
data\positives\vangogh\Vincent_van_Gogh_669.jpg,1,train
data\positives\vangogh\Vincent_van_Gogh_577.jpg,1,train
data\positives\vangogh\Vincent_van_Gogh_862.jpg,1,train
data\negatives\Piet_Mondrian_26.jpg,0,train
data\negatives\Alfred_Sisley_147.jpg,0,train
data\negatives\Henri_Matisse_23.jpg,0,train
data\negatives\Rembrandt_240.jpg,0,train
data\negatives\Alfred_Sisley_213.jpg,0,train
data\negatives\Joan_Miro_12.jpg,0,train
data\negatives\Pablo_Picasso_218.jpg,0,train
data\positives\vangogh\Vincent_van_Gogh_491.jpg,1,train
data\positives\vangogh\Vincent_van_Gogh_1.jpg,1,train
data\negatives\William_Turner_28.jpg,0,train
data\negatives\Paul_Gauguin_14.jpg,0,train
data\negatives\Rembrandt_46.jpg,0,train
data\negatives\Claude_Monet_14.jpg,0,train
data\negatives\Pierre-Auguste_Renoir_165.jpg,0,train
data\positives\vangogh\Vincent_van_Gogh_372.jpg,1,train
data\positives\vangogh\Vincent_van_Gogh_554.jpg,1,train
data\negatives\Alfred_Sisley_119.jpg,0,train
data\positives\vangogh\Vincent_van_Gogh_752.jpg,1,train
data\negatives\Henri_Matisse_91.jpg,0,train
data\positives\vangogh\Vincent_van_Gogh_170.jpg,1,train
data\negatives\Albrecht_Du╠êrer_277.jpg,0,train
data\negatives\Edgar_Degas_134.jpg,0,train
data\positives\vangogh\Vincent_van_Gogh_744.jpg,1,train
data\positives\vangogh\Vincent_van_Gogh_226.jpg,1,train
data\negatives\Camille_Pissarro_35.jpg,0,train
data\negatives\Gustave_Courbet_48.jpg,0,train
data\negatives\Francisco_Goya_166.jpg,0,train
data\positives\vangogh\Vincent_van_Gogh_102.jpg,1,train
data\negatives\Camille_Pissarro_18.jpg,0,train
data\positives\vangogh\Vincent_van_Gogh_608.jpg,1,train
data\positives\vangogh\Vincent_van_Gogh_432.jpg,1,train
data\negatives\Pierre-Auguste_Renoir_7.jpg,0,train
data\negatives\Vasiliy_Kandinskiy_82.jpg,0,train
data\negatives\Titian_145.jpg,0,train
data\negatives\Paul_Gauguin_115.jpg,0,train
data\negatives\Claude_Monet_43.jpg,0,train
data\positives\vangogh\Vincent_van_Gogh_738.jpg,1,train
data\positives\vangogh\Vincent_van_Gogh_494.jpg,1,train
data\negatives\Pablo_Picasso_100.jpg,0,train
data\positives\vangogh\Vincent_van_Gogh_500.jpg,1,train
data\negatives\Edgar_Degas_291.jpg,0,train
data\negatives\Gustav_Klimt_16.jpg,0,train
data\positives\vangogh\Vincent_van_Gogh_100.jpg,1,train
data\negatives\Henri_Matisse_130.jpg,0,train
data\negatives\Paul_Gauguin_149.jpg,0,train
data\negatives\Camille_Pissarro_75.jpg,0,train
data\positives\vangogh\Vincent_van_Gogh_550.jpg,1,train
data\negatives\Piet_Mondrian_22.jpg,0,train
data\positives\vangogh\Vincent_van_Gogh_674.jpg,1,train
data\negatives\Andy_Warhol_50.jpg,0,train
data\negatives\Pierre-Auguste_Renoir_206.jpg,0,train
data\positives\vangogh\Vincent_van_Gogh_263.jpg,1,train
data\positives\vangogh\Vincent_van_Gogh_529.jpg,1,train
data\positives\vangogh\Vincent_van_Gogh_362.jpg,1,train
data\negatives\Paul_Gauguin_58.jpg,0,train
data\positives\vangogh\Vincent_van_Gogh_487.jpg,1,train
data\negatives\Titian_200.jpg,0,train
data\negatives\Paul_Gauguin_129.jpg,0,train
data\negatives\Alfred_Sisley_229.jpg,0,train
data\positives\vangogh\Vincent_van_Gogh_103.jpg,1,train
data\negatives\Edgar_Degas_58.jpg,0,train
data\negatives\Leonardo_da_Vinci_56.jpg,0,train
data\negatives\Paul_Gauguin_271.jpg,0,train
data\negatives\Vasiliy_Kandinskiy_51.jpg,0,train
data\positives\vangogh\Vincent_van_Gogh_56.jpg,1,train
data\negatives\Amedeo_Modigliani_2.jpg,0,train
data\negatives\Piet_Mondrian_76.jpg,0,train
data\negatives\Jackson_Pollock_15.jpg,0,train
data\negatives\Pierre-Auguste_Renoir_108.jpg,0,train
data\positives\vangogh\Vincent_van_Gogh_459.jpg,1,train
data\positives\vangogh\Vincent_van_Gogh_259.jpg,1,train
data\negatives\Pablo_Picasso_202.jpg,0,train
data\positives\vangogh\Vincent_van_Gogh_485.jpg,1,train
data\positives\vangogh\Vincent_van_Gogh_522.jpg,1,train
data\positives\vangogh\Vincent_van_Gogh_346.jpg,1,train
data\positives\vangogh\Vincent_van_Gogh_636.jpg,1,train
data\negatives\Amedeo_Modigliani_148.jpg,0,train
data\positives\vangogh\Vincent_van_Gogh_44.jpg,1,train
data\negatives\Marc_Chagall_196.jpg,0,train
data\negatives\Pierre-Auguste_Renoir_23.jpg,0,train
data\negatives\Gustav_Klimt_77.jpg,0,train
data\negatives\Andy_Warhol_35.jpg,0,train
data\positives\vangogh\Vincent_van_Gogh_875.jpg,1,train
data\negatives\Edgar_Degas_60.jpg,0,train
data\negatives\Pablo_Picasso_419.jpg,0,train
data\positives\vangogh\Vincent_van_Gogh_119.jpg,1,train
data\negatives\Pablo_Picasso_101.jpg,0,train
data\negatives\Pablo_Picasso_346.jpg,0,train
data\negatives\Pablo_Picasso_161.jpg,0,train
data\negatives\Alfred_Sisley_37.jpg,0,train
data\negatives\Andy_Warhol_64.jpg,0,train
data\positives\vangogh\Vincent_van_Gogh_679.jpg,1,train
data\negatives\Peter_Paul_Rubens_86.jpg,0,train
data\negatives\Gustave_Courbet_58.jpg,0,train
data\positives\vangogh\Vincent_van_Gogh_289.jpg,1,train
data\negatives\Paul_Gauguin_25.jpg,0,train
data\negatives\Alfred_Sisley_171.jpg,0,train
data\negatives\Paul_Gauguin_98.jpg,0,train
data\positives\vangogh\Vincent_van_Gogh_269.jpg,1,train
data\positives\vangogh\Vincent_van_Gogh_852.jpg,1,train
data\negatives\Albrecht_Du╠êrer_24.jpg,0,train
data\negatives\Georges_Seurat_12.jpg,0,train
data\positives\vangogh\Vincent_van_Gogh_240.jpg,1,train
data\negatives\Paul_Gauguin_245.jpg,0,train
data\negatives\Pablo_Picasso_114.jpg,0,train
data\negatives\Claude_Monet_32.jpg,0,train
data\negatives\Marc_Chagall_168.jpg,0,train
data\negatives\Alfred_Sisley_102.jpg,0,train
data\negatives\Edgar_Degas_663.jpg,0,train
data\positives\vangogh\Vincent_van_Gogh_858.jpg,1,train
data\negatives\Pieter_Bruegel_78.jpg,0,train
data\negatives\Amedeo_Modigliani_119.jpg,0,train
data\positives\vangogh\Vincent_van_Gogh_698.jpg,1,train
data\positives\vangogh\Vincent_van_Gogh_766.jpg,1,train
data\negatives\Paul_Gauguin_277.jpg,0,train
data\negatives\Albrecht_Du╠êrer_47.jpg,0,train
data\positives\vangogh\Vincent_van_Gogh_353.jpg,1,train
data\negatives\Edgar_Degas_401.jpg,0,train
data\negatives\Marc_Chagall_41.jpg,0,train
data\negatives\Giotto_di_Bondone_21.jpg,0,train
data\positives\vangogh\Vincent_van_Gogh_249.jpg,1,train
data\positives\vangogh\Vincent_van_Gogh_332.jpg,1,train
data\negatives\Amedeo_Modigliani_19.jpg,0,train
data\negatives\El_Greco_64.jpg,0,train
data\positives\vangogh\Vincent_van_Gogh_368.jpg,1,train
data\negatives\Titian_136.jpg,0,train
data\negatives\Vasiliy_Kandinskiy_73.jpg,0,train
data\positives\vangogh\Vincent_van_Gogh_139.jpg,1,train
data\negatives\Pieter_Bruegel_6.jpg,0,train
data\positives\vangogh\Vincent_van_Gogh_850.jpg,1,train
data\positives\vangogh\Vincent_van_Gogh_317.jpg,1,train
data\negatives\Salvador_Dali_50.jpg,0,train
data\negatives\Alfred_Sisley_187.jpg,0,train
data\negatives\Alfred_Sisley_177.jpg,0,train
data\positives\vangogh\Vincent_van_Gogh_318.jpg,1,train
data\negatives\Edouard_Manet_5.jpg,0,train
data\negatives\Alfred_Sisley_67.jpg,0,train
data\positives\vangogh\Vincent_van_Gogh_552.jpg,1,train
data\positives\vangogh\Vincent_van_Gogh_615.jpg,1,train
data\negatives\Pablo_Picasso_363.jpg,0,train
data\negatives\Pablo_Picasso_410.jpg,0,train
data\negatives\Paul_Gauguin_278.jpg,0,train
data\negatives\Raphael_19.jpg,0,train
data\negatives\Alfred_Sisley_55.jpg,0,train
data\positives\vangogh\Vincent_van_Gogh_315.jpg,1,train
data\negatives\Camille_Pissarro_85.jpg,0,train
data\negatives\Paul_Gauguin_273.jpg,0,train
data\positives\vangogh\Vincent_van_Gogh_469.jpg,1,train
data\positives\vangogh\Vincent_van_Gogh_524.jpg,1,train
data\negatives\Raphael_98.jpg,0,train
data\positives\vangogh\Vincent_van_Gogh_319.jpg,1,train
data\negatives\Paul_Gauguin_160.jpg,0,train
data\positives\vangogh\Vincent_van_Gogh_53.jpg,1,train
data\negatives\El_Greco_40.jpg,0,train
data\negatives\Alfred_Sisley_5.jpg,0,train
data\negatives\Edgar_Degas_394.jpg,0,train
data\positives\vangogh\Vincent_van_Gogh_326.jpg,1,train
data\positives\vangogh\Vincent_van_Gogh_742.jpg,1,train
data\negatives\Gustave_Courbet_52.jpg,0,train
data\negatives\Vasiliy_Kandinskiy_3.jpg,0,train
data\positives\vangogh\Vincent_van_Gogh_490.jpg,1,train
data\positives\vangogh\Vincent_van_Gogh_556.jpg,1,train
data\positives\vangogh\Vincent_van_Gogh_620.jpg,1,train
data\negatives\Paul_Klee_132.jpg,0,train
data\negatives\Vasiliy_Kandinskiy_69.jpg,0,train
data\positives\vangogh\Vincent_van_Gogh_111.jpg,1,train
data\negatives\Pierre-Auguste_Renoir_215.jpg,0,train
data\positives\vangogh\Vincent_van_Gogh_260.jpg,1,train
data\positives\vangogh\Vincent_van_Gogh_93.jpg,1,train
data\negatives\Alfred_Sisley_60.jpg,0,train
data\negatives\Rembrandt_219.jpg,0,train
data\negatives\Alfred_Sisley_107.jpg,0,train
data\positives\vangogh\Vincent_van_Gogh_282.jpg,1,train
data\negatives\Andrei_Rublev_4.jpg,0,train
data\negatives\Kazimir_Malevich_33.jpg,0,train
data\positives\vangogh\Vincent_van_Gogh_193.jpg,1,train
data\positives\vangogh\Vincent_van_Gogh_296.jpg,1,train
data\positives\vangogh\Vincent_van_Gogh_382.jpg,1,train
data\negatives\Pierre-Auguste_Renoir_230.jpg,0,train
data\positives\vangogh\Vincent_van_Gogh_621.jpg,1,train
data\negatives\Alfred_Sisley_30.jpg,0,train
data\positives\vangogh\Vincent_van_Gogh_762.jpg,1,train
data\positives\vangogh\Vincent_van_Gogh_518.jpg,1,train
data\negatives\Alfred_Sisley_32.jpg,0,train
data\negatives\Claude_Monet_67.jpg,0,train
data\negatives\Pierre-Auguste_Renoir_255.jpg,0,train
data\positives\vangogh\Vincent_van_Gogh_545.jpg,1,train
data\negatives\Paul_Gauguin_124.jpg,0,train
data\positives\vangogh\Vincent_van_Gogh_483.jpg,1,train
data\negatives\Paul_Gauguin_19.jpg,0,train
data\positives\vangogh\Vincent_van_Gogh_829.jpg,1,train
data\negatives\Alfred_Sisley_224.jpg,0,train
data\negatives\Henri_Matisse_114.jpg,0,train
data\negatives\Claude_Monet_3.jpg,0,train
data\positives\vangogh\Vincent_van_Gogh_388.jpg,1,train
data\negatives\Salvador_Dali_22.jpg,0,train
data\negatives\Paul_Klee_2.jpg,0,train
data\negatives\Georges_Seurat_19.jpg,0,train
data\negatives\Marc_Chagall_158.jpg,0,train
data\positives\vangogh\Vincent_van_Gogh_94.jpg,1,train
data\negatives\Pierre-Auguste_Renoir_138.jpg,0,train
data\positives\vangogh\Vincent_van_Gogh_180.jpg,1,train
data\negatives\Piet_Mondrian_31.jpg,0,train
data\negatives\Pablo_Picasso_112.jpg,0,train
data\negatives\Edgar_Degas_47.jpg,0,train
data\negatives\Mikhail_Vrubel_86.jpg,0,train
data\positives\vangogh\Vincent_van_Gogh_367.jpg,1,train
data\positives\vangogh\Vincent_van_Gogh_159.jpg,1,train
data\negatives\Alfred_Sisley_21.jpg,0,train
data\negatives\Giotto_di_Bondone_13.jpg,0,train
data\positives\vangogh\Vincent_van_Gogh_831.jpg,1,train
data\negatives\Albrecht_Du╠êrer_300.jpg,0,train
data\negatives\Francisco_Goya_36.jpg,0,train
data\negatives\Eugene_Delacroix_24.jpg,0,train
data\negatives\Alfred_Sisley_91.jpg,0,train
data\positives\vangogh\Vincent_van_Gogh_614.jpg,1,train
data\positives\vangogh\Vincent_van_Gogh_607.jpg,1,train
data\negatives\Alfred_Sisley_247.jpg,0,train
data\negatives\Pierre-Auguste_Renoir_64.jpg,0,train
data\negatives\Alfred_Sisley_175.jpg,0,train
data\negatives\Pierre-Auguste_Renoir_27.jpg,0,train
data\positives\vangogh\Vincent_van_Gogh_420.jpg,1,train
data\negatives\Paul_Gauguin_118.jpg,0,train
data\negatives\Rembrandt_95.jpg,0,train
data\negatives\Pablo_Picasso_229.jpg,0,train
data\negatives\Pierre-Auguste_Renoir_319.jpg,0,train
data\negatives\Alfred_Sisley_94.jpg,0,train
data\negatives\Piet_Mondrian_62.jpg,0,train
data\negatives\Alfred_Sisley_254.jpg,0,train
data\negatives\Alfred_Sisley_192.jpg,0,train
data\positives\vangogh\Vincent_van_Gogh_212.jpg,1,train
data\positives\vangogh\Vincent_van_Gogh_160.jpg,1,train
data\positives\vangogh\Vincent_van_Gogh_363.jpg,1,train
data\negatives\Diego_Velazquez_50.jpg,0,train
data\negatives\Georges_Seurat_38.jpg,0,train
data\negatives\Andy_Warhol_141.jpg,0,train
data\positives\vangogh\Vincent_van_Gogh_809.jpg,1,train
data\negatives\Eugene_Delacroix_3.jpg,0,train
data\negatives\Pablo_Picasso_199.jpg,0,train
data\positives\vangogh\Vincent_van_Gogh_673.jpg,1,train
data\negatives\Pierre-Auguste_Renoir_35.jpg,0,train
data\negatives\Pierre-Auguste_Renoir_192.jpg,0,train
data\negatives\Pablo_Picasso_301.jpg,0,train
data\negatives\Pierre-Auguste_Renoir_333.jpg,0,train
data\negatives\Pierre-Auguste_Renoir_144.jpg,0,train
data\negatives\Kazimir_Malevich_35.jpg,0,train
data\negatives\Edvard_Munch_58.jpg,0,train
data\positives\vangogh\Vincent_van_Gogh_209.jpg,1,train
data\negatives\Paul_Klee_172.jpg,0,train
data\negatives\Paul_Gauguin_237.jpg,0,train
data\negatives\Francisco_Goya_37.jpg,0,train
data\negatives\Pierre-Auguste_Renoir_213.jpg,0,train
data\positives\vangogh\Vincent_van_Gogh_774.jpg,1,train
data\negatives\Alfred_Sisley_101.jpg,0,train
data\positives\vangogh\Vincent_van_Gogh_375.jpg,1,train
data\positives\vangogh\Vincent_van_Gogh_36.jpg,1,train
data\negatives\Pieter_Bruegel_10.jpg,0,train
data\negatives\Andy_Warhol_14.jpg,0,train
data\negatives\Camille_Pissarro_49.jpg,0,train
data\negatives\Gustav_Klimt_66.jpg,0,train
data\negatives\Alfred_Sisley_103.jpg,0,train
data\negatives\Henri_Matisse_132.jpg,0,train
data\negatives\Edgar_Degas_615.jpg,0,train
data\negatives\Paul_Gauguin_269.jpg,0,train
data\negatives\Albrecht_Du╠êrer_128.jpg,0,train
data\negatives\Paul_Gauguin_65.jpg,0,train
data\positives\vangogh\Vincent_van_Gogh_12.jpg,1,train
data\positives\vangogh\Vincent_van_Gogh_663.jpg,1,train
data\negatives\Pierre-Auguste_Renoir_15.jpg,0,train
data\negatives\Marc_Chagall_81.jpg,0,train
data\negatives\Paul_Cezanne_31.jpg,0,train
data\negatives\Alfred_Sisley_19.jpg,0,train
data\positives\vangogh\Vincent_van_Gogh_223.jpg,1,train
data\negatives\Paul_Gauguin_302.jpg,0,train
data\positives\vangogh\Vincent_van_Gogh_565.jpg,1,train
data\negatives\Paul_Gauguin_156.jpg,0,train
data\positives\vangogh\Vincent_van_Gogh_189.jpg,1,train
data\negatives\Vasiliy_Kandinskiy_33.jpg,0,train
data\negatives\Edgar_Degas_253.jpg,0,train
data\negatives\Sandro_Botticelli_129.jpg,0,train
data\negatives\Andy_Warhol_156.jpg,0,train
data\negatives\Pierre-Auguste_Renoir_142.jpg,0,train
data\negatives\Alfred_Sisley_182.jpg,0,train
data\negatives\Albrecht_Du╠êrer_158.jpg,0,train
data\negatives\Pierre-Auguste_Renoir_99.jpg,0,train
data\negatives\Claude_Monet_2.jpg,0,train
data\positives\vangogh\Vincent_van_Gogh_787.jpg,1,train
data\negatives\Alfred_Sisley_51.jpg,0,train
data\negatives\Alfred_Sisley_93.jpg,0,train
data\positives\vangogh\Vincent_van_Gogh_28.jpg,1,train
data\negatives\Edgar_Degas_148.jpg,0,train
data\positives\vangogh\Vincent_van_Gogh_150.jpg,1,train
data\positives\vangogh\Vincent_van_Gogh_179.jpg,1,train
data\positives\vangogh\Vincent_van_Gogh_337.jpg,1,train
data\positives\vangogh\Vincent_van_Gogh_171.jpg,1,train
data\negatives\Francisco_Goya_21.jpg,0,train
data\positives\vangogh\Vincent_van_Gogh_435.jpg,1,train
data\negatives\Alfred_Sisley_8.jpg,0,train
data\negatives\Alfred_Sisley_65.jpg,0,train
data\positives\vangogh\Vincent_van_Gogh_196.jpg,1,train
data\negatives\Alfred_Sisley_248.jpg,0,train
data\negatives\Pieter_Bruegel_134.jpg,0,train
data\negatives\Edgar_Degas_636.jpg,0,train
data\negatives\Edgar_Degas_612.jpg,0,train
data\positives\vangogh\Vincent_van_Gogh_266.jpg,1,train
data\negatives\Peter_Paul_Rubens_18.jpg,0,train
data\negatives\Alfred_Sisley_137.jpg,0,train
data\negatives\Alfred_Sisley_88.jpg,0,train
data\negatives\Henri_Matisse_71.jpg,0,train
data\negatives\Edgar_Degas_533.jpg,0,train
data\positives\vangogh\Vincent_van_Gogh_683.jpg,1,train
data\positives\vangogh\Vincent_van_Gogh_796.jpg,1,train
data\negatives\Gustav_Klimt_46.jpg,0,train
data\negatives\Leonardo_da_Vinci_105.jpg,0,train
data\negatives\Gustave_Courbet_45.jpg,0,train
data\negatives\Alfred_Sisley_52.jpg,0,train
data\negatives\Claude_Monet_47.jpg,0,train
data\positives\vangogh\Vincent_van_Gogh_283.jpg,1,train
data\positives\vangogh\Vincent_van_Gogh_644.jpg,1,train
data\positives\vangogh\Vincent_van_Gogh_675.jpg,1,train
data\negatives\Henri_de_Toulouse-Lautrec_21.jpg,0,train
data\negatives\Alfred_Sisley_201.jpg,0,train
data\negatives\Alfred_Sisley_191.jpg,0,train
data\negatives\Camille_Pissarro_68.jpg,0,train
data\negatives\Pierre-Auguste_Renoir_38.jpg,0,train
data\negatives\Henri_de_Toulouse-Lautrec_44.jpg,0,train
data\positives\vangogh\Vincent_van_Gogh_274.jpg,1,train
data\positives\vangogh\Vincent_van_Gogh_15.jpg,1,train
data\positives\vangogh\Vincent_van_Gogh_562.jpg,1,train
data\positives\vangogh\Vincent_van_Gogh_696.jpg,1,train
data\negatives\Paul_Klee_51.jpg,0,train
data\negatives\Rembrandt_244.jpg,0,train
data\negatives\Pierre-Auguste_Renoir_295.jpg,0,train
data\negatives\Titian_251.jpg,0,train
data\negatives\Hieronymus_Bosch_2.jpg,0,train
data\negatives\Henri_Matisse_47.jpg,0,train
data\positives\vangogh\Vincent_van_Gogh_470.jpg,1,train
data\positives\vangogh\Vincent_van_Gogh_322.jpg,1,train
data\negatives\Vasiliy_Kandinskiy_25.jpg,0,train
data\negatives\Paul_Klee_161.jpg,0,train
data\positives\vangogh\Vincent_van_Gogh_712.jpg,1,train
data\negatives\Andy_Warhol_99.jpg,0,train
data\negatives\Jan_van_Eyck_41.jpg,0,train
data\negatives\Andy_Warhol_144.jpg,0,train
data\negatives\Paul_Gauguin_113.jpg,0,train
data\negatives\Marc_Chagall_208.jpg,0,train
data\positives\vangogh\Vincent_van_Gogh_572.jpg,1,train
data\negatives\Gustav_Klimt_17.jpg,0,train
data\negatives\Edgar_Degas_565.jpg,0,train
data\negatives\Edgar_Degas_370.jpg,0,train
data\positives\vangogh\Vincent_van_Gogh_395.jpg,1,train
data\negatives\Paul_Klee_155.jpg,0,train
data\negatives\Paul_Gauguin_125.jpg,0,train
data\negatives\Paul_Gauguin_215.jpg,0,train
data\positives\vangogh\Vincent_van_Gogh_232.jpg,1,train
data\negatives\Paul_Gauguin_105.jpg,0,train
data\negatives\Michelangelo_23.jpg,0,train
data\positives\vangogh\Vincent_van_Gogh_480.jpg,1,train
data\positives\vangogh\Vincent_van_Gogh_54.jpg,1,train
data\negatives\Edouard_Manet_10.jpg,0,train
data\negatives\Paul_Gauguin_194.jpg,0,train
data\negatives\Titian_179.jpg,0,train
data\negatives\Joan_Miro_39.jpg,0,train
data\negatives\Gustav_Klimt_22.jpg,0,train
data\positives\vangogh\Vincent_van_Gogh_758.jpg,1,train
data\positives\vangogh\Vincent_van_Gogh_235.jpg,1,train
data\positives\vangogh\Vincent_van_Gogh_86.jpg,1,train
data\positives\vangogh\Vincent_van_Gogh_551.jpg,1,train
data\negatives\Titian_195.jpg,0,train
data\negatives\Peter_Paul_Rubens_37.jpg,0,train
data\positives\vangogh\Vincent_van_Gogh_476.jpg,1,train
data\negatives\Gustav_Klimt_37.jpg,0,train
data\negatives\Sandro_Botticelli_10.jpg,0,train
data\negatives\Pieter_Bruegel_12.jpg,0,train
data\negatives\Paul_Cezanne_39.jpg,0,train
data\positives\vangogh\Vincent_van_Gogh_670.jpg,1,train
data\negatives\Alfred_Sisley_116.jpg,0,train
data\negatives\Paul_Gauguin_101.jpg,0,train
data\positives\vangogh\Vincent_van_Gogh_672.jpg,1,train
data\negatives\Peter_Paul_Rubens_119.jpg,0,train
data\negatives\Claude_Monet_6.jpg,0,train
data\negatives\Hieronymus_Bosch_132.jpg,0,train
data\positives\vangogh\Vincent_van_Gogh_57.jpg,1,train
data\negatives\Pieter_Bruegel_29.jpg,0,train
data\negatives\Pieter_Bruegel_131.jpg,0,train
data\positives\vangogh\Vincent_van_Gogh_578.jpg,1,train
data\negatives\Marc_Chagall_230.jpg,0,train
data\positives\vangogh\Vincent_van_Gogh_826.jpg,1,train
data\negatives\Rembrandt_39.jpg,0,train
data\negatives\Gustav_Klimt_88.jpg,0,train
data\positives\vangogh\Vincent_van_Gogh_779.jpg,1,train
data\negatives\Edgar_Degas_127.jpg,0,train
data\negatives\Paul_Gauguin_128.jpg,0,train
data\negatives\Frida_Kahlo_24.jpg,0,train
data\negatives\Pablo_Picasso_47.jpg,0,train
data\positives\vangogh\Vincent_van_Gogh_74.jpg,1,train
data\positives\vangogh\Vincent_van_Gogh_433.jpg,1,train
data\negatives\Marc_Chagall_65.jpg,0,train
data\positives\vangogh\Vincent_van_Gogh_594.jpg,1,train
data\negatives\Claude_Monet_33.jpg,0,train
data\negatives\Amedeo_Modigliani_99.jpg,0,train
data\positives\vangogh\Vincent_van_Gogh_26.jpg,1,train
data\negatives\Gustave_Courbet_42.jpg,0,train
data\positives\vangogh\Vincent_van_Gogh_682.jpg,1,train
data\positives\vangogh\Vincent_van_Gogh_66.jpg,1,train
data\negatives\Rene_Magritte_179.jpg,0,train
data\positives\vangogh\Vincent_van_Gogh_702.jpg,1,train
data\negatives\Giotto_di_Bondone_12.jpg,0,train
data\negatives\Pierre-Auguste_Renoir_109.jpg,0,train
data\negatives\Henri_Matisse_96.jpg,0,train
data\positives\vangogh\Vincent_van_Gogh_605.jpg,1,train
data\negatives\Gustav_Klimt_82.jpg,0,train
data\negatives\Alfred_Sisley_217.jpg,0,train
data\positives\vangogh\Vincent_van_Gogh_327.jpg,1,train
data\positives\vangogh\Vincent_van_Gogh_228.jpg,1,train
data\negatives\Marc_Chagall_124.jpg,0,train
data\negatives\Pieter_Bruegel_74.jpg,0,train
data\positives\vangogh\Vincent_van_Gogh_798.jpg,1,train
data\negatives\Pierre-Auguste_Renoir_181.jpg,0,train
data\positives\vangogh\Vincent_van_Gogh_314.jpg,1,train
data\negatives\Pierre-Auguste_Renoir_250.jpg,0,train
data\positives\vangogh\Vincent_van_Gogh_19.jpg,1,train
data\positives\vangogh\Vincent_van_Gogh_561.jpg,1,train
data\positives\vangogh\Vincent_van_Gogh_391.jpg,1,train
data\positives\vangogh\Vincent_van_Gogh_62.jpg,1,train
data\negatives\Alfred_Sisley_234.jpg,0,train
data\negatives\Pierre-Auguste_Renoir_30.jpg,0,train
data\positives\vangogh\Vincent_van_Gogh_699.jpg,1,train
data\negatives\Albrecht_Du╠êrer_142.jpg,0,train
data\negatives\Albrecht_Du╠êrer_45.jpg,0,train
data\positives\vangogh\Vincent_van_Gogh_129.jpg,1,train
data\negatives\Gustave_Courbet_39.jpg,0,train
data\positives\vangogh\Vincent_van_Gogh_95.jpg,1,train
data\negatives\Alfred_Sisley_125.jpg,0,train
data\positives\vangogh\Vincent_van_Gogh_566.jpg,1,train
data\positives\vangogh\Vincent_van_Gogh_238.jpg,1,train
data\positives\vangogh\Vincent_van_Gogh_596.jpg,1,train
data\negatives\Edvard_Munch_3.jpg,0,train
data\negatives\Amedeo_Modigliani_101.jpg,0,train
data\positives\vangogh\Vincent_van_Gogh_542.jpg,1,train
data\negatives\Peter_Paul_Rubens_141.jpg,0,train
data\negatives\Alfred_Sisley_62.jpg,0,train
data\positives\vangogh\Vincent_van_Gogh_681.jpg,1,train
data\negatives\Andy_Warhol_133.jpg,0,train
data\negatives\Rembrandt_63.jpg,0,train
data\negatives\Marc_Chagall_34.jpg,0,train
data\positives\vangogh\Vincent_van_Gogh_694.jpg,1,train
data\negatives\Amedeo_Modigliani_90.jpg,0,train
data\negatives\Alfred_Sisley_115.jpg,0,train
data\positives\vangogh\Vincent_van_Gogh_168.jpg,1,train
data\positives\vangogh\Vincent_van_Gogh_653.jpg,1,train
data\positives\vangogh\Vincent_van_Gogh_290.jpg,1,train
data\negatives\Leonardo_da_Vinci_61.jpg,0,train
data\negatives\Diego_Rivera_24.jpg,0,train
data\positives\vangogh\Vincent_van_Gogh_224.jpg,1,train
data\negatives\Claude_Monet_21.jpg,0,train
data\negatives\Alfred_Sisley_186.jpg,0,train
data\positives\vangogh\Vincent_van_Gogh_71.jpg,1,train
data\positives\vangogh\Vincent_van_Gogh_535.jpg,1,train
data\positives\vangogh\Vincent_van_Gogh_724.jpg,1,train
data\negatives\Alfred_Sisley_231.jpg,0,train
data\positives\vangogh\Vincent_van_Gogh_818.jpg,1,train
data\negatives\Pierre-Auguste_Renoir_26.jpg,0,train
data\negatives\Marc_Chagall_128.jpg,0,train
data\negatives\Paul_Gauguin_236.jpg,0,train
data\negatives\Michelangelo_3.jpg,0,train
data\negatives\Gustav_Klimt_36.jpg,0,train
data\negatives\Paul_Klee_170.jpg,0,train
data\negatives\Albrecht_Du╠êrer_75.jpg,0,train
data\positives\vangogh\Vincent_van_Gogh_414.jpg,1,train
data\negatives\Marc_Chagall_82.jpg,0,train
data\negatives\Pierre-Auguste_Renoir_256.jpg,0,train
data\negatives\Rembrandt_12.jpg,0,train
data\positives\vangogh\Vincent_van_Gogh_35.jpg,1,train
data\positives\vangogh\Vincent_van_Gogh_252.jpg,1,train
data\positives\vangogh\Vincent_van_Gogh_225.jpg,1,train
data\negatives\Alfred_Sisley_162.jpg,0,train
data\negatives\Henri_Matisse_9.jpg,0,train
data\positives\vangogh\Vincent_van_Gogh_863.jpg,1,train
data\positives\vangogh\Vincent_van_Gogh_436.jpg,1,train
data\positives\vangogh\Vincent_van_Gogh_488.jpg,1,train
data\negatives\Camille_Pissarro_31.jpg,0,train
data\negatives\Edvard_Munch_32.jpg,0,train
data\negatives\Alfred_Sisley_246.jpg,0,train
data\positives\vangogh\Vincent_van_Gogh_145.jpg,1,train
data\positives\vangogh\Vincent_van_Gogh_811.jpg,1,train
data\positives\vangogh\Vincent_van_Gogh_418.jpg,1,train
data\negatives\Albrecht_Du╠êrer_25.jpg,0,train
data\negatives\Alfred_Sisley_210.jpg,0,train
data\negatives\Rene_Magritte_58.jpg,0,train
data\negatives\Vasiliy_Kandinskiy_37.jpg,0,train
data\negatives\Paul_Gauguin_3.jpg,0,train
data\negatives\Edgar_Degas_131.jpg,0,train
data\negatives\Alfred_Sisley_253.jpg,0,train
data\positives\vangogh\Vincent_van_Gogh_822.jpg,1,train
data\negatives\Alfred_Sisley_221.jpg,0,train
data\negatives\Francisco_Goya_34.jpg,0,train
data\positives\vangogh\Vincent_van_Gogh_713.jpg,1,train
data\negatives\Amedeo_Modigliani_13.jpg,0,train
data\negatives\Edgar_Degas_267.jpg,0,train
data\negatives\Leonardo_da_Vinci_46.jpg,0,train
data\positives\vangogh\Vincent_van_Gogh_548.jpg,1,train
data\negatives\Joan_Miro_37.jpg,0,train
data\negatives\Gustav_Klimt_114.jpg,0,train
data\positives\vangogh\Vincent_van_Gogh_465.jpg,1,train
data\positives\vangogh\Vincent_van_Gogh_543.jpg,1,train
data\positives\vangogh\Vincent_van_Gogh_633.jpg,1,train
data\negatives\Edgar_Degas_362.jpg,0,train
data\negatives\Gustav_Klimt_86.jpg,0,train
data\positives\vangogh\Vincent_van_Gogh_65.jpg,1,train
data\positives\vangogh\Vincent_van_Gogh_101.jpg,1,train
data\positives\vangogh\Vincent_van_Gogh_477.jpg,1,train
data\positives\vangogh\Vincent_van_Gogh_576.jpg,1,train
data\positives\vangogh\Vincent_van_Gogh_306.jpg,1,train
data\positives\vangogh\Vincent_van_Gogh_859.jpg,1,train
data\positives\vangogh\Vincent_van_Gogh_52.jpg,1,train
data\negatives\Pierre-Auguste_Renoir_106.jpg,0,train
data\negatives\Edgar_Degas_273.jpg,0,train
data\positives\vangogh\Vincent_van_Gogh_149.jpg,1,train
data\positives\vangogh\Vincent_van_Gogh_27.jpg,1,train
data\positives\vangogh\Vincent_van_Gogh_114.jpg,1,train
data\positives\vangogh\Vincent_van_Gogh_312.jpg,1,train
data\positives\vangogh\Vincent_van_Gogh_23.jpg,1,train
data\negatives\Paul_Cezanne_15.jpg,0,train
data\negatives\Alfred_Sisley_161.jpg,0,train
data\negatives\Henri_Matisse_37.jpg,0,train
data\negatives\Sandro_Botticelli_77.jpg,0,train
data\negatives\Alfred_Sisley_225.jpg,0,train
data\negatives\Marc_Chagall_177.jpg,0,train
data\negatives\Edgar_Degas_400.jpg,0,train
data\negatives\Pierre-Auguste_Renoir_155.jpg,0,train
data\positives\vangogh\Vincent_van_Gogh_130.jpg,1,train
data\negatives\Camille_Pissarro_45.jpg,0,train
data\negatives\Camille_Pissarro_34.jpg,0,train
data\negatives\Paul_Gauguin_252.jpg,0,train
data\positives\vangogh\Vincent_van_Gogh_365.jpg,1,train
data\negatives\Pierre-Auguste_Renoir_234.jpg,0,train
data\positives\vangogh\Vincent_van_Gogh_237.jpg,1,train
data\positives\vangogh\Vincent_van_Gogh_575.jpg,1,train
data\negatives\Camille_Pissarro_24.jpg,0,train
data\positives\vangogh\Vincent_van_Gogh_4.jpg,1,train
data\positives\vangogh\Vincent_van_Gogh_785.jpg,1,train
data\negatives\Pablo_Picasso_57.jpg,0,train
data\negatives\Marc_Chagall_202.jpg,0,train
data\positives\vangogh\Vincent_van_Gogh_659.jpg,1,train
data\positives\vangogh\Vincent_van_Gogh_146.jpg,1,train
data\negatives\Alfred_Sisley_228.jpg,0,train
data\negatives\Leonardo_da_Vinci_79.jpg,0,train
data\positives\vangogh\Vincent_van_Gogh_204.jpg,1,train
data\negatives\Henri_Matisse_149.jpg,0,train
data\negatives\Amedeo_Modigliani_115.jpg,0,train
data\negatives\Edgar_Degas_303.jpg,0,train
data\negatives\Henri_Matisse_46.jpg,0,train
data\negatives\Pierre-Auguste_Renoir_58.jpg,0,train
data\negatives\Mikhail_Vrubel_37.jpg,0,train
data\negatives\Gustav_Klimt_87.jpg,0,train
data\negatives\Paul_Klee_164.jpg,0,train
data\negatives\Rene_Magritte_119.jpg,0,train
data\positives\vangogh\Vincent_van_Gogh_165.jpg,1,train
data\negatives\Paul_Klee_157.jpg,0,train
data\negatives\Titian_55.jpg,0,train
data\negatives\Pieter_Bruegel_47.jpg,0,train
data\positives\vangogh\Vincent_van_Gogh_407.jpg,1,train
data\positives\vangogh\Vincent_van_Gogh_546.jpg,1,train
data\negatives\Sandro_Botticelli_127.jpg,0,train
data\positives\vangogh\Vincent_van_Gogh_836.jpg,1,train
data\negatives\Georges_Seurat_6.jpg,0,train
data\negatives\Claude_Monet_61.jpg,0,train
data\negatives\Diego_Velazquez_105.jpg,0,train
data\positives\vangogh\Vincent_van_Gogh_267.jpg,1,train
data\negatives\Frida_Kahlo_63.jpg,0,train
data\negatives\Paul_Gauguin_34.jpg,0,train
data\negatives\Jan_van_Eyck_14.jpg,0,train
data\negatives\Andy_Warhol_180.jpg,0,train
data\positives\vangogh\Vincent_van_Gogh_34.jpg,1,train
data\positives\vangogh\Vincent_van_Gogh_352.jpg,1,train
data\positives\vangogh\Vincent_van_Gogh_714.jpg,1,train
data\negatives\Marc_Chagall_64.jpg,0,train
data\negatives\Claude_Monet_9.jpg,0,train
data\negatives\Frida_Kahlo_45.jpg,0,train
data\negatives\Albrecht_Du╠êrer_54.jpg,0,train
data\negatives\Vasiliy_Kandinskiy_24.jpg,0,train
data\negatives\Andy_Warhol_151.jpg,0,train
data\negatives\Paul_Gauguin_9.jpg,0,train
data\positives\vangogh\Vincent_van_Gogh_558.jpg,1,train
data\negatives\Edgar_Degas_427.jpg,0,train
data\negatives\Pierre-Auguste_Renoir_323.jpg,0,train
data\negatives\Paul_Gauguin_246.jpg,0,train
data\negatives\Edgar_Degas_191.jpg,0,train
data\negatives\Francisco_Goya_153.jpg,0,train
data\positives\vangogh\Vincent_van_Gogh_503.jpg,1,train
data\negatives\Pierre-Auguste_Renoir_127.jpg,0,train
data\positives\vangogh\Vincent_van_Gogh_116.jpg,1,train
data\positives\vangogh\Vincent_van_Gogh_523.jpg,1,train
data\negatives\Edouard_Manet_22.jpg,0,train
data\negatives\Henri_de_Toulouse-Lautrec_33.jpg,0,train
data\negatives\Alfred_Sisley_73.jpg,0,train
data\negatives\Marc_Chagall_87.jpg,0,train
data\negatives\Henri_Matisse_124.jpg,0,train
data\positives\vangogh\Vincent_van_Gogh_272.jpg,1,train
data\negatives\Alfred_Sisley_120.jpg,0,train
data\negatives\Giotto_di_Bondone_27.jpg,0,train
data\negatives\Pierre-Auguste_Renoir_74.jpg,0,train
data\negatives\Pierre-Auguste_Renoir_334.jpg,0,train
data\negatives\Paul_Gauguin_267.jpg,0,train
data\negatives\Pierre-Auguste_Renoir_45.jpg,0,train
data\negatives\Paul_Gauguin_292.jpg,0,train
data\negatives\Andy_Warhol_152.jpg,0,train
data\negatives\Edouard_Manet_65.jpg,0,train
data\negatives\Pierre-Auguste_Renoir_14.jpg,0,train
data\positives\vangogh\Vincent_van_Gogh_348.jpg,1,train
data\positives\vangogh\Vincent_van_Gogh_354.jpg,1,train
data\negatives\Alfred_Sisley_212.jpg,0,train
data\negatives\Alfred_Sisley_76.jpg,0,train
data\negatives\Pierre-Auguste_Renoir_90.jpg,0,train
data\negatives\Claude_Monet_41.jpg,0,train
data\negatives\Kazimir_Malevich_76.jpg,0,train
data\negatives\Camille_Pissarro_23.jpg,0,train
data\negatives\Marc_Chagall_31.jpg,0,train
data\positives\vangogh\Vincent_van_Gogh_498.jpg,1,train
data\positives\vangogh\Vincent_van_Gogh_569.jpg,1,train
data\positives\vangogh\Vincent_van_Gogh_31.jpg,1,train
data\negatives\Joan_Miro_20.jpg,0,train
data\negatives\Paul_Gauguin_288.jpg,0,train
data\positives\vangogh\Vincent_van_Gogh_59.jpg,1,train
data\negatives\Paul_Gauguin_173.jpg,0,train
data\positives\vangogh\Vincent_van_Gogh_246.jpg,1,train
data\negatives\Claude_Monet_36.jpg,0,train
data\positives\vangogh\Vincent_van_Gogh_590.jpg,1,train
data\negatives\Alfred_Sisley_160.jpg,0,train
data\negatives\Alfred_Sisley_59.jpg,0,train
data\positives\vangogh\Vincent_van_Gogh_770.jpg,1,train
data\negatives\Camille_Pissarro_62.jpg,0,train
data\positives\vangogh\Vincent_van_Gogh_685.jpg,1,train
data\negatives\Pierre-Auguste_Renoir_98.jpg,0,train
data\negatives\Edgar_Degas_539.jpg,0,train
data\negatives\Georges_Seurat_36.jpg,0,train
data\positives\vangogh\Vincent_van_Gogh_751.jpg,1,train
data\positives\vangogh\Vincent_van_Gogh_521.jpg,1,train
data\negatives\Camille_Pissarro_27.jpg,0,train
data\negatives\Pablo_Picasso_406.jpg,0,train
data\positives\vangogh\Vincent_van_Gogh_720.jpg,1,train
data\negatives\Pablo_Picasso_331.jpg,0,train
data\positives\vangogh\Vincent_van_Gogh_415.jpg,1,train
data\negatives\Alfred_Sisley_3.jpg,0,train
data\negatives\Diego_Velazquez_98.jpg,0,train
data\negatives\Paul_Gauguin_260.jpg,0,train
data\negatives\Camille_Pissarro_26.jpg,0,train
data\positives\vangogh\Vincent_van_Gogh_808.jpg,1,train
data\negatives\Francisco_Goya_80.jpg,0,train
data\positives\vangogh\Vincent_van_Gogh_656.jpg,1,train
data\positives\vangogh\Vincent_van_Gogh_144.jpg,1,train
data\negatives\Edgar_Degas_67.jpg,0,train
data\positives\vangogh\Vincent_van_Gogh_323.jpg,1,train
data\positives\vangogh\Vincent_van_Gogh_376.jpg,1,train
data\positives\vangogh\Vincent_van_Gogh_112.jpg,1,train
data\negatives\Pablo_Picasso_210.jpg,0,train
data\negatives\Edvard_Munch_22.jpg,0,train
data\negatives\Claude_Monet_53.jpg,0,train
data\negatives\Mikhail_Vrubel_32.jpg,0,train
data\negatives\Paul_Gauguin_280.jpg,0,train
data\negatives\Titian_187.jpg,0,train
data\positives\vangogh\Vincent_van_Gogh_396.jpg,1,train
data\negatives\Jan_van_Eyck_29.jpg,0,train
data\negatives\Edgar_Degas_46.jpg,0,train
data\positives\vangogh\Vincent_van_Gogh_634.jpg,1,train
data\negatives\Gustav_Klimt_91.jpg,0,train
data\negatives\Andy_Warhol_43.jpg,0,train
data\negatives\Pablo_Picasso_185.jpg,0,train
data\negatives\Claude_Monet_30.jpg,0,train
data\negatives\Claude_Monet_55.jpg,0,train
data\negatives\Paul_Klee_49.jpg,0,train
data\negatives\Amedeo_Modigliani_95.jpg,0,train
data\negatives\Mikhail_Vrubel_17.jpg,0,train
data\negatives\Peter_Paul_Rubens_125.jpg,0,train
data\negatives\Albrecht_Du╠êrer_61.jpg,0,train
data\positives\vangogh\Vincent_van_Gogh_127.jpg,1,train
data\negatives\Diego_Rivera_38.jpg,0,train
data\negatives\Edgar_Degas_237.jpg,0,train
data\negatives\Albrecht_Du╠êrer_43.jpg,0,train
data\negatives\Marc_Chagall_122.jpg,0,train
data\positives\vangogh\Vincent_van_Gogh_401.jpg,1,train
data\negatives\Edgar_Degas_213.jpg,0,train
data\positives\vangogh\Vincent_van_Gogh_207.jpg,1,train
data\negatives\Alfred_Sisley_220.jpg,0,train
data\positives\vangogh\Vincent_van_Gogh_466.jpg,1,train
data\negatives\Pierre-Auguste_Renoir_231.jpg,0,train
data\negatives\Andrei_Rublev_50.jpg,0,train
data\negatives\Alfred_Sisley_23.jpg,0,train
data\positives\vangogh\Vincent_van_Gogh_527.jpg,1,train
data\negatives\Mikhail_Vrubel_150.jpg,0,train
data\negatives\Francisco_Goya_230.jpg,0,train
data\negatives\Francisco_Goya_149.jpg,0,train
data\negatives\Andy_Warhol_110.jpg,0,train
data\negatives\Edgar_Degas_41.jpg,0,train
data\positives\vangogh\Vincent_van_Gogh_468.jpg,1,train
data\negatives\Francisco_Goya_276.jpg,0,train
data\negatives\Edgar_Degas_687.jpg,0,train
data\positives\vangogh\Vincent_van_Gogh_804.jpg,1,train
data\negatives\Andrei_Rublev_95.jpg,0,val
data\negatives\Paul_Gauguin_57.jpg,0,val
data\positives\vangogh\Vincent_van_Gogh_841.jpg,1,val
data\negatives\Edvard_Munch_49.jpg,0,val
data\negatives\Paul_Gauguin_18.jpg,0,val
data\positives\vangogh\Vincent_van_Gogh_706.jpg,1,val
data\negatives\Edgar_Degas_53.jpg,0,val
data\negatives\Rene_Magritte_49.jpg,0,val
data\positives\vangogh\Vincent_van_Gogh_442.jpg,1,val
data\negatives\Frida_Kahlo_35.jpg,0,val
data\positives\vangogh\Vincent_van_Gogh_21.jpg,1,val
data\negatives\Albrecht_Du╠êrer_198.jpg,0,val
data\negatives\Camille_Pissarro_80.jpg,0,val
data\positives\vangogh\Vincent_van_Gogh_755.jpg,1,val
data\negatives\Sandro_Botticelli_61.jpg,0,val
data\negatives\Paul_Cezanne_22.jpg,0,val
data\negatives\Alfred_Sisley_77.jpg,0,val
data\positives\vangogh\Vincent_van_Gogh_245.jpg,1,val
data\positives\vangogh\Vincent_van_Gogh_288.jpg,1,val
data\positives\vangogh\Vincent_van_Gogh_769.jpg,1,val
data\negatives\Rembrandt_245.jpg,0,val
data\negatives\Pierre-Auguste_Renoir_204.jpg,0,val
data\negatives\Alfred_Sisley_48.jpg,0,val
data\negatives\Amedeo_Modigliani_149.jpg,0,val
data\negatives\Pablo_Picasso_78.jpg,0,val
data\negatives\Paul_Gauguin_281.jpg,0,val
data\negatives\Henri_Matisse_99.jpg,0,val
data\positives\vangogh\Vincent_van_Gogh_570.jpg,1,val
data\negatives\Paul_Cezanne_38.jpg,0,val
data\negatives\Edgar_Degas_249.jpg,0,val
data\negatives\Pieter_Bruegel_97.jpg,0,val
data\positives\vangogh\Vincent_van_Gogh_580.jpg,1,val
data\negatives\Edgar_Degas_474.jpg,0,val
data\negatives\Claude_Monet_73.jpg,0,val
data\positives\vangogh\Vincent_van_Gogh_451.jpg,1,val
data\positives\vangogh\Vincent_van_Gogh_757.jpg,1,val
data\negatives\Albrecht_Du╠êrer_272.jpg,0,val
data\negatives\Edgar_Degas_59.jpg,0,val
data\negatives\Vasiliy_Kandinskiy_60.jpg,0,val
data\positives\vangogh\Vincent_van_Gogh_421.jpg,1,val
data\negatives\Albrecht_Du╠êrer_225.jpg,0,val
data\positives\vangogh\Vincent_van_Gogh_571.jpg,1,val
data\positives\vangogh\Vincent_van_Gogh_378.jpg,1,val
data\positives\vangogh\Vincent_van_Gogh_630.jpg,1,val
data\negatives\Amedeo_Modigliani_131.jpg,0,val
data\negatives\El_Greco_8.jpg,0,val
data\negatives\Andy_Warhol_146.jpg,0,val
data\negatives\Raphael_30.jpg,0,val
data\positives\vangogh\Vincent_van_Gogh_613.jpg,1,val
data\positives\vangogh\Vincent_van_Gogh_729.jpg,1,val
data\negatives\Piet_Mondrian_17.jpg,0,val
data\positives\vangogh\Vincent_van_Gogh_754.jpg,1,val
data\positives\vangogh\Vincent_van_Gogh_87.jpg,1,val
data\positives\vangogh\Vincent_van_Gogh_456.jpg,1,val
data\negatives\Pablo_Picasso_136.jpg,0,val
data\negatives\El_Greco_43.jpg,0,val
data\negatives\Gustav_Klimt_42.jpg,0,val
data\negatives\Paul_Klee_7.jpg,0,val
data\negatives\Pablo_Picasso_389.jpg,0,val
data\positives\vangogh\Vincent_van_Gogh_843.jpg,1,val
data\negatives\Pierre-Auguste_Renoir_201.jpg,0,val
data\negatives\Henri_Matisse_90.jpg,0,val
data\negatives\Paul_Gauguin_99.jpg,0,val
data\positives\vangogh\Vincent_van_Gogh_854.jpg,1,val
data\negatives\Paul_Gauguin_136.jpg,0,val
data\negatives\Alfred_Sisley_85.jpg,0,val
data\negatives\Piet_Mondrian_29.jpg,0,val
data\negatives\Marc_Chagall_27.jpg,0,val
data\negatives\Joan_Miro_55.jpg,0,val
data\positives\vangogh\Vincent_van_Gogh_604.jpg,1,val
data\negatives\Claude_Monet_65.jpg,0,val
data\negatives\Pierre-Auguste_Renoir_327.jpg,0,val
data\negatives\Paul_Klee_106.jpg,0,val
data\negatives\Gustav_Klimt_93.jpg,0,val
data\negatives\Albrecht_Du╠êrer_192.jpg,0,val
data\negatives\Camille_Pissarro_74.jpg,0,val
data\negatives\Pierre-Auguste_Renoir_290.jpg,0,val
data\positives\vangogh\Vincent_van_Gogh_439.jpg,1,val
data\negatives\Pierre-Auguste_Renoir_92.jpg,0,val
data\negatives\Pieter_Bruegel_87.jpg,0,val
data\positives\vangogh\Vincent_van_Gogh_748.jpg,1,val
data\negatives\Leonardo_da_Vinci_13.jpg,0,val
data\negatives\Pablo_Picasso_195.jpg,0,val
data\negatives\Albrecht_Du╠êrer_310.jpg,0,val
data\negatives\Andy_Warhol_54.jpg,0,val
data\negatives\Edgar_Degas_403.jpg,0,val
data\negatives\Alfred_Sisley_53.jpg,0,val
data\negatives\Andy_Warhol_169.jpg,0,val
data\negatives\Marc_Chagall_233.jpg,0,val
data\positives\vangogh\Vincent_van_Gogh_355.jpg,1,val
data\positives\vangogh\Vincent_van_Gogh_88.jpg,1,val
data\positives\vangogh\Vincent_van_Gogh_383.jpg,1,val
data\positives\vangogh\Vincent_van_Gogh_640.jpg,1,val
data\negatives\Alfred_Sisley_24.jpg,0,val
data\negatives\Paul_Gauguin_71.jpg,0,val
data\negatives\Pablo_Picasso_205.jpg,0,val
data\negatives\Salvador_Dali_121.jpg,0,val
data\negatives\Marc_Chagall_139.jpg,0,val
data\negatives\Edgar_Degas_1.jpg,0,val
data\positives\vangogh\Vincent_van_Gogh_273.jpg,1,val
data\negatives\Paul_Gauguin_297.jpg,0,val
data\negatives\Alfred_Sisley_239.jpg,0,val
data\negatives\Albrecht_Du╠êrer_185.jpg,0,val
data\negatives\Andy_Warhol_107.jpg,0,val
data\negatives\Alfred_Sisley_169.jpg,0,val
data\negatives\Edgar_Degas_228.jpg,0,val
data\positives\vangogh\Vincent_van_Gogh_629.jpg,1,val
data\negatives\Amedeo_Modigliani_9.jpg,0,val
data\negatives\Francisco_Goya_85.jpg,0,val
data\negatives\Frida_Kahlo_59.jpg,0,val
data\negatives\Alfred_Sisley_142.jpg,0,val
data\positives\vangogh\Vincent_van_Gogh_869.jpg,1,val
data\positives\vangogh\Vincent_van_Gogh_364.jpg,1,val
data\positives\vangogh\Vincent_van_Gogh_118.jpg,1,val
data\positives\vangogh\Vincent_van_Gogh_701.jpg,1,val
data\negatives\Frida_Kahlo_118.jpg,0,val
data\positives\vangogh\Vincent_van_Gogh_506.jpg,1,val
data\positives\vangogh\Vincent_van_Gogh_824.jpg,1,val
data\negatives\Paul_Klee_16.jpg,0,val
data\negatives\Paul_Klee_90.jpg,0,val
data\negatives\Gustav_Klimt_51.jpg,0,val
data\negatives\Paul_Gauguin_22.jpg,0,val
data\negatives\Paul_Gauguin_307.jpg,0,val
data\negatives\Leonardo_da_Vinci_26.jpg,0,val
data\negatives\Paul_Gauguin_203.jpg,0,val
data\negatives\Pierre-Auguste_Renoir_34.jpg,0,val
data\positives\vangogh\Vincent_van_Gogh_825.jpg,1,val
data\positives\vangogh\Vincent_van_Gogh_400.jpg,1,val
data\positives\vangogh\Vincent_van_Gogh_864.jpg,1,val
data\negatives\Pablo_Picasso_190.jpg,0,val
data\negatives\Edgar_Degas_498.jpg,0,val
data\negatives\Frida_Kahlo_53.jpg,0,val
data\positives\vangogh\Vincent_van_Gogh_453.jpg,1,val
data\negatives\Edgar_Degas_264.jpg,0,val
data\positives\vangogh\Vincent_van_Gogh_344.jpg,1,val
data\negatives\Caravaggio_20.jpg,0,val
data\negatives\Pierre-Auguste_Renoir_140.jpg,0,val
data\negatives\Paul_Klee_63.jpg,0,val
data\negatives\Alfred_Sisley_13.jpg,0,val
data\positives\vangogh\Vincent_van_Gogh_815.jpg,1,val
data\negatives\Claude_Monet_57.jpg,0,val
data\negatives\Albrecht_Du╠êrer_143.jpg,0,val
data\negatives\Alfred_Sisley_2.jpg,0,val
data\negatives\Giotto_di_Bondone_66.jpg,0,val
data\negatives\Pierre-Auguste_Renoir_244.jpg,0,val
data\negatives\Alfred_Sisley_230.jpg,0,val
data\negatives\Sandro_Botticelli_39.jpg,0,val
data\positives\vangogh\Vincent_van_Gogh_14.jpg,1,val
data\negatives\Edgar_Degas_155.jpg,0,val
data\negatives\Hieronymus_Bosch_107.jpg,0,val
data\positives\vangogh\Vincent_van_Gogh_215.jpg,1,val
data\negatives\Caravaggio_18.jpg,0,val
data\negatives\Alfred_Sisley_243.jpg,0,val
data\positives\vangogh\Vincent_van_Gogh_181.jpg,1,val
data\positives\vangogh\Vincent_van_Gogh_172.jpg,1,val
data\positives\vangogh\Vincent_van_Gogh_308.jpg,1,val
data\negatives\Albrecht_Du╠êrer_181.jpg,0,val
data\negatives\Marc_Chagall_113.jpg,0,val
data\positives\vangogh\Vincent_van_Gogh_486.jpg,1,val
data\negatives\Alfred_Sisley_255.jpg,0,val
data\negatives\Diego_Velazquez_12.jpg,0,val
data\negatives\Claude_Monet_17.jpg,0,val
data\positives\vangogh\Vincent_van_Gogh_555.jpg,1,val
data\positives\vangogh\Vincent_van_Gogh_10.jpg,1,val
data\negatives\Henri_Matisse_24.jpg,0,val
data\negatives\Henri_Matisse_177.jpg,0,val
data\positives\vangogh\Vincent_van_Gogh_544.jpg,1,val
data\positives\vangogh\Vincent_van_Gogh_381.jpg,1,val
data\negatives\Piet_Mondrian_69.jpg,0,val
data\negatives\Mikhail_Vrubel_126.jpg,0,val
data\positives\vangogh\Vincent_van_Gogh_519.jpg,1,val
data\positives\vangogh\Vincent_van_Gogh_7.jpg,1,val
data\negatives\Francisco_Goya_249.jpg,0,val
data\negatives\Paul_Gauguin_43.jpg,0,val
data\positives\vangogh\Vincent_van_Gogh_595.jpg,1,val
data\negatives\Paul_Gauguin_26.jpg,0,val
data\negatives\Raphael_29.jpg,0,val
data\positives\vangogh\Vincent_van_Gogh_302.jpg,1,val
data\negatives\Titian_213.jpg,0,val
data\positives\vangogh\Vincent_van_Gogh_194.jpg,1,val
data\negatives\Vasiliy_Kandinskiy_17.jpg,0,val
data\positives\vangogh\Vincent_van_Gogh_819.jpg,1,val
data\negatives\Alfred_Sisley_252.jpg,0,val
data\negatives\Alfred_Sisley_197.jpg,0,val
data\positives\vangogh\Vincent_van_Gogh_299.jpg,1,val
data\negatives\Alfred_Sisley_257.jpg,0,val
data\negatives\Paul_Gauguin_231.jpg,0,val
data\negatives\Edgar_Degas_673.jpg,0,val
data\positives\vangogh\Vincent_van_Gogh_727.jpg,1,val
data\positives\vangogh\Vincent_van_Gogh_113.jpg,1,val
data\positives\vangogh\Vincent_van_Gogh_454.jpg,1,val
data\positives\vangogh\Vincent_van_Gogh_782.jpg,1,val
data\negatives\Edgar_Degas_588.jpg,0,val
data\positives\vangogh\Vincent_van_Gogh_55.jpg,1,val
data\negatives\Pablo_Picasso_140.jpg,0,val
data\negatives\Albrecht_Du╠êrer_248.jpg,0,val
data\negatives\Pierre-Auguste_Renoir_240.jpg,0,val
data\positives\vangogh\Vincent_van_Gogh_85.jpg,1,val
data\positives\vangogh\Vincent_van_Gogh_734.jpg,1,val
data\negatives\Pablo_Picasso_60.jpg,0,val
data\negatives\Paul_Gauguin_202.jpg,0,val
data\negatives\Claude_Monet_35.jpg,0,val
data\negatives\Frida_Kahlo_41.jpg,0,val
data\negatives\Pablo_Picasso_120.jpg,0,val
data\negatives\Marc_Chagall_154.jpg,0,val
data\positives\vangogh\Vincent_van_Gogh_39.jpg,1,val
data\negatives\Mikhail_Vrubel_165.jpg,0,val
data\negatives\Alfred_Sisley_131.jpg,0,val
data\positives\vangogh\Vincent_van_Gogh_387.jpg,1,val
data\negatives\Pieter_Bruegel_66.jpg,0,val
data\negatives\Francisco_Goya_49.jpg,0,val
data\positives\vangogh\Vincent_van_Gogh_631.jpg,1,val
data\negatives\Alfred_Sisley_9.jpg,0,val
data\positives\vangogh\Vincent_van_Gogh_40.jpg,1,val
data\positives\vangogh\Vincent_van_Gogh_371.jpg,1,val
data\negatives\Hieronymus_Bosch_92.jpg,0,val
data\positives\vangogh\Vincent_van_Gogh_680.jpg,1,val
data\negatives\Pierre-Auguste_Renoir_311.jpg,0,val
data\positives\vangogh\Vincent_van_Gogh_377.jpg,1,val
data\positives\vangogh\Vincent_van_Gogh_164.jpg,1,val
data\negatives\Edgar_Degas_269.jpg,0,val
data\positives\vangogh\Vincent_van_Gogh_814.jpg,1,val
data\positives\vangogh\Vincent_van_Gogh_512.jpg,1,val
data\positives\vangogh\Vincent_van_Gogh_823.jpg,1,val
data\negatives\Alfred_Sisley_198.jpg,0,val
data\positives\vangogh\Vincent_van_Gogh_732.jpg,1,val
data\negatives\Francisco_Goya_168.jpg,0,val
data\negatives\William_Turner_61.jpg,0,val
data\negatives\Claude_Monet_16.jpg,0,val
data\negatives\Pieter_Bruegel_124.jpg,0,val
data\negatives\Camille_Pissarro_8.jpg,0,val
data\negatives\Rembrandt_138.jpg,0,val
data\negatives\Paul_Gauguin_253.jpg,0,val
data\negatives\Henri_Matisse_154.jpg,0,val
data\positives\vangogh\Vincent_van_Gogh_202.jpg,1,val
data\negatives\Joan_Miro_8.jpg,0,val
data\negatives\Pierre-Auguste_Renoir_183.jpg,0,val
data\positives\vangogh\Vincent_van_Gogh_117.jpg,1,val
data\positives\vangogh\Vincent_van_Gogh_128.jpg,1,val
data\positives\vangogh\Vincent_van_Gogh_845.jpg,1,val
data\negatives\Rene_Magritte_98.jpg,0,val
data\negatives\Pieter_Bruegel_20.jpg,0,val
data\negatives\Paul_Gauguin_305.jpg,0,val
data\positives\vangogh\Vincent_van_Gogh_501.jpg,1,val
data\positives\vangogh\Vincent_van_Gogh_761.jpg,1,val
data\positives\vangogh\Vincent_van_Gogh_717.jpg,1,val
data\negatives\Frida_Kahlo_3.jpg,0,val
data\negatives\Edouard_Manet_90.jpg,0,val
data\negatives\Alfred_Sisley_98.jpg,0,val
data\positives\vangogh\Vincent_van_Gogh_643.jpg,1,val
data\negatives\Edgar_Degas_385.jpg,0,val
data\negatives\Piet_Mondrian_40.jpg,0,val
data\negatives\Rembrandt_212.jpg,0,val
data\positives\vangogh\Vincent_van_Gogh_24.jpg,1,val
data\negatives\Titian_3.jpg,0,val
data\negatives\Paul_Gauguin_150.jpg,0,val
data\positives\vangogh\Vincent_van_Gogh_402.jpg,1,val
data\negatives\Edgar_Degas_34.jpg,0,val
data\negatives\Andrei_Rublev_56.jpg,0,val
data\negatives\Henri_Matisse_69.jpg,0,val
data\negatives\Edgar_Degas_571.jpg,0,val
data\negatives\Alfred_Sisley_133.jpg,0,val
data\positives\vangogh\Vincent_van_Gogh_821.jpg,1,val
data\negatives\Pierre-Auguste_Renoir_177.jpg,0,val
data\positives\vangogh\Vincent_van_Gogh_870.jpg,1,val
data\negatives\Camille_Pissarro_71.jpg,0,val
data\positives\vangogh\Vincent_van_Gogh_642.jpg,1,val
data\negatives\Paul_Gauguin_274.jpg,0,val
data\negatives\Alfred_Sisley_180.jpg,0,val
data\positives\vangogh\Vincent_van_Gogh_236.jpg,1,val
data\negatives\Kazimir_Malevich_109.jpg,0,val
data\positives\vangogh\Vincent_van_Gogh_152.jpg,1,val
data\negatives\Francisco_Goya_66.jpg,0,val
data\positives\vangogh\Vincent_van_Gogh_479.jpg,1,val
data\negatives\Albrecht_Du╠êrer_247.jpg,0,val
data\positives\vangogh\Vincent_van_Gogh_703.jpg,1,val
data\positives\vangogh\Vincent_van_Gogh_515.jpg,1,val
data\positives\vangogh\Vincent_van_Gogh_349.jpg,1,val
data\positives\vangogh\Vincent_van_Gogh_330.jpg,1,val
data\negatives\Pierre-Auguste_Renoir_216.jpg,0,val
data\positives\vangogh\Vincent_van_Gogh_763.jpg,1,val
data\negatives\Alfred_Sisley_166.jpg,0,val
data\negatives\Edgar_Degas_55.jpg,0,val
data\positives\vangogh\Vincent_van_Gogh_293.jpg,1,val
data\negatives\Pablo_Picasso_36.jpg,0,val
data\positives\vangogh\Vincent_van_Gogh_582.jpg,1,val
data\negatives\Pierre-Auguste_Renoir_82.jpg,0,val
data\positives\vangogh\Vincent_van_Gogh_807.jpg,1,val
data\negatives\Pierre-Auguste_Renoir_205.jpg,0,val
data\negatives\Paul_Gauguin_38.jpg,0,val
data\positives\vangogh\Vincent_van_Gogh_208.jpg,1,val
data\positives\vangogh\Vincent_van_Gogh_473.jpg,1,val
data\positives\vangogh\Vincent_van_Gogh_784.jpg,1,val
data\positives\vangogh\Vincent_van_Gogh_174.jpg,1,val
data\negatives\Pablo_Picasso_105.jpg,0,val
data\positives\vangogh\Vincent_van_Gogh_816.jpg,1,val
data\negatives\Pierre-Auguste_Renoir_270.jpg,0,val
data\negatives\Paul_Gauguin_176.jpg,0,val
data\negatives\Alfred_Sisley_258.jpg,0,val
data\negatives\Albrecht_Du╠êrer_319.jpg,0,val
data\positives\vangogh\Vincent_van_Gogh_345.jpg,1,val
data\negatives\El_Greco_29.jpg,0,val
data\positives\vangogh\Vincent_van_Gogh_248.jpg,1,val
data\negatives\Albrecht_Du╠êrer_164.jpg,0,val
data\positives\vangogh\Vincent_van_Gogh_508.jpg,1,val
data\negatives\Pablo_Picasso_126.jpg,0,val
data\positives\vangogh\Vincent_van_Gogh_132.jpg,1,val
data\negatives\Titian_229.jpg,0,val
data\positives\vangogh\Vincent_van_Gogh_218.jpg,1,val
data\positives\vangogh\Vincent_van_Gogh_645.jpg,1,val
data\positives\vangogh\Vincent_van_Gogh_745.jpg,1,val
data\negatives\Alfred_Sisley_39.jpg,0,val
data\negatives\Andy_Warhol_26.jpg,0,val
data\positives\vangogh\Vincent_van_Gogh_412.jpg,1,val
data\negatives\Joan_Miro_42.jpg,0,val
data\negatives\Pablo_Picasso_44.jpg,0,val
data\negatives\Claude_Monet_1.jpg,0,val
data\negatives\Pierre-Auguste_Renoir_97.jpg,0,val
data\negatives\Edgar_Degas_188.jpg,0,val
data\positives\vangogh\Vincent_van_Gogh_817.jpg,1,val
data\positives\vangogh\Vincent_van_Gogh_47.jpg,1,val
data\negatives\Pablo_Picasso_87.jpg,0,val
data\negatives\Edgar_Degas_129.jpg,0,val
data\negatives\Amedeo_Modigliani_152.jpg,0,val
data\negatives\Paul_Gauguin_87.jpg,0,val
data\negatives\Henri_Matisse_108.jpg,0,val
data\negatives\Rembrandt_106.jpg,0,val
data\negatives\Alfred_Sisley_68.jpg,0,val
data\negatives\Amedeo_Modigliani_35.jpg,0,val
data\negatives\Paul_Gauguin_30.jpg,0,val
data\negatives\Pablo_Picasso_139.jpg,0,val
data\negatives\Caravaggio_12.jpg,0,val
data\negatives\Pablo_Picasso_128.jpg,0,val
data\positives\vangogh\Vincent_van_Gogh_431.jpg,1,val
data\negatives\Pablo_Picasso_43.jpg,0,val
data\negatives\Edgar_Degas_336.jpg,0,val
data\negatives\Henri_Matisse_45.jpg,0,val
data\positives\vangogh\Vincent_van_Gogh_797.jpg,1,val
data\negatives\Alfred_Sisley_64.jpg,0,val
data\negatives\Pierre-Auguste_Renoir_246.jpg,0,val
data\negatives\Pierre-Auguste_Renoir_168.jpg,0,val
data\positives\vangogh\Vincent_van_Gogh_772.jpg,1,val
data\positives\vangogh\Vincent_van_Gogh_203.jpg,1,val
data\positives\vangogh\Vincent_van_Gogh_408.jpg,1,val
data\positives\vangogh\Vincent_van_Gogh_124.jpg,1,val
data\negatives\Alfred_Sisley_196.jpg,0,val
data\negatives\Pierre-Auguste_Renoir_294.jpg,0,val
data\positives\vangogh\Vincent_van_Gogh_791.jpg,1,val
data\positives\vangogh\Vincent_van_Gogh_691.jpg,1,val
data\positives\vangogh\Vincent_van_Gogh_833.jpg,1,val
data\negatives\Pieter_Bruegel_62.jpg,0,val
data\positives\vangogh\Vincent_van_Gogh_188.jpg,1,val
data\negatives\Pierre-Auguste_Renoir_48.jpg,0,val
data\negatives\Joan_Miro_3.jpg,0,val
data\negatives\Alfred_Sisley_244.jpg,0,val
data\positives\vangogh\Vincent_van_Gogh_416.jpg,1,val
data\negatives\Giotto_di_Bondone_68.jpg,0,val
data\negatives\Pablo_Picasso_243.jpg,0,val
data\positives\vangogh\Vincent_van_Gogh_471.jpg,1,val
data\negatives\Pablo_Picasso_234.jpg,0,test
data\positives\vangogh\Vincent_van_Gogh_275.jpg,1,test
data\negatives\Paul_Gauguin_201.jpg,0,test
data\positives\vangogh\Vincent_van_Gogh_583.jpg,1,test
data\negatives\Alfred_Sisley_200.jpg,0,test
data\positives\vangogh\Vincent_van_Gogh_722.jpg,1,test
data\negatives\Albrecht_Du╠êrer_167.jpg,0,test
data\negatives\Vasiliy_Kandinskiy_64.jpg,0,test
data\positives\vangogh\Vincent_van_Gogh_507.jpg,1,test
data\negatives\Albrecht_Du╠êrer_283.jpg,0,test
data\negatives\Alfred_Sisley_168.jpg,0,test
data\positives\vangogh\Vincent_van_Gogh_373.jpg,1,test
data\negatives\Henri_Matisse_83.jpg,0,test
data\negatives\Henri_de_Toulouse-Lautrec_43.jpg,0,test
data\positives\vangogh\Vincent_van_Gogh_33.jpg,1,test
data\negatives\Pierre-Auguste_Renoir_129.jpg,0,test
data\negatives\Pierre-Auguste_Renoir_191.jpg,0,test
data\negatives\Mikhail_Vrubel_120.jpg,0,test
data\negatives\Camille_Pissarro_16.jpg,0,test
data\negatives\Pablo_Picasso_85.jpg,0,test
data\negatives\Paul_Gauguin_296.jpg,0,test
data\positives\vangogh\Vincent_van_Gogh_771.jpg,1,test
data\positives\vangogh\Vincent_van_Gogh_91.jpg,1,test
data\negatives\Vasiliy_Kandinskiy_23.jpg,0,test
data\negatives\Jan_van_Eyck_54.jpg,0,test
data\negatives\Henri_Matisse_152.jpg,0,test
data\positives\vangogh\Vincent_van_Gogh_133.jpg,1,test
data\negatives\Rene_Magritte_106.jpg,0,test
data\positives\vangogh\Vincent_van_Gogh_662.jpg,1,test
data\negatives\Alfred_Sisley_207.jpg,0,test
data\positives\vangogh\Vincent_van_Gogh_191.jpg,1,test
data\positives\vangogh\Vincent_van_Gogh_122.jpg,1,test
data\negatives\Paul_Klee_69.jpg,0,test
data\negatives\Marc_Chagall_132.jpg,0,test
data\negatives\Alfred_Sisley_27.jpg,0,test
data\positives\vangogh\Vincent_van_Gogh_718.jpg,1,test
data\negatives\Paul_Gauguin_248.jpg,0,test
data\negatives\Andy_Warhol_39.jpg,0,test
data\positives\vangogh\Vincent_van_Gogh_597.jpg,1,test
data\negatives\Pierre-Auguste_Renoir_83.jpg,0,test
data\negatives\Alfred_Sisley_214.jpg,0,test
data\negatives\Paul_Gauguin_122.jpg,0,test
data\positives\vangogh\Vincent_van_Gogh_733.jpg,1,test
data\negatives\Marc_Chagall_77.jpg,0,test
data\positives\vangogh\Vincent_van_Gogh_795.jpg,1,test
data\negatives\Frida_Kahlo_108.jpg,0,test
data\negatives\Paul_Gauguin_94.jpg,0,test
data\positives\vangogh\Vincent_van_Gogh_777.jpg,1,test
data\positives\vangogh\Vincent_van_Gogh_230.jpg,1,test
data\positives\vangogh\Vincent_van_Gogh_482.jpg,1,test
data\negatives\Amedeo_Modigliani_124.jpg,0,test
data\positives\vangogh\Vincent_van_Gogh_839.jpg,1,test
data\negatives\Peter_Paul_Rubens_2.jpg,0,test
data\negatives\Henri_Matisse_116.jpg,0,test
data\positives\vangogh\Vincent_van_Gogh_446.jpg,1,test
data\negatives\Peter_Paul_Rubens_137.jpg,0,test
data\negatives\Paul_Cezanne_21.jpg,0,test
data\negatives\Caravaggio_13.jpg,0,test
data\positives\vangogh\Vincent_van_Gogh_773.jpg,1,test
data\negatives\Giotto_di_Bondone_49.jpg,0,test
data\positives\vangogh\Vincent_van_Gogh_871.jpg,1,test
data\negatives\Pieter_Bruegel_89.jpg,0,test
data\negatives\Albrecht_Du╠êrer_93.jpg,0,test
data\negatives\Marc_Chagall_13.jpg,0,test
data\positives\vangogh\Vincent_van_Gogh_300.jpg,1,test
data\positives\vangogh\Vincent_van_Gogh_227.jpg,1,test
data\positives\vangogh\Vincent_van_Gogh_792.jpg,1,test
data\positives\vangogh\Vincent_van_Gogh_443.jpg,1,test
data\negatives\Edouard_Manet_50.jpg,0,test
data\positives\vangogh\Vincent_van_Gogh_856.jpg,1,test
data\negatives\Marc_Chagall_219.jpg,0,test
data\negatives\Francisco_Goya_185.jpg,0,test
data\positives\vangogh\Vincent_van_Gogh_286.jpg,1,test
data\negatives\Pablo_Picasso_394.jpg,0,test
data\positives\vangogh\Vincent_van_Gogh_206.jpg,1,test
data\negatives\William_Turner_43.jpg,0,test
data\negatives\Alfred_Sisley_40.jpg,0,test
data\negatives\Pierre-Auguste_Renoir_330.jpg,0,test
data\positives\vangogh\Vincent_van_Gogh_707.jpg,1,test
data\negatives\Henri_Matisse_62.jpg,0,test
data\negatives\Leonardo_da_Vinci_135.jpg,0,test
data\negatives\Pierre-Auguste_Renoir_4.jpg,0,test
data\positives\vangogh\Vincent_van_Gogh_539.jpg,1,test
data\negatives\Pierre-Auguste_Renoir_3.jpg,0,test
data\negatives\Alfred_Sisley_193.jpg,0,test
data\negatives\Edgar_Degas_14.jpg,0,test
data\negatives\Alfred_Sisley_69.jpg,0,test
data\positives\vangogh\Vincent_van_Gogh_495.jpg,1,test
data\negatives\Francisco_Goya_283.jpg,0,test
data\positives\vangogh\Vincent_van_Gogh_278.jpg,1,test
data\positives\vangogh\Vincent_van_Gogh_3.jpg,1,test
data\negatives\Francisco_Goya_74.jpg,0,test
data\negatives\Albrecht_Du╠êrer_126.jpg,0,test
data\positives\vangogh\Vincent_van_Gogh_126.jpg,1,test
data\positives\vangogh\Vincent_van_Gogh_692.jpg,1,test
data\negatives\Paul_Cezanne_10.jpg,0,test
data\negatives\Peter_Paul_Rubens_81.jpg,0,test
data\positives\vangogh\Vincent_van_Gogh_37.jpg,1,test
data\negatives\Pierre-Auguste_Renoir_283.jpg,0,test
data\negatives\Gustav_Klimt_20.jpg,0,test
data\negatives\Leonardo_da_Vinci_110.jpg,0,test
data\positives\vangogh\Vincent_van_Gogh_61.jpg,1,test
data\positives\vangogh\Vincent_van_Gogh_134.jpg,1,test
data\positives\vangogh\Vincent_van_Gogh_567.jpg,1,test
data\negatives\Gustav_Klimt_108.jpg,0,test
data\positives\vangogh\Vincent_van_Gogh_257.jpg,1,test
data\negatives\Alfred_Sisley_78.jpg,0,test
data\positives\vangogh\Vincent_van_Gogh_200.jpg,1,test
data\positives\vangogh\Vincent_van_Gogh_690.jpg,1,test
data\positives\vangogh\Vincent_van_Gogh_872.jpg,1,test
data\positives\vangogh\Vincent_van_Gogh_589.jpg,1,test
data\negatives\Edgar_Degas_296.jpg,0,test
data\positives\vangogh\Vincent_van_Gogh_45.jpg,1,test
data\negatives\Michelangelo_10.jpg,0,test
data\negatives\Alfred_Sisley_206.jpg,0,test
data\negatives\Alfred_Sisley_190.jpg,0,test
data\negatives\Gustav_Klimt_54.jpg,0,test
data\positives\vangogh\Vincent_van_Gogh_178.jpg,1,test
data\negatives\Edgar_Degas_374.jpg,0,test
data\negatives\Marc_Chagall_101.jpg,0,test
data\negatives\Paul_Gauguin_23.jpg,0,test
data\negatives\Henri_Matisse_13.jpg,0,test
data\positives\vangogh\Vincent_van_Gogh_447.jpg,1,test
data\negatives\Rene_Magritte_57.jpg,0,test
data\positives\vangogh\Vincent_van_Gogh_131.jpg,1,test
data\negatives\Sandro_Botticelli_147.jpg,0,test
data\negatives\Alfred_Sisley_163.jpg,0,test
data\negatives\Paul_Gauguin_81.jpg,0,test
data\positives\vangogh\Vincent_van_Gogh_422.jpg,1,test
data\negatives\Paul_Gauguin_268.jpg,0,test
data\positives\vangogh\Vincent_van_Gogh_176.jpg,1,test
data\negatives\Francisco_Goya_97.jpg,0,test
data\negatives\Camille_Pissarro_64.jpg,0,test
data\positives\vangogh\Vincent_van_Gogh_425.jpg,1,test
data\positives\vangogh\Vincent_van_Gogh_534.jpg,1,test
data\positives\vangogh\Vincent_van_Gogh_541.jpg,1,test
data\negatives\Henri_de_Toulouse-Lautrec_46.jpg,0,test
data\negatives\Alfred_Sisley_173.jpg,0,test
data\positives\vangogh\Vincent_van_Gogh_409.jpg,1,test
data\negatives\Henri_de_Toulouse-Lautrec_34.jpg,0,test
data\negatives\Paul_Gauguin_197.jpg,0,test
data\negatives\Camille_Pissarro_63.jpg,0,test
data\negatives\Edgar_Degas_585.jpg,0,test
data\negatives\Paul_Gauguin_238.jpg,0,test
data\negatives\Paul_Gauguin_183.jpg,0,test
data\negatives\Salvador_Dali_92.jpg,0,test
data\negatives\Albrecht_Du╠êrer_200.jpg,0,test
data\positives\vangogh\Vincent_van_Gogh_104.jpg,1,test
data\negatives\Mikhail_Vrubel_127.jpg,0,test
data\negatives\Rembrandt_170.jpg,0,test
data\negatives\Georges_Seurat_1.jpg,0,test
data\negatives\Paul_Klee_22.jpg,0,test
data\negatives\Alfred_Sisley_124.jpg,0,test
data\negatives\Amedeo_Modigliani_49.jpg,0,test
data\positives\vangogh\Vincent_van_Gogh_394.jpg,1,test
data\positives\vangogh\Vincent_van_Gogh_342.jpg,1,test
data\negatives\Edgar_Degas_94.jpg,0,test
data\negatives\Henri_de_Toulouse-Lautrec_59.jpg,0,test
data\negatives\Pierre-Auguste_Renoir_68.jpg,0,test
data\positives\vangogh\Vincent_van_Gogh_783.jpg,1,test
data\positives\vangogh\Vincent_van_Gogh_374.jpg,1,test
data\positives\vangogh\Vincent_van_Gogh_99.jpg,1,test
data\negatives\Titian_100.jpg,0,test
data\negatives\Edgar_Degas_326.jpg,0,test
data\positives\vangogh\Vincent_van_Gogh_626.jpg,1,test
data\negatives\Henri_Matisse_56.jpg,0,test
data\negatives\Gustav_Klimt_67.jpg,0,test
data\negatives\Pablo_Picasso_74.jpg,0,test
data\negatives\Piet_Mondrian_53.jpg,0,test
data\negatives\Edgar_Degas_523.jpg,0,test
data\negatives\Marc_Chagall_118.jpg,0,test
data\positives\vangogh\Vincent_van_Gogh_511.jpg,1,test
data\positives\vangogh\Vincent_van_Gogh_600.jpg,1,test
data\negatives\Marc_Chagall_53.jpg,0,test
data\negatives\Camille_Pissarro_72.jpg,0,test
data\negatives\Albrecht_Du╠êrer_250.jpg,0,test
data\negatives\Rembrandt_261.jpg,0,test
data\negatives\Amedeo_Modigliani_94.jpg,0,test
data\positives\vangogh\Vincent_van_Gogh_492.jpg,1,test
data\positives\vangogh\Vincent_van_Gogh_20.jpg,1,test
data\positives\vangogh\Vincent_van_Gogh_60.jpg,1,test
data\positives\vangogh\Vincent_van_Gogh_271.jpg,1,test
data\positives\vangogh\Vincent_van_Gogh_199.jpg,1,test
data\negatives\Pierre-Auguste_Renoir_88.jpg,0,test
data\negatives\Camille_Pissarro_88.jpg,0,test
data\positives\vangogh\Vincent_van_Gogh_244.jpg,1,test
data\negatives\Titian_50.jpg,0,test
data\negatives\Paul_Gauguin_37.jpg,0,test
data\negatives\Camille_Pissarro_9.jpg,0,test
data\negatives\Andy_Warhol_116.jpg,0,test
data\negatives\Paul_Cezanne_14.jpg,0,test
data\negatives\Diego_Rivera_7.jpg,0,test
data\negatives\Salvador_Dali_126.jpg,0,test
data\positives\vangogh\Vincent_van_Gogh_568.jpg,1,test
data\negatives\Gustave_Courbet_17.jpg,0,test
data\negatives\Marc_Chagall_71.jpg,0,test
data\negatives\Marc_Chagall_30.jpg,0,test
data\negatives\Andy_Warhol_67.jpg,0,test
data\positives\vangogh\Vincent_van_Gogh_341.jpg,1,test
data\negatives\Paul_Gauguin_130.jpg,0,test
data\positives\vangogh\Vincent_van_Gogh_324.jpg,1,test
data\negatives\Francisco_Goya_217.jpg,0,test
data\negatives\Alfred_Sisley_209.jpg,0,test
data\positives\vangogh\Vincent_van_Gogh_419.jpg,1,test
data\negatives\Rembrandt_111.jpg,0,test
data\negatives\Pablo_Picasso_122.jpg,0,test
data\positives\vangogh\Vincent_van_Gogh_334.jpg,1,test
data\positives\vangogh\Vincent_van_Gogh_190.jpg,1,test
data\negatives\Albrecht_Du╠êrer_155.jpg,0,test
data\negatives\Sandro_Botticelli_111.jpg,0,test
data\negatives\Alfred_Sisley_90.jpg,0,test
data\positives\vangogh\Vincent_van_Gogh_441.jpg,1,test
data\negatives\Albrecht_Du╠êrer_196.jpg,0,test
data\positives\vangogh\Vincent_van_Gogh_46.jpg,1,test
data\negatives\Sandro_Botticelli_22.jpg,0,test
data\positives\vangogh\Vincent_van_Gogh_291.jpg,1,test
data\negatives\Pierre-Auguste_Renoir_124.jpg,0,test
data\negatives\Rene_Magritte_81.jpg,0,test
data\negatives\Pierre-Auguste_Renoir_193.jpg,0,test
data\negatives\Alfred_Sisley_96.jpg,0,test
data\positives\vangogh\Vincent_van_Gogh_624.jpg,1,test
data\negatives\Pierre-Auguste_Renoir_243.jpg,0,test
data\negatives\Gustav_Klimt_11.jpg,0,test
data\negatives\Paul_Klee_75.jpg,0,test
data\negatives\Titian_202.jpg,0,test
data\positives\vangogh\Vincent_van_Gogh_79.jpg,1,test
data\negatives\Titian_93.jpg,0,test
data\negatives\Leonardo_da_Vinci_89.jpg,0,test
data\negatives\Edgar_Degas_594.jpg,0,test
data\positives\vangogh\Vincent_van_Gogh_849.jpg,1,test
data\positives\vangogh\Vincent_van_Gogh_743.jpg,1,test
data\positives\vangogh\Vincent_van_Gogh_251.jpg,1,test
data\negatives\Vasiliy_Kandinskiy_14.jpg,0,test
data\negatives\Edgar_Degas_162.jpg,0,test
data\negatives\Edgar_Degas_398.jpg,0,test
data\negatives\Edgar_Degas_137.jpg,0,test
data\positives\vangogh\Vincent_van_Gogh_166.jpg,1,test
data\positives\vangogh\Vincent_van_Gogh_163.jpg,1,test
data\positives\vangogh\Vincent_van_Gogh_384.jpg,1,test
data\negatives\Giotto_di_Bondone_71.jpg,0,test
data\positives\vangogh\Vincent_van_Gogh_201.jpg,1,test
data\negatives\Gustave_Courbet_50.jpg,0,test
data\negatives\Edgar_Degas_252.jpg,0,test
data\positives\vangogh\Vincent_van_Gogh_316.jpg,1,test
data\positives\vangogh\Vincent_van_Gogh_392.jpg,1,test
data\negatives\Paul_Cezanne_19.jpg,0,test
data\negatives\Leonardo_da_Vinci_74.jpg,0,test
data\negatives\Paul_Gauguin_123.jpg,0,test
data\positives\vangogh\Vincent_van_Gogh_709.jpg,1,test
data\positives\vangogh\Vincent_van_Gogh_741.jpg,1,test
data\negatives\Francisco_Goya_255.jpg,0,test
data\negatives\Pierre-Auguste_Renoir_199.jpg,0,test
data\negatives\Paul_Gauguin_88.jpg,0,test
data\negatives\Gustave_Courbet_57.jpg,0,test
data\negatives\Alfred_Sisley_28.jpg,0,test
data\positives\vangogh\Vincent_van_Gogh_584.jpg,1,test
data\negatives\Edgar_Degas_396.jpg,0,test
data\negatives\Pablo_Picasso_352.jpg,0,test
data\negatives\Alfred_Sisley_176.jpg,0,test
data\positives\vangogh\Vincent_van_Gogh_563.jpg,1,test
data\negatives\Amedeo_Modigliani_17.jpg,0,test
data\negatives\Raphael_90.jpg,0,test
data\negatives\Edgar_Degas_653.jpg,0,test
data\negatives\Camille_Pissarro_38.jpg,0,test
data\negatives\Henri_Matisse_74.jpg,0,test
data\negatives\Gustave_Courbet_32.jpg,0,test
data\negatives\Pierre-Auguste_Renoir_227.jpg,0,test
data\positives\vangogh\Vincent_van_Gogh_17.jpg,1,test
data\negatives\Claude_Monet_71.jpg,0,test
data\positives\vangogh\Vincent_van_Gogh_612.jpg,1,test
data\positives\vangogh\Vincent_van_Gogh_628.jpg,1,test
data\negatives\Henri_Matisse_97.jpg,0,test
data\positives\vangogh\Vincent_van_Gogh_525.jpg,1,test
data\negatives\Giotto_di_Bondone_30.jpg,0,test
data\positives\vangogh\Vincent_van_Gogh_156.jpg,1,test
data\positives\vangogh\Vincent_van_Gogh_18.jpg,1,test
data\negatives\Titian_4.jpg,0,test
data\negatives\Kazimir_Malevich_26.jpg,0,test
data\negatives\Paul_Gauguin_301.jpg,0,test
data\positives\vangogh\Vincent_van_Gogh_428.jpg,1,test
data\negatives\Pierre-Auguste_Renoir_22.jpg,0,test
data\positives\vangogh\Vincent_van_Gogh_108.jpg,1,test
data\negatives\Edgar_Degas_238.jpg,0,test
data\negatives\Titian_252.jpg,0,test
data\negatives\Rene_Magritte_91.jpg,0,test
data\negatives\Henri_Matisse_180.jpg,0,test
data\positives\vangogh\Vincent_van_Gogh_573.jpg,1,test
data\negatives\Edgar_Degas_166.jpg,0,test
data\positives\vangogh\Vincent_van_Gogh_310.jpg,1,test
data\negatives\Henri_de_Toulouse-Lautrec_35.jpg,0,test
data\positives\vangogh\Vincent_van_Gogh_735.jpg,1,test
data\negatives\Kazimir_Malevich_17.jpg,0,test
data\negatives\Marc_Chagall_130.jpg,0,test
data\positives\vangogh\Vincent_van_Gogh_106.jpg,1,test
data\positives\vangogh\Vincent_van_Gogh_632.jpg,1,test
data\negatives\Diego_Velazquez_63.jpg,0,test
data\negatives\Alfred_Sisley_54.jpg,0,test
data\negatives\Henri_Matisse_184.jpg,0,test
data\positives\vangogh\Vincent_van_Gogh_385.jpg,1,test
data\negatives\Henri_de_Toulouse-Lautrec_1.jpg,0,test
data\positives\vangogh\Vincent_van_Gogh_301.jpg,1,test
data\negatives\Titian_208.jpg,0,test
data\negatives\Paul_Cezanne_7.jpg,0,test
data\negatives\Paul_Gauguin_208.jpg,0,test
data\negatives\Salvador_Dali_6.jpg,0,test
data\negatives\Pierre-Auguste_Renoir_332.jpg,0,test
data\negatives\Henri_Rousseau_25.jpg,0,test
data\negatives\William_Turner_49.jpg,0,test
data\negatives\Salvador_Dali_49.jpg,0,test
data\negatives\Raphael_49.jpg,0,test
data\negatives\Alfred_Sisley_136.jpg,0,test
data\positives\vangogh\Vincent_van_Gogh_390.jpg,1,test
data\positives\vangogh\Vincent_van_Gogh_716.jpg,1,test
data\positives\vangogh\Vincent_van_Gogh_25.jpg,1,test
data\negatives\Giotto_di_Bondone_75.jpg,0,test
data\positives\vangogh\Vincent_van_Gogh_427.jpg,1,test
data\positives\vangogh\Vincent_van_Gogh_661.jpg,1,test
data\negatives\Henri_Matisse_147.jpg,0,test
data\negatives\Paul_Gauguin_224.jpg,0,test
data\positives\vangogh\Vincent_van_Gogh_82.jpg,1,test
data\negatives\Paul_Gauguin_67.jpg,0,test
data\negatives\Edgar_Degas_341.jpg,0,test
data\negatives\Albrecht_Du╠êrer_107.jpg,0,test
data\positives\vangogh\Vincent_van_Gogh_30.jpg,1,test
data\negatives\Gustave_Courbet_55.jpg,0,test
data\positives\vangogh\Vincent_van_Gogh_270.jpg,1,test
data\negatives\Alfred_Sisley_38.jpg,0,test
data\positives\vangogh\Vincent_van_Gogh_581.jpg,1,test
data\positives\vangogh\Vincent_van_Gogh_736.jpg,1,test
data\negatives\Pierre-Auguste_Renoir_272.jpg,0,test
data\negatives\Alfred_Sisley_20.jpg,0,test
data\negatives\Jan_van_Eyck_76.jpg,0,test
data\negatives\Edgar_Degas_278.jpg,0,test
data\negatives\Pierre-Auguste_Renoir_84.jpg,0,test
data\positives\vangogh\Vincent_van_Gogh_359.jpg,1,test
data\positives\vangogh\Vincent_van_Gogh_611.jpg,1,test
data\negatives\Edgar_Degas_618.jpg,0,test
data\negatives\Rene_Magritte_65.jpg,0,test
data\negatives\Pierre-Auguste_Renoir_257.jpg,0,test
data\negatives\Alfred_Sisley_204.jpg,0,test
data\positives\vangogh\Vincent_van_Gogh_711.jpg,1,test
data\positives\vangogh\Vincent_van_Gogh_333.jpg,1,test
data\negatives\Paul_Gauguin_187.jpg,0,test
data\negatives\Edgar_Degas_344.jpg,0,test
data\negatives\Peter_Paul_Rubens_135.jpg,0,test
data\positives\vangogh\Vincent_van_Gogh_840.jpg,1,test
data\positives\vangogh\Vincent_van_Gogh_801.jpg,1,test
data\positives\vangogh\Vincent_van_Gogh_484.jpg,1,test
data\positives\vangogh\Vincent_van_Gogh_532.jpg,1,test
data\positives\vangogh\Vincent_van_Gogh_284.jpg,1,test
data\negatives\Pierre-Auguste_Renoir_133.jpg,0,test
data\negatives\Rene_Magritte_128.jpg,0,test
data\negatives\Alfred_Sisley_158.jpg,0,test
data\negatives\Francisco_Goya_68.jpg,0,test
data\positives\vangogh\Vincent_van_Gogh_336.jpg,1,test
data\positives\vangogh\Vincent_van_Gogh_96.jpg,1,test
data\negatives\Pierre-Auguste_Renoir_1.jpg,0,test
data\negatives\Paul_Gauguin_191.jpg,0,test
data\positives\vangogh\Vincent_van_Gogh_481.jpg,1,test
data\negatives\Alfred_Sisley_29.jpg,0,test
