path,sim_ref_max,sim_text,score_combined,phash_near_dup,suspect_vg,dist_to_thr,path_exported
data\candidates\artists_tree\Pierre-Auguste_Renoir\Pierre-Auguste_Renoir_213.jpg,0.9349474906921387,0.278180330991745,0.6166045665740967,False,False,0.18339543342590336,data\negatives\Pierre-Auguste_Renoir_213.jpg
data\candidates\artists_tree\Alfred_Sisley\Alfred_Sisley_183.jpg,0.9299196600914001,0.28309494256973267,0.6145707964897156,False,False,0.18542920351028447,data\negatives\Alfred_Sisley_183.jpg
data\candidates\artists_tree\Henri_Matisse\Henri_Matisse_149.jpg,0.9253160953521729,0.2862856388092041,0.6124467849731445,False,False,0.1875532150268555,data\negatives\Henri_Matisse_149.jpg
data\candidates\artists_tree\Alfred_Sisley\Alfred_Sisley_131.jpg,0.9217506647109985,0.2864549458026886,0.6103413701057434,False,False,0.18965862989425664,data\negatives\Alfred_Sisley_131.jpg
data\candidates\artists_tree\Camille_Pissarro\Camille_Pissarro_74.jpg,0.9224604964256287,0.2747439444065094,0.6084251403808594,False,False,0.19157485961914067,data\negatives\Camille_Pissarro_74.jpg
data\candidates\artists_tree\Alfred_Sisley\Alfred_Sisley_244.jpg,0.9240229725837708,0.26776522397994995,0.6079668402671814,False,False,0.19203315973281865,data\negatives\Alfred_Sisley_244.jpg
data\candidates\artists_tree\Pierre-Auguste_Renoir\Pierre-Auguste_Renoir_277.jpg,0.9235138893127441,0.26750633120536804,0.6076096296310425,False,False,0.19239037036895756,data\negatives\Pierre-Auguste_Renoir_277.jpg
data\candidates\artists_tree\Alfred_Sisley\Alfred_Sisley_248.jpg,0.9209980368614197,0.26820915937423706,0.6062406897544861,False,False,0.19375931024551396,data\negatives\Alfred_Sisley_248.jpg
data\candidates\artists_tree\Alfred_Sisley\Alfred_Sisley_171.jpg,0.9210227131843567,0.2615201473236084,0.6049177050590515,False,False,0.19508229494094853,data\negatives\Alfred_Sisley_171.jpg
data\candidates\artists_tree\Alfred_Sisley\Alfred_Sisley_116.jpg,0.9045395851135254,0.30640119314193726,0.6040040254592896,False,False,0.1959959745407105,data\negatives\Alfred_Sisley_116.jpg
data\candidates\artists_tree\Camille_Pissarro\Camille_Pissarro_28.jpg,0.9100973010063171,0.287046879529953,0.6034678220748901,False,False,0.1965321779251099,data\negatives\Camille_Pissarro_28.jpg
data\candidates\artists_tree\Pierre-Auguste_Renoir\Pierre-Auguste_Renoir_244.jpg,0.9150857925415039,0.2689337730407715,0.6028382778167725,False,False,0.19716172218322758,data\negatives\Pierre-Auguste_Renoir_244.jpg
data\candidates\artists_tree\Camille_Pissarro\Camille_Pissarro_26.jpg,0.9066718816757202,0.28973907232284546,0.6019509434700012,False,False,0.19804905652999882,data\negatives\Camille_Pissarro_26.jpg
data\candidates\artists_tree\Claude_Monet\Claude_Monet_36.jpg,0.9063791036605835,0.29042354226112366,0.6019122004508972,False,False,0.19808779954910283,data\negatives\Claude_Monet_36.jpg
data\candidates\artists_tree\Alfred_Sisley\Alfred_Sisley_3.jpg,0.9091900587081909,0.2799985706806183,0.6015137434005737,False,False,0.19848625659942631,data\negatives\Alfred_Sisley_3.jpg
data\candidates\artists_tree\Pierre-Auguste_Renoir\Pierre-Auguste_Renoir_26.jpg,0.9107551574707031,0.27507302165031433,0.6014677286148071,False,False,0.19853227138519292,data\negatives\Pierre-Auguste_Renoir_26.jpg
data\candidates\artists_tree\Alfred_Sisley\Alfred_Sisley_146.jpg,0.9033627510070801,0.29716765880584717,0.6014512181282043,False,False,0.1985487818717957,data\negatives\Alfred_Sisley_146.jpg
data\candidates\artists_tree\Alfred_Sisley\Alfred_Sisley_64.jpg,0.9043385982513428,0.286353200674057,0.5998738408088684,False,False,0.20012615919113164,data\negatives\Alfred_Sisley_64.jpg
data\candidates\artists_tree\Pierre-Auguste_Renoir\Pierre-Auguste_Renoir_65.jpg,0.9075299501419067,0.2763257324695587,0.5997831225395203,False,False,0.20021687746047978,data\negatives\Pierre-Auguste_Renoir_65.jpg
data\candidates\artists_tree\Camille_Pissarro\Camille_Pissarro_72.jpg,0.904714047908783,0.28357169032096863,0.5995427966117859,False,False,0.20045720338821416,data\negatives\Camille_Pissarro_72.jpg
data\candidates\artists_tree\Alfred_Sisley\Alfred_Sisley_66.jpg,0.9053589105606079,0.2803518772125244,0.5992857813835144,False,False,0.20071421861648564,data\negatives\Alfred_Sisley_66.jpg
data\candidates\artists_tree\Marc_Chagall\Marc_Chagall_223.jpg,0.9058641195297241,0.2773934602737427,0.598997175693512,False,False,0.20100282430648808,data\negatives\Marc_Chagall_223.jpg
data\candidates\artists_tree\Edouard_Manet\Edouard_Manet_10.jpg,0.9155149459838867,0.24757224321365356,0.5988234877586365,False,False,0.20117651224136357,data\negatives\Edouard_Manet_10.jpg
data\candidates\artists_tree\Pierre-Auguste_Renoir\Pierre-Auguste_Renoir_50.jpg,0.9017263650894165,0.2886229157447815,0.5987604260444641,False,False,0.20123957395553593,data\negatives\Pierre-Auguste_Renoir_50.jpg
data\candidates\artists_tree\Claude_Monet\Claude_Monet_32.jpg,0.900601863861084,0.2919890880584717,0.5987589955329895,False,False,0.20124100446701054,data\negatives\Claude_Monet_32.jpg
data\candidates\artists_tree\Pierre-Auguste_Renoir\Pierre-Auguste_Renoir_207.jpg,0.9029994010925293,0.283600777387619,0.5985198020935059,False,False,0.20148019790649419,data\negatives\Pierre-Auguste_Renoir_207.jpg
data\candidates\artists_tree\Camille_Pissarro\Camille_Pissarro_38.jpg,0.9065274596214294,0.2725919187068939,0.5984349250793457,False,False,0.20156507492065434,data\negatives\Camille_Pissarro_38.jpg
data\candidates\artists_tree\Pierre-Auguste_Renoir\Pierre-Auguste_Renoir_163.jpg,0.901435375213623,0.28667545318603516,0.5981963276863098,False,False,0.20180367231369023,data\negatives\Pierre-Auguste_Renoir_163.jpg
data\candidates\artists_tree\Pierre-Auguste_Renoir\Pierre-Auguste_Renoir_30.jpg,0.9042559862136841,0.27732667326927185,0.5980189442634583,False,False,0.2019810557365418,data\negatives\Pierre-Auguste_Renoir_30.jpg
data\candidates\artists_tree\Edouard_Manet\Edouard_Manet_43.jpg,0.9029197692871094,0.28061428666114807,0.5978747010231018,False,False,0.20212529897689824,data\negatives\Edouard_Manet_43.jpg
data\candidates\artists_tree\Alfred_Sisley\Alfred_Sisley_184.jpg,0.9003527164459229,0.28626710176467896,0.5974650979042053,False,False,0.20253490209579472,data\negatives\Alfred_Sisley_184.jpg
data\candidates\artists_tree\Paul_Gauguin\Paul_Gauguin_279.jpg,0.9018096923828125,0.28171655535697937,0.5974291563034058,False,False,0.20257084369659428,data\negatives\Paul_Gauguin_279.jpg
data\candidates\artists_tree\Gustav_Klimt\Gustav_Klimt_77.jpg,0.9021947383880615,0.2791110575199127,0.5971390604972839,False,False,0.2028609395027161,data\negatives\Gustav_Klimt_77.jpg
data\candidates\artists_tree\Paul_Cezanne\Paul_Cezanne_7.jpg,0.8994550108909607,0.28617173433303833,0.596907377243042,False,False,0.20309262275695805,data\negatives\Paul_Cezanne_7.jpg
data\candidates\artists_tree\Alfred_Sisley\Alfred_Sisley_193.jpg,0.8997435569763184,0.2843615710735321,0.5967184901237488,False,False,0.20328150987625127,data\negatives\Alfred_Sisley_193.jpg
data\candidates\artists_tree\Pierre-Auguste_Renoir\Pierre-Auguste_Renoir_323.jpg,0.9048014879226685,0.2685762047767639,0.5965961217880249,False,False,0.20340387821197514,data\negatives\Pierre-Auguste_Renoir_323.jpg
data\candidates\artists_tree\Alfred_Sisley\Alfred_Sisley_29.jpg,0.9054014682769775,0.266133576631546,0.5964676141738892,False,False,0.20353238582611088,data\negatives\Alfred_Sisley_29.jpg
data\candidates\artists_tree\Pierre-Auguste_Renoir\Pierre-Auguste_Renoir_243.jpg,0.9047943353652954,0.2666095197200775,0.5961984992027283,False,False,0.20380150079727177,data\negatives\Pierre-Auguste_Renoir_243.jpg
data\candidates\artists_tree\Camille_Pissarro\Camille_Pissarro_70.jpg,0.9020681381225586,0.2746698260307312,0.5961748957633972,False,False,0.20382510423660283,data\negatives\Camille_Pissarro_70.jpg
data\candidates\artists_tree\Alfred_Sisley\Alfred_Sisley_220.jpg,0.8989020586013794,0.28383439779281616,0.5961081385612488,False,False,0.20389186143875127,data\negatives\Alfred_Sisley_220.jpg
data\candidates\artists_tree\Pierre-Auguste_Renoir\Pierre-Auguste_Renoir_166.jpg,0.8990839123725891,0.282138854265213,0.5958781242370605,False,False,0.2041218757629395,data\negatives\Pierre-Auguste_Renoir_166.jpg
data\candidates\artists_tree\Alfred_Sisley\Alfred_Sisley_152.jpg,0.901984453201294,0.27243879437446594,0.595678448677063,False,False,0.20432155132293706,data\negatives\Alfred_Sisley_152.jpg
data\candidates\artists_tree\Pierre-Auguste_Renoir\Pierre-Auguste_Renoir_161.jpg,0.9070883989334106,0.2566692531108856,0.595586895942688,False,False,0.20441310405731206,data\negatives\Pierre-Auguste_Renoir_161.jpg
data\candidates\artists_tree\Alfred_Sisley\Alfred_Sisley_239.jpg,0.8983352184295654,0.28269892930984497,0.5955409407615662,False,False,0.20445905923843388,data\negatives\Alfred_Sisley_239.jpg
data\candidates\artists_tree\Alfred_Sisley\Alfred_Sisley_12.jpg,0.8984609842300415,0.28167152404785156,0.595410943031311,False,False,0.204589056968689,data\negatives\Alfred_Sisley_12.jpg
data\candidates\artists_tree\Alfred_Sisley\Alfred_Sisley_243.jpg,0.8986274003982544,0.280022531747818,0.5951809883117676,False,False,0.20481901168823247,data\negatives\Alfred_Sisley_243.jpg
data\candidates\artists_tree\Alfred_Sisley\Alfred_Sisley_14.jpg,0.8964787721633911,0.28641465306282043,0.5951701998710632,False,False,0.2048298001289368,data\negatives\Alfred_Sisley_14.jpg
data\candidates\artists_tree\Paul_Gauguin\Paul_Gauguin_129.jpg,0.9066944122314453,0.2557210922241211,0.5951609015464783,False,False,0.20483909845352177,data\negatives\Paul_Gauguin_129.jpg
data\candidates\artists_tree\Alfred_Sisley\Alfred_Sisley_51.jpg,0.8925882577896118,0.29794466495513916,0.5951418876647949,False,False,0.20485811233520512,data\negatives\Alfred_Sisley_51.jpg
data\candidates\artists_tree\Henri_de_Toulouse-Lautrec\Henri_de_Toulouse-Lautrec_43.jpg,0.8946747779846191,0.29056504368782043,0.594917893409729,False,False,0.20508210659027104,data\negatives\Henri_de_Toulouse-Lautrec_43.jpg
data\candidates\artists_tree\Alfred_Sisley\Alfred_Sisley_207.jpg,0.8944571018218994,0.2893955707550049,0.5945533514022827,False,False,0.20544664859771733,data\negatives\Alfred_Sisley_207.jpg
data\candidates\artists_tree\Claude_Monet\Claude_Monet_39.jpg,0.8948076963424683,0.28740328550338745,0.5943652987480164,False,False,0.2056347012519837,data\negatives\Claude_Monet_39.jpg
data\candidates\artists_tree\Paul_Gauguin\Paul_Gauguin_246.jpg,0.8919432163238525,0.2957378327846527,0.5943135023117065,False,False,0.2056864976882935,data\negatives\Paul_Gauguin_246.jpg
data\candidates\artists_tree\Claude_Monet\Claude_Monet_41.jpg,0.8922516107559204,0.2946889400482178,0.5942887663841248,False,False,0.2057112336158753,data\negatives\Claude_Monet_41.jpg
data\candidates\artists_tree\Georges_Seurat\Georges_Seurat_3.jpg,0.8935825824737549,0.2903086245059967,0.5942112803459167,False,False,0.2057887196540833,data\negatives\Georges_Seurat_3.jpg
data\candidates\artists_tree\Camille_Pissarro\Camille_Pissarro_31.jpg,0.8999853134155273,0.27054843306541443,0.5941008925437927,False,False,0.20589910745620732,data\negatives\Camille_Pissarro_31.jpg
data\candidates\artists_tree\Pierre-Auguste_Renoir\Pierre-Auguste_Renoir_183.jpg,0.8944187164306641,0.28652817010879517,0.5939568877220154,False,False,0.20604311227798466,data\negatives\Pierre-Auguste_Renoir_183.jpg
data\candidates\artists_tree\Pierre-Auguste_Renoir\Pierre-Auguste_Renoir_168.jpg,0.893944263458252,0.2877891957759857,0.5939244031906128,False,False,0.20607559680938725,data\negatives\Pierre-Auguste_Renoir_168.jpg
data\candidates\artists_tree\Pierre-Auguste_Renoir\Pierre-Auguste_Renoir_138.jpg,0.8957048654556274,0.2818974554538727,0.5938024520874023,False,False,0.2061975479125977,data\negatives\Pierre-Auguste_Renoir_138.jpg
data\candidates\artists_tree\Pierre-Auguste_Renoir\Pierre-Auguste_Renoir_272.jpg,0.8964921236038208,0.2780986428260803,0.5935150384902954,False,False,0.20648496150970463,data\negatives\Pierre-Auguste_Renoir_272.jpg
data\candidates\artists_tree\Alfred_Sisley\Alfred_Sisley_99.jpg,0.8983935117721558,0.2721971869468689,0.5934755802154541,False,False,0.20652441978454594,data\negatives\Alfred_Sisley_99.jpg
data\candidates\artists_tree\Alfred_Sisley\Alfred_Sisley_19.jpg,0.8940033912658691,0.2851065993309021,0.5934233665466309,False,False,0.20657663345336919,data\negatives\Alfred_Sisley_19.jpg
data\candidates\artists_tree\Alfred_Sisley\Alfred_Sisley_214.jpg,0.896806538105011,0.27643582224845886,0.5933711528778076,False,False,0.20662884712219243,data\negatives\Alfred_Sisley_214.jpg
data\candidates\artists_tree\Alfred_Sisley\Alfred_Sisley_46.jpg,0.898790717124939,0.27037763595581055,0.5933499932289124,False,False,0.2066500067710877,data\negatives\Alfred_Sisley_46.jpg
data\candidates\artists_tree\Alfred_Sisley\Alfred_Sisley_27.jpg,0.9029190540313721,0.2576427459716797,0.593280017375946,False,False,0.206719982624054,data\negatives\Alfred_Sisley_27.jpg
data\candidates\artists_tree\Alfred_Sisley\Alfred_Sisley_225.jpg,0.8997310996055603,0.2659529447555542,0.593029260635376,False,False,0.20697073936462407,data\negatives\Alfred_Sisley_225.jpg
data\candidates\artists_tree\Claude_Monet\Claude_Monet_48.jpg,0.8923513293266296,0.28696733713150024,0.5928043127059937,False,False,0.2071956872940064,data\negatives\Claude_Monet_48.jpg
data\candidates\artists_tree\Gustav_Klimt\Gustav_Klimt_36.jpg,0.8924037218093872,0.2859344482421875,0.5926291346549988,False,False,0.20737086534500127,data\negatives\Gustav_Klimt_36.jpg
data\candidates\artists_tree\Edvard_Munch\Edvard_Munch_7.jpg,0.8926181197166443,0.2850530743598938,0.5925815105438232,False,False,0.2074184894561768,data\negatives\Edvard_Munch_7.jpg
data\candidates\artists_tree\Camille_Pissarro\Camille_Pissarro_24.jpg,0.8926639556884766,0.28427568078041077,0.5924535393714905,False,False,0.20754646062850957,data\negatives\Camille_Pissarro_24.jpg
data\candidates\artists_tree\Claude_Monet\Claude_Monet_8.jpg,0.8904455900192261,0.29017695784568787,0.5923027396202087,False,False,0.2076972603797913,data\negatives\Claude_Monet_8.jpg
data\candidates\artists_tree\Camille_Pissarro\Camille_Pissarro_64.jpg,0.8870147466659546,0.30041515827178955,0.5922918915748596,False,False,0.20770810842514043,data\negatives\Camille_Pissarro_64.jpg
data\candidates\artists_tree\Alfred_Sisley\Alfred_Sisley_189.jpg,0.886410117149353,0.3020420968532562,0.5922545194625854,False,False,0.2077454805374146,data\negatives\Alfred_Sisley_189.jpg
data\candidates\artists_tree\Paul_Gauguin\Paul_Gauguin_130.jpg,0.8944120407104492,0.2774744927883148,0.5921421647071838,False,False,0.2078578352928162,data\negatives\Paul_Gauguin_130.jpg
data\candidates\artists_tree\Claude_Monet\Claude_Monet_6.jpg,0.901493489742279,0.2555807828903198,0.5920122861862183,False,False,0.20798771381378178,data\negatives\Claude_Monet_6.jpg
data\candidates\artists_tree\Henri_Matisse\Henri_Matisse_116.jpg,0.8987127542495728,0.26372575759887695,0.591972827911377,False,False,0.2080271720886231,data\negatives\Henri_Matisse_116.jpg
data\candidates\artists_tree\Alfred_Sisley\Alfred_Sisley_158.jpg,0.8984942436218262,0.2641385793685913,0.5919243097305298,False,False,0.20807569026947026,data\negatives\Alfred_Sisley_158.jpg
data\candidates\artists_tree\Pierre-Auguste_Renoir\Pierre-Auguste_Renoir_83.jpg,0.8995341062545776,0.25982367992401123,0.5916852355003357,False,False,0.20831476449966435,data\negatives\Pierre-Auguste_Renoir_83.jpg
data\candidates\artists_tree\Pierre-Auguste_Renoir\Pierre-Auguste_Renoir_92.jpg,0.8973177075386047,0.2659794092178345,0.5915865302085876,False,False,0.2084134697914124,data\negatives\Pierre-Auguste_Renoir_92.jpg
data\candidates\artists_tree\Gustav_Klimt\Gustav_Klimt_82.jpg,0.8980339765548706,0.26377832889556885,0.5915760397911072,False,False,0.20842396020889287,data\negatives\Gustav_Klimt_82.jpg
data\candidates\artists_tree\Alfred_Sisley\Alfred_Sisley_187.jpg,0.895419180393219,0.2711959779262543,0.5914907455444336,False,False,0.20850925445556645,data\negatives\Alfred_Sisley_187.jpg
data\candidates\artists_tree\Pierre-Auguste_Renoir\Pierre-Auguste_Renoir_334.jpg,0.9009795188903809,0.25438424944877625,0.5914645791053772,False,False,0.20853542089462285,data\negatives\Pierre-Auguste_Renoir_334.jpg
data\candidates\artists_tree\Alfred_Sisley\Alfred_Sisley_25.jpg,0.8966060876846313,0.2669954299926758,0.5913627743721008,False,False,0.20863722562789921,data\negatives\Alfred_Sisley_25.jpg
data\candidates\artists_tree\Pierre-Auguste_Renoir\Pierre-Auguste_Renoir_144.jpg,0.8961125016212463,0.268235445022583,0.5913146138191223,False,False,0.20868538618087773,data\negatives\Pierre-Auguste_Renoir_144.jpg
data\candidates\artists_tree\Alfred_Sisley\Alfred_Sisley_224.jpg,0.8917201161384583,0.2813100218772888,0.5912941098213196,False,False,0.20870589017868046,data\negatives\Alfred_Sisley_224.jpg
data\candidates\artists_tree\Pablo_Picasso\Pablo_Picasso_406.jpg,0.893248438835144,0.2766727805137634,0.5912836790084839,False,False,0.20871632099151616,data\negatives\Pablo_Picasso_406.jpg
data\candidates\artists_tree\Pierre-Auguste_Renoir\Pierre-Auguste_Renoir_193.jpg,0.8968764543533325,0.26575952768325806,0.5912777781486511,False,False,0.20872222185134892,data\negatives\Pierre-Auguste_Renoir_193.jpg
data\candidates\artists_tree\Alfred_Sisley\Alfred_Sisley_234.jpg,0.8845205903053284,0.29772502183914185,0.5902573466300964,False,False,0.2097426533699036,data\negatives\Alfred_Sisley_234.jpg
data\candidates\artists_tree\Alfred_Sisley\Alfred_Sisley_221.jpg,0.887915849685669,0.2868897318840027,0.5901274681091309,False,False,0.20987253189086919,data\negatives\Alfred_Sisley_221.jpg
data\candidates\artists_tree\Alfred_Sisley\Alfred_Sisley_18.jpg,0.8915430307388306,0.27599862217903137,0.590125560760498,False,False,0.209874439239502,data\negatives\Alfred_Sisley_18.jpg
data\candidates\artists_tree\Paul_Gauguin\Paul_Gauguin_298.jpg,0.8965635299682617,0.26045575737953186,0.590029239654541,False,False,0.20997076034545903,data\negatives\Paul_Gauguin_298.jpg
data\candidates\artists_tree\Alfred_Sisley\Alfred_Sisley_9.jpg,0.888969898223877,0.28306975960731506,0.5899958610534668,False,False,0.21000413894653325,data\negatives\Alfred_Sisley_9.jpg
data\candidates\artists_tree\Alfred_Sisley\Alfred_Sisley_90.jpg,0.8848584294319153,0.2946181297302246,0.5898386836051941,False,False,0.21016131639480595,data\negatives\Alfred_Sisley_90.jpg
data\candidates\artists_tree\Paul_Gauguin\Paul_Gauguin_280.jpg,0.8872380256652832,0.28543514013290405,0.5894298553466797,False,False,0.21057014465332036,data\negatives\Paul_Gauguin_280.jpg
data\candidates\artists_tree\Gustav_Klimt\Gustav_Klimt_80.jpg,0.8867453336715698,0.28681516647338867,0.5894102454185486,False,False,0.21058975458145146,data\negatives\Gustav_Klimt_80.jpg
data\candidates\artists_tree\Alfred_Sisley\Alfred_Sisley_123.jpg,0.8889446258544922,0.2801366150379181,0.5893940925598145,False,False,0.2106059074401856,data\negatives\Alfred_Sisley_123.jpg
data\candidates\artists_tree\Alfred_Sisley\Alfred_Sisley_237.jpg,0.8878461718559265,0.2832898497581482,0.5893657207489014,False,False,0.21063427925109868,data\negatives\Alfred_Sisley_237.jpg
data\candidates\artists_tree\Alfred_Sisley\Alfred_Sisley_88.jpg,0.8853085041046143,0.289885550737381,0.5891622304916382,False,False,0.21083776950836186,data\negatives\Alfred_Sisley_88.jpg
data\candidates\artists_tree\Gustav_Klimt\Gustav_Klimt_54.jpg,0.8927438259124756,0.2674168348312378,0.5891296863555908,False,False,0.21087031364440922,data\negatives\Gustav_Klimt_54.jpg
data\candidates\artists_tree\Alfred_Sisley\Alfred_Sisley_203.jpg,0.891623854637146,0.2706703841686249,0.589108407497406,False,False,0.21089159250259404,data\negatives\Alfred_Sisley_203.jpg
data\candidates\artists_tree\Pierre-Auguste_Renoir\Pierre-Auguste_Renoir_287.jpg,0.893282413482666,0.26512226462364197,0.5889939665794373,False,False,0.2110060334205628,data\negatives\Pierre-Auguste_Renoir_287.jpg
data\candidates\artists_tree\Claude_Monet\Claude_Monet_47.jpg,0.8881539702415466,0.2803580164909363,0.5889639854431152,False,False,0.2110360145568848,data\negatives\Claude_Monet_47.jpg
data\candidates\artists_tree\Paul_Gauguin\Paul_Gauguin_296.jpg,0.8890222311019897,0.2777162194252014,0.5889565944671631,False,False,0.21104340553283696,data\negatives\Paul_Gauguin_296.jpg
data\candidates\artists_tree\Alfred_Sisley\Alfred_Sisley_170.jpg,0.8885675668716431,0.27779650688171387,0.5886998176574707,False,False,0.21130018234252934,data\negatives\Alfred_Sisley_170.jpg
data\candidates\artists_tree\Alfred_Sisley\Alfred_Sisley_132.jpg,0.8846413493156433,0.28955376148223877,0.5886955857276917,False,False,0.2113044142723084,data\negatives\Alfred_Sisley_132.jpg
data\candidates\artists_tree\Camille_Pissarro\Camille_Pissarro_13.jpg,0.8890596628189087,0.27575773000717163,0.5885873436927795,False,False,0.2114126563072205,data\negatives\Camille_Pissarro_13.jpg
data\candidates\artists_tree\Claude_Monet\Claude_Monet_21.jpg,0.8929484486579895,0.2640887498855591,0.5885868668556213,False,False,0.2114131331443787,data\negatives\Claude_Monet_21.jpg
data\candidates\artists_tree\Alfred_Sisley\Alfred_Sisley_39.jpg,0.8907768726348877,0.27054563164711,0.5885752439498901,False,False,0.2114247560501099,data\negatives\Alfred_Sisley_39.jpg
data\candidates\artists_tree\Alfred_Sisley\Alfred_Sisley_230.jpg,0.8854068517684937,0.286255419254303,0.5884952545166016,False,False,0.21150474548339848,data\negatives\Alfred_Sisley_230.jpg
data\candidates\artists_tree\Henri_Matisse\Henri_Matisse_154.jpg,0.889572024345398,0.2736702561378479,0.5884773135185242,False,False,0.21152268648147587,data\negatives\Henri_Matisse_154.jpg
data\candidates\artists_tree\Alfred_Sisley\Alfred_Sisley_77.jpg,0.8899126648902893,0.2717682421207428,0.5883013010025024,False,False,0.2116986989974976,data\negatives\Alfred_Sisley_77.jpg
data\candidates\artists_tree\Edgar_Degas\Edgar_Degas_269.jpg,0.889236569404602,0.27341529726982117,0.5882250070571899,False,False,0.2117749929428101,data\negatives\Edgar_Degas_269.jpg
data\candidates\artists_tree\Alfred_Sisley\Alfred_Sisley_86.jpg,0.8845688700675964,0.287399023771286,0.5882211327552795,False,False,0.2117788672447205,data\negatives\Alfred_Sisley_86.jpg
data\candidates\artists_tree\Edgar_Degas\Edgar_Degas_577.jpg,0.8908745050430298,0.2684151828289032,0.5882077813148499,False,False,0.2117922186851502,data\negatives\Edgar_Degas_577.jpg
data\candidates\artists_tree\Alfred_Sisley\Alfred_Sisley_4.jpg,0.876571536064148,0.3098609745502472,0.5879151225090027,False,False,0.21208487749099736,data\negatives\Alfred_Sisley_4.jpg
data\candidates\artists_tree\Claude_Monet\Claude_Monet_1.jpg,0.8882089853286743,0.27479419112205505,0.587884247303009,False,False,0.212115752696991,data\negatives\Claude_Monet_1.jpg
data\candidates\artists_tree\Gustav_Klimt\Gustav_Klimt_76.jpg,0.8887768387794495,0.27303484082221985,0.587873101234436,False,False,0.212126898765564,data\negatives\Gustav_Klimt_76.jpg
data\candidates\artists_tree\Paul_Gauguin\Paul_Gauguin_76.jpg,0.8933693766593933,0.25905129313468933,0.5878319144248962,False,False,0.2121680855751038,data\negatives\Paul_Gauguin_76.jpg
data\candidates\artists_tree\Alfred_Sisley\Alfred_Sisley_124.jpg,0.894076943397522,0.2567214369773865,0.5877904891967773,False,False,0.2122095108032227,data\negatives\Alfred_Sisley_124.jpg
data\candidates\artists_tree\Pierre-Auguste_Renoir\Pierre-Auguste_Renoir_247.jpg,0.8874826431274414,0.27401646971702576,0.5872929096221924,False,False,0.21270709037780766,data\negatives\Pierre-Auguste_Renoir_247.jpg
data\candidates\artists_tree\Pierre-Auguste_Renoir\Pierre-Auguste_Renoir_45.jpg,0.885284423828125,0.2799413502216339,0.5871589183807373,False,False,0.21284108161926274,data\negatives\Pierre-Auguste_Renoir_45.jpg
data\candidates\artists_tree\Camille_Pissarro\Camille_Pissarro_71.jpg,0.8891316056251526,0.2679317891597748,0.5870653390884399,False,False,0.2129346609115601,data\negatives\Camille_Pissarro_71.jpg
data\candidates\artists_tree\Gustav_Klimt\Gustav_Klimt_47.jpg,0.8968945145606995,0.24429503083229065,0.5869957208633423,False,False,0.21300427913665776,data\negatives\Gustav_Klimt_47.jpg
data\candidates\artists_tree\Pierre-Auguste_Renoir\Pierre-Auguste_Renoir_74.jpg,0.885964572429657,0.27663981914520264,0.5869067311286926,False,False,0.21309326887130742,data\negatives\Pierre-Auguste_Renoir_74.jpg
data\candidates\artists_tree\Pierre-Auguste_Renoir\Pierre-Auguste_Renoir_106.jpg,0.8895845413208008,0.26569312810897827,0.586889386177063,False,False,0.21311061382293706,data\negatives\Pierre-Auguste_Renoir_106.jpg
data\candidates\artists_tree\Alfred_Sisley\Alfred_Sisley_57.jpg,0.8837745189666748,0.2831103801727295,0.5868868231773376,False,False,0.2131131768226624,data\negatives\Alfred_Sisley_57.jpg
data\candidates\artists_tree\Alfred_Sisley\Alfred_Sisley_174.jpg,0.8822259902954102,0.2877125144004822,0.5868781208992004,False,False,0.2131218791007996,data\negatives\Alfred_Sisley_174.jpg
data\candidates\artists_tree\Alfred_Sisley\Alfred_Sisley_31.jpg,0.8848155736923218,0.27953776717185974,0.5867969393730164,False,False,0.2132030606269837,data\negatives\Alfred_Sisley_31.jpg
data\candidates\artists_tree\Alfred_Sisley\Alfred_Sisley_26.jpg,0.8797588348388672,0.2943751811981201,0.5867303609848022,False,False,0.2132696390151978,data\negatives\Alfred_Sisley_26.jpg
data\candidates\artists_tree\Alfred_Sisley\Alfred_Sisley_172.jpg,0.8870585560798645,0.27227210998535156,0.5866895914077759,False,False,0.21331040859222417,data\negatives\Alfred_Sisley_172.jpg
data\candidates\artists_tree\Pierre-Auguste_Renoir\Pierre-Auguste_Renoir_18.jpg,0.8878042697906494,0.26984068751335144,0.5866507291793823,False,False,0.21334927082061772,data\negatives\Pierre-Auguste_Renoir_18.jpg
data\candidates\artists_tree\Alfred_Sisley\Alfred_Sisley_204.jpg,0.8818281292915344,0.28669753670692444,0.58643639087677,False,False,0.21356360912323002,data\negatives\Alfred_Sisley_204.jpg
data\candidates\artists_tree\Paul_Gauguin\Paul_Gauguin_265.jpg,0.8836342096328735,0.27915671467781067,0.5860118865966797,False,False,0.21398811340332036,data\negatives\Paul_Gauguin_265.jpg
data\candidates\artists_tree\Alfred_Sisley\Alfred_Sisley_76.jpg,0.890972375869751,0.25688081979751587,0.5859596133232117,False,False,0.21404038667678837,data\negatives\Alfred_Sisley_76.jpg
data\candidates\artists_tree\Pierre-Auguste_Renoir\Pierre-Auguste_Renoir_290.jpg,0.8803113698959351,0.2883508503437042,0.5858570337295532,False,False,0.21414296627044682,data\negatives\Pierre-Auguste_Renoir_290.jpg
data\candidates\artists_tree\Pierre-Auguste_Renoir\Pierre-Auguste_Renoir_3.jpg,0.8841202855110168,0.27672865986824036,0.5858179330825806,False,False,0.21418206691741948,data\negatives\Pierre-Auguste_Renoir_3.jpg
data\candidates\artists_tree\Paul_Gauguin\Paul_Gauguin_34.jpg,0.8828921318054199,0.2800073027610779,0.5857368111610413,False,False,0.21426318883895878,data\negatives\Paul_Gauguin_34.jpg
data\candidates\artists_tree\Camille_Pissarro\Camille_Pissarro_18.jpg,0.8871520757675171,0.2671566307544708,0.5857226252555847,False,False,0.21427737474441533,data\negatives\Camille_Pissarro_18.jpg
data\candidates\artists_tree\Claude_Monet\Claude_Monet_34.jpg,0.8819974660873413,0.282617449760437,0.585722029209137,False,False,0.21427797079086308,data\negatives\Claude_Monet_34.jpg
data\candidates\artists_tree\Claude_Monet\Claude_Monet_72.jpg,0.8811068534851074,0.284965842962265,0.5856572985649109,False,False,0.21434270143508916,data\negatives\Claude_Monet_72.jpg
data\candidates\artists_tree\Marc_Chagall\Marc_Chagall_130.jpg,0.8915768265724182,0.25353556871414185,0.5856532454490662,False,False,0.21434675455093388,data\negatives\Marc_Chagall_130.jpg
data\candidates\artists_tree\Eugene_Delacroix\Eugene_Delacroix_3.jpg,0.8972523212432861,0.2364683598279953,0.5856450796127319,False,False,0.2143549203872681,data\negatives\Eugene_Delacroix_3.jpg
data\candidates\artists_tree\Alfred_Sisley\Alfred_Sisley_196.jpg,0.8789005279541016,0.29150471091270447,0.5856412649154663,False,False,0.21435873508453374,data\negatives\Alfred_Sisley_196.jpg
data\candidates\artists_tree\Alfred_Sisley\Alfred_Sisley_52.jpg,0.880615770816803,0.28611183166503906,0.5855918526649475,False,False,0.21440814733505253,data\negatives\Alfred_Sisley_52.jpg
data\candidates\artists_tree\Alfred_Sisley\Alfred_Sisley_32.jpg,0.8799798488616943,0.28787678480148315,0.5855633020401001,False,False,0.21443669795989995,data\negatives\Alfred_Sisley_32.jpg
data\candidates\artists_tree\Pierre-Auguste_Renoir\Pierre-Auguste_Renoir_80.jpg,0.8855305910110474,0.27115002274513245,0.5855484008789062,False,False,0.2144515991210938,data\negatives\Pierre-Auguste_Renoir_80.jpg
data\candidates\artists_tree\Alfred_Sisley\Alfred_Sisley_38.jpg,0.8836143016815186,0.27654480934143066,0.5854775309562683,False,False,0.21452246904373173,data\negatives\Alfred_Sisley_38.jpg
data\candidates\artists_tree\Alfred_Sisley\Alfred_Sisley_177.jpg,0.8785331845283508,0.29112571477890015,0.5853450894355774,False,False,0.21465491056442265,data\negatives\Alfred_Sisley_177.jpg
data\candidates\artists_tree\Alfred_Sisley\Alfred_Sisley_120.jpg,0.882768988609314,0.2777555286884308,0.5852125287055969,False,False,0.21478747129440312,data\negatives\Alfred_Sisley_120.jpg
data\candidates\artists_tree\Alfred_Sisley\Alfred_Sisley_37.jpg,0.8867262601852417,0.2657108008861542,0.5851778984069824,False,False,0.21482210159301762,data\negatives\Alfred_Sisley_37.jpg
data\candidates\artists_tree\Paul_Gauguin\Paul_Gauguin_138.jpg,0.8811345100402832,0.2824435234069824,0.5851694345474243,False,False,0.21483056545257573,data\negatives\Paul_Gauguin_138.jpg
data\candidates\artists_tree\Pablo_Picasso\Pablo_Picasso_216.jpg,0.894706666469574,0.24166133999824524,0.5851563215255737,False,False,0.21484367847442631,data\negatives\Pablo_Picasso_216.jpg
data\candidates\artists_tree\Pierre-Auguste_Renoir\Pierre-Auguste_Renoir_186.jpg,0.8901857733726501,0.25510916113853455,0.5851333141326904,False,False,0.21486668586730961,data\negatives\Pierre-Auguste_Renoir_186.jpg
data\candidates\artists_tree\Pierre-Auguste_Renoir\Pierre-Auguste_Renoir_23.jpg,0.8902482986450195,0.2547605633735657,0.5851011276245117,False,False,0.21489887237548833,data\negatives\Pierre-Auguste_Renoir_23.jpg
data\candidates\artists_tree\Henri_Rousseau\Henri_Rousseau_14.jpg,0.8902989625930786,0.2528000473976135,0.5847393870353699,False,False,0.21526061296463017,data\negatives\Henri_Rousseau_14.jpg
data\candidates\artists_tree\Paul_Gauguin\Paul_Gauguin_18.jpg,0.8889819383621216,0.25660115480422974,0.5847094655036926,False,False,0.21529053449630742,data\negatives\Paul_Gauguin_18.jpg
data\candidates\artists_tree\Paul_Cezanne\Paul_Cezanne_47.jpg,0.8874709606170654,0.26097455620765686,0.584677517414093,False,False,0.21532248258590703,data\negatives\Paul_Cezanne_47.jpg
data\candidates\artists_tree\Piet_Mondrian\Piet_Mondrian_19.jpg,0.8757744431495667,0.2958151698112488,0.5846277475357056,False,False,0.21537225246429448,data\negatives\Piet_Mondrian_19.jpg
data\candidates\artists_tree\Camille_Pissarro\Camille_Pissarro_88.jpg,0.8804490566253662,0.28166434168815613,0.5846023559570312,False,False,0.2153976440429688,data\negatives\Camille_Pissarro_88.jpg
data\candidates\artists_tree\Camille_Pissarro\Camille_Pissarro_87.jpg,0.8774333000183105,0.2904956638813019,0.5845591425895691,False,False,0.21544085741043095,data\negatives\Camille_Pissarro_87.jpg
data\candidates\artists_tree\Alfred_Sisley\Alfred_Sisley_173.jpg,0.8722463846206665,0.3059161901473999,0.5845310688018799,False,False,0.21546893119812016,data\negatives\Alfred_Sisley_173.jpg
data\candidates\artists_tree\Alfred_Sisley\Alfred_Sisley_53.jpg,0.8886415362358093,0.2566754221916199,0.5845200419425964,False,False,0.2154799580574036,data\negatives\Alfred_Sisley_53.jpg
data\candidates\artists_tree\Claude_Monet\Claude_Monet_33.jpg,0.8833585977554321,0.27161675691604614,0.5843385457992554,False,False,0.21566145420074467,data\negatives\Claude_Monet_33.jpg
data\candidates\artists_tree\Pieter_Bruegel\Pieter_Bruegel_20.jpg,0.8829036951065063,0.27289044857025146,0.5843203067779541,False,False,0.21567969322204594,data\negatives\Pieter_Bruegel_20.jpg
data\candidates\artists_tree\Gustave_Courbet\Gustave_Courbet_32.jpg,0.8947411775588989,0.23713907599449158,0.584272563457489,False,False,0.21572743654251103,data\negatives\Gustave_Courbet_32.jpg
data\candidates\artists_tree\Pierre-Auguste_Renoir\Pierre-Auguste_Renoir_227.jpg,0.8810076713562012,0.278264582157135,0.5842575430870056,False,False,0.21574245691299443,data\negatives\Pierre-Auguste_Renoir_227.jpg
data\candidates\artists_tree\Pierre-Auguste_Renoir\Pierre-Auguste_Renoir_181.jpg,0.8778233528137207,0.2870851755142212,0.5841110944747925,False,False,0.21588890552520756,data\negatives\Pierre-Auguste_Renoir_181.jpg
data\candidates\artists_tree\Edgar_Degas\Edgar_Degas_370.jpg,0.8756781220436096,0.29251405596733093,0.5839096903800964,False,False,0.2160903096199036,data\negatives\Edgar_Degas_370.jpg
data\candidates\artists_tree\Alfred_Sisley\Alfred_Sisley_105.jpg,0.8695613145828247,0.31045427918434143,0.5838276743888855,False,False,0.21617232561111455,data\negatives\Alfred_Sisley_105.jpg
data\candidates\artists_tree\Paul_Gauguin\Paul_Gauguin_273.jpg,0.88262939453125,0.2711571156978607,0.5838090777397156,False,False,0.21619092226028447,data\negatives\Paul_Gauguin_273.jpg
data\candidates\artists_tree\Pierre-Auguste_Renoir\Pierre-Auguste_Renoir_165.jpg,0.8796114921569824,0.2797146737575531,0.5837098956108093,False,False,0.21629010438919072,data\negatives\Pierre-Auguste_Renoir_165.jpg
data\candidates\artists_tree\Camille_Pissarro\Camille_Pissarro_10.jpg,0.8829830884933472,0.2693141996860504,0.5836527347564697,False,False,0.21634726524353032,data\negatives\Camille_Pissarro_10.jpg
data\candidates\artists_tree\Alfred_Sisley\Alfred_Sisley_175.jpg,0.8789847493171692,0.28096017241477966,0.5835829377174377,False,False,0.2164170622825623,data\negatives\Alfred_Sisley_175.jpg
data\candidates\artists_tree\Pablo_Picasso\Pablo_Picasso_44.jpg,0.8906427621841431,0.24590808153152466,0.5835673213005066,False,False,0.21643267869949345,data\negatives\Pablo_Picasso_44.jpg
data\candidates\artists_tree\Alfred_Sisley\Alfred_Sisley_209.jpg,0.8722729682922363,0.3009980022907257,0.5835634469985962,False,False,0.21643655300140385,data\negatives\Alfred_Sisley_209.jpg
data\candidates\artists_tree\Marc_Chagall\Marc_Chagall_122.jpg,0.8907309770584106,0.24538171291351318,0.583514928817749,False,False,0.21648507118225102,data\negatives\Marc_Chagall_122.jpg
data\candidates\artists_tree\Alfred_Sisley\Alfred_Sisley_75.jpg,0.8776650428771973,0.2842639684677124,0.5834518671035767,False,False,0.21654813289642338,data\negatives\Alfred_Sisley_75.jpg
data\candidates\artists_tree\Alfred_Sisley\Alfred_Sisley_130.jpg,0.8780004978179932,0.2828635275363922,0.5833730697631836,False,False,0.21662693023681645,data\negatives\Alfred_Sisley_130.jpg
data\candidates\artists_tree\Paul_Gauguin\Paul_Gauguin_244.jpg,0.8772696256637573,0.28479325771331787,0.5833204984664917,False,False,0.21667950153350835,data\negatives\Paul_Gauguin_244.jpg
data\candidates\artists_tree\Gustav_Klimt\Gustav_Klimt_91.jpg,0.8871096968650818,0.2552168667316437,0.5833092331886292,False,False,0.2166907668113709,data\negatives\Gustav_Klimt_91.jpg
data\candidates\artists_tree\Salvador_Dali\Salvador_Dali_49.jpg,0.8927614092826843,0.2376895546913147,0.5831947922706604,False,False,0.21680520772933964,data\negatives\Salvador_Dali_49.jpg
data\candidates\artists_tree\Alfred_Sisley\Alfred_Sisley_109.jpg,0.8747912645339966,0.2911885976791382,0.5831125378608704,False,False,0.21688746213912968,data\negatives\Alfred_Sisley_109.jpg
data\candidates\artists_tree\Paul_Gauguin\Paul_Gauguin_292.jpg,0.882445216178894,0.26742759346961975,0.5829526782035828,False,False,0.21704732179641728,data\negatives\Paul_Gauguin_292.jpg
data\candidates\artists_tree\Edvard_Munch\Edvard_Munch_63.jpg,0.8764787316322327,0.2852749228477478,0.5829422473907471,False,False,0.21705775260925297,data\negatives\Edvard_Munch_63.jpg
data\candidates\artists_tree\Claude_Monet\Claude_Monet_67.jpg,0.8847318887710571,0.26042646169662476,0.5829244256019592,False,False,0.21707557439804082,data\negatives\Claude_Monet_67.jpg
data\candidates\artists_tree\Alfred_Sisley\Alfred_Sisley_103.jpg,0.869978666305542,0.3045700788497925,0.5829012393951416,False,False,0.21709876060485844,data\negatives\Alfred_Sisley_103.jpg
data\candidates\artists_tree\Paul_Cezanne\Paul_Cezanne_33.jpg,0.8773770928382874,0.2820274829864502,0.5828317403793335,False,False,0.21716825962066655,data\negatives\Paul_Cezanne_33.jpg
data\candidates\artists_tree\Alfred_Sisley\Alfred_Sisley_197.jpg,0.8813760280609131,0.2698322534561157,0.5827921032905579,False,False,0.21720789670944218,data\negatives\Alfred_Sisley_197.jpg
data\candidates\artists_tree\Pierre-Auguste_Renoir\Pierre-Auguste_Renoir_205.jpg,0.8783438205718994,0.2789195477962494,0.5827902555465698,False,False,0.21720974445343022,data\negatives\Pierre-Auguste_Renoir_205.jpg
data\candidates\artists_tree\Paul_Cezanne\Paul_Cezanne_31.jpg,0.8883214592933655,0.24889466166496277,0.5827718377113342,False,False,0.21722816228866582,data\negatives\Paul_Cezanne_31.jpg
data\candidates\artists_tree\Francisco_Goya\Francisco_Goya_247.jpg,0.8850091695785522,0.2587447762489319,0.5827544331550598,False,False,0.21724556684494023,data\negatives\Francisco_Goya_247.jpg
data\candidates\artists_tree\Edgar_Degas\Edgar_Degas_266.jpg,0.8796131610870361,0.2745364308357239,0.5826751589775085,False,False,0.2173248410224915,data\negatives\Edgar_Degas_266.jpg
data\candidates\artists_tree\Alfred_Sisley\Alfred_Sisley_165.jpg,0.8758777379989624,0.2855857014656067,0.5826438069343567,False,False,0.21735619306564335,data\negatives\Alfred_Sisley_165.jpg
data\candidates\artists_tree\Alfred_Sisley\Alfred_Sisley_247.jpg,0.880835235118866,0.2704775035381317,0.5825966596603394,False,False,0.2174033403396607,data\negatives\Alfred_Sisley_247.jpg
data\candidates\artists_tree\Alfred_Sisley\Alfred_Sisley_153.jpg,0.875713586807251,0.2858145236968994,0.5825910568237305,False,False,0.21740894317626958,data\negatives\Alfred_Sisley_153.jpg
data\candidates\artists_tree\Pierre-Auguste_Renoir\Pierre-Auguste_Renoir_234.jpg,0.8813812732696533,0.26876455545425415,0.5825816988945007,False,False,0.2174183011054993,data\negatives\Pierre-Auguste_Renoir_234.jpg
data\candidates\artists_tree\Edgar_Degas\Edgar_Degas_267.jpg,0.878151535987854,0.278291255235672,0.5825492143630981,False,False,0.2174507856369019,data\negatives\Edgar_Degas_267.jpg
data\candidates\artists_tree\Albrecht_Du╠êrer\Albrecht_Du╠êrer_225.jpg,0.8945965766906738,0.22853650152683258,0.5824652314186096,False,False,0.21753476858139043,data\negatives\Albrecht_Du╠êrer_225.jpg
data\candidates\artists_tree\Edgar_Degas\Edgar_Degas_565.jpg,0.8833385109901428,0.2619633376598358,0.5823957920074463,False,False,0.21760420799255376,data\negatives\Edgar_Degas_565.jpg
data\candidates\artists_tree\Alfred_Sisley\Alfred_Sisley_20.jpg,0.8788648247718811,0.2752310037612915,0.582365095615387,False,False,0.21763490438461308,data\negatives\Alfred_Sisley_20.jpg
data\candidates\artists_tree\Alfred_Sisley\Alfred_Sisley_68.jpg,0.8768942952156067,0.28026866912841797,0.5821903347969055,False,False,0.21780966520309453,data\negatives\Alfred_Sisley_68.jpg
data\candidates\artists_tree\Paul_Gauguin\Paul_Gauguin_37.jpg,0.8793572187423706,0.2727040946483612,0.582155168056488,False,False,0.217844831943512,data\negatives\Paul_Gauguin_37.jpg
data\candidates\artists_tree\Edgar_Degas\Edgar_Degas_344.jpg,0.8827033042907715,0.26244425773620605,0.5821108818054199,False,False,0.21788911819458012,data\negatives\Edgar_Degas_344.jpg
data\candidates\artists_tree\Paul_Gauguin\Paul_Gauguin_122.jpg,0.8735599517822266,0.289856493473053,0.5821073055267334,False,False,0.21789269447326665,data\negatives\Paul_Gauguin_122.jpg
data\candidates\artists_tree\Alfred_Sisley\Alfred_Sisley_251.jpg,0.8749842643737793,0.28554487228393555,0.5820995569229126,False,False,0.21790044307708745,data\negatives\Alfred_Sisley_251.jpg
data\candidates\artists_tree\Paul_Gauguin\Paul_Gauguin_94.jpg,0.8802470564842224,0.2697048783302307,0.5820891857147217,False,False,0.21791081428527836,data\negatives\Paul_Gauguin_94.jpg
data\candidates\artists_tree\Pierre-Auguste_Renoir\Pierre-Auguste_Renoir_159.jpg,0.8807265758514404,0.2678794264793396,0.5820118188858032,False,False,0.21798818111419682,data\negatives\Pierre-Auguste_Renoir_159.jpg
data\candidates\artists_tree\Alfred_Sisley\Alfred_Sisley_258.jpg,0.8778849840164185,0.27636465430259705,0.5820039510726929,False,False,0.21799604892730717,data\negatives\Alfred_Sisley_258.jpg
data\candidates\artists_tree\Alfred_Sisley\Alfred_Sisley_259.jpg,0.8728612661361694,0.29142826795578003,0.5820024609565735,False,False,0.21799753904342656,data\negatives\Alfred_Sisley_259.jpg
data\candidates\artists_tree\Paul_Gauguin\Paul_Gauguin_95.jpg,0.874398410320282,0.2867627739906311,0.5819916129112244,False,False,0.21800838708877568,data\negatives\Paul_Gauguin_95.jpg
data\candidates\artists_tree\Alfred_Sisley\Alfred_Sisley_89.jpg,0.8764073848724365,0.28071776032447815,0.5819879770278931,False,False,0.21801202297210698,data\negatives\Alfred_Sisley_89.jpg
data\candidates\artists_tree\Henri_Matisse\Henri_Matisse_130.jpg,0.8773669004440308,0.2771352529525757,0.5818472504615784,False,False,0.21815274953842168,data\negatives\Henri_Matisse_130.jpg
data\candidates\artists_tree\Pierre-Auguste_Renoir\Pierre-Auguste_Renoir_48.jpg,0.8832309246063232,0.2591524124145508,0.5817690491676331,False,False,0.218230950832367,data\negatives\Pierre-Auguste_Renoir_48.jpg
data\candidates\artists_tree\Alfred_Sisley\Alfred_Sisley_127.jpg,0.8780778646469116,0.2744040787220001,0.5817275643348694,False,False,0.21827243566513066,data\negatives\Alfred_Sisley_127.jpg
data\candidates\artists_tree\Albrecht_Du╠êrer\Albrecht_Du╠êrer_130.jpg,0.8926135301589966,0.23077519237995148,0.581723153591156,False,False,0.21827684640884404,data\negatives\Albrecht_Du╠êrer_130.jpg
data\candidates\artists_tree\Kazimir_Malevich\Kazimir_Malevich_33.jpg,0.8767956495285034,0.2778915762901306,0.5816556811332703,False,False,0.21834431886672978,data\negatives\Kazimir_Malevich_33.jpg
data\candidates\artists_tree\Alfred_Sisley\Alfred_Sisley_249.jpg,0.8706379532814026,0.2962638735771179,0.581635594367981,False,False,0.2183644056320191,data\negatives\Alfred_Sisley_249.jpg
data\candidates\artists_tree\Pierre-Auguste_Renoir\Pierre-Auguste_Renoir_82.jpg,0.8710818290710449,0.2945885956287384,0.5815668106079102,False,False,0.2184331893920899,data\negatives\Pierre-Auguste_Renoir_82.jpg
data\candidates\artists_tree\Alfred_Sisley\Alfred_Sisley_41.jpg,0.8766466379165649,0.277863472700119,0.5815606713294983,False,False,0.21843932867050175,data\negatives\Alfred_Sisley_41.jpg
data\candidates\artists_tree\Edgar_Degas\Edgar_Degas_41.jpg,0.8852721452713013,0.2519681453704834,0.5815569758415222,False,False,0.21844302415847783,data\negatives\Edgar_Degas_41.jpg
data\candidates\artists_tree\Alfred_Sisley\Alfred_Sisley_133.jpg,0.877052903175354,0.2760978937149048,0.5814513564109802,False,False,0.21854864358901982,data\negatives\Alfred_Sisley_133.jpg
data\candidates\artists_tree\Pierre-Auguste_Renoir\Pierre-Auguste_Renoir_204.jpg,0.8804041147232056,0.2659767270088196,0.5814378261566162,False,False,0.21856217384338383,data\negatives\Pierre-Auguste_Renoir_204.jpg
data\candidates\artists_tree\Paul_Gauguin\Paul_Gauguin_179.jpg,0.8895419239997864,0.23846301436424255,0.5814177989959717,False,False,0.21858220100402836,data\negatives\Paul_Gauguin_179.jpg
data\candidates\artists_tree\Paul_Gauguin\Paul_Gauguin_98.jpg,0.8782752752304077,0.2718602418899536,0.5813372731208801,False,False,0.21866272687911992,data\negatives\Paul_Gauguin_98.jpg
data\candidates\artists_tree\Gustav_Klimt\Gustav_Klimt_9.jpg,0.8813410997390747,0.2623090147972107,0.581266462802887,False,False,0.21873353719711308,data\negatives\Gustav_Klimt_9.jpg
data\candidates\artists_tree\Alfred_Sisley\Alfred_Sisley_5.jpg,0.8774909973144531,0.2738538384437561,0.581265389919281,False,False,0.21873461008071904,data\negatives\Alfred_Sisley_5.jpg
data\candidates\artists_tree\Pierre-Auguste_Renoir\Pierre-Auguste_Renoir_27.jpg,0.8813924789428711,0.26206472516059875,0.5812484622001648,False,False,0.21875153779983525,data\negatives\Pierre-Auguste_Renoir_27.jpg
data\candidates\artists_tree\Henri_Matisse\Henri_Matisse_152.jpg,0.8668379187583923,0.3050041198730469,0.5811036229133606,False,False,0.21889637708663945,data\negatives\Henri_Matisse_152.jpg
data\candidates\artists_tree\Alfred_Sisley\Alfred_Sisley_252.jpg,0.8796657919883728,0.26644188165664673,0.5810878872871399,False,False,0.21891211271286015,data\negatives\Alfred_Sisley_252.jpg
data\candidates\artists_tree\Pierre-Auguste_Renoir\Pierre-Auguste_Renoir_182.jpg,0.8816267848014832,0.2601928412914276,0.5810146331787109,False,False,0.2189853668212891,data\negatives\Pierre-Auguste_Renoir_182.jpg
data\candidates\artists_tree\Alfred_Sisley\Alfred_Sisley_114.jpg,0.8751049041748047,0.2797107696533203,0.5810051560401917,False,False,0.2189948439598084,data\negatives\Alfred_Sisley_114.jpg
data\candidates\artists_tree\Edgar_Degas\Edgar_Degas_307.jpg,0.8816288113594055,0.26003381609916687,0.5809841156005859,False,False,0.2190158843994141,data\negatives\Edgar_Degas_307.jpg
data\candidates\artists_tree\Mikhail_Vrubel\Mikhail_Vrubel_154.jpg,0.8951062560081482,0.2193303108215332,0.5809298157691956,False,False,0.2190701842308045,data\negatives\Mikhail_Vrubel_154.jpg
data\candidates\artists_tree\Pierre-Auguste_Renoir\Pierre-Auguste_Renoir_202.jpg,0.8787376284599304,0.2683278024196625,0.5809081792831421,False,False,0.21909182071685795,data\negatives\Pierre-Auguste_Renoir_202.jpg
data\candidates\artists_tree\Alfred_Sisley\Alfred_Sisley_192.jpg,0.8759782314300537,0.276429682970047,0.5808728933334351,False,False,0.21912710666656499,data\negatives\Alfred_Sisley_192.jpg
data\candidates\artists_tree\Piet_Mondrian\Piet_Mondrian_40.jpg,0.8792479038238525,0.26641860604286194,0.5808324813842773,False,False,0.2191675186157227,data\negatives\Piet_Mondrian_40.jpg
data\candidates\artists_tree\Jan_van_Eyck\Jan_van_Eyck_41.jpg,0.8763459920883179,0.27505001425743103,0.5808176398277283,False,False,0.21918236017227177,data\negatives\Jan_van_Eyck_41.jpg
data\candidates\artists_tree\Paul_Gauguin\Paul_Gauguin_50.jpg,0.8803623914718628,0.26288145780563354,0.5807937383651733,False,False,0.2192062616348267,data\negatives\Paul_Gauguin_50.jpg
data\candidates\artists_tree\Alfred_Sisley\Alfred_Sisley_241.jpg,0.8789068460464478,0.2671864628791809,0.5807814002037048,False,False,0.2192185997962952,data\negatives\Alfred_Sisley_241.jpg
data\candidates\artists_tree\Marc_Chagall\Marc_Chagall_62.jpg,0.8895012140274048,0.2351706475019455,0.58073490858078,False,False,0.21926509141922002,data\negatives\Marc_Chagall_62.jpg
data\candidates\artists_tree\Paul_Klee\Paul_Klee_127.jpg,0.8706070780754089,0.2916714549064636,0.580698549747467,False,False,0.219301450252533,data\negatives\Paul_Klee_127.jpg
data\candidates\artists_tree\Paul_Gauguin\Paul_Gauguin_124.jpg,0.8738672733306885,0.28127461671829224,0.5805752873420715,False,False,0.2194247126579285,data\negatives\Paul_Gauguin_124.jpg
data\candidates\artists_tree\Alfred_Sisley\Alfred_Sisley_58.jpg,0.8775243759155273,0.2698672413825989,0.5804880857467651,False,False,0.2195119142532349,data\negatives\Alfred_Sisley_58.jpg
data\candidates\artists_tree\Alfred_Sisley\Alfred_Sisley_142.jpg,0.8702667355537415,0.29152560234069824,0.5804651975631714,False,False,0.21953480243682866,data\negatives\Alfred_Sisley_142.jpg
data\candidates\artists_tree\Alfred_Sisley\Alfred_Sisley_42.jpg,0.8711638450622559,0.2884849011898041,0.5803953409194946,False,False,0.21960465908050542,data\negatives\Alfred_Sisley_42.jpg
data\candidates\artists_tree\Pierre-Auguste_Renoir\Pierre-Auguste_Renoir_73.jpg,0.877957820892334,0.26775848865509033,0.5803263783454895,False,False,0.21967362165451054,data\negatives\Pierre-Auguste_Renoir_73.jpg
data\candidates\artists_tree\Paul_Gauguin\Paul_Gauguin_258.jpg,0.876346230506897,0.27196770906448364,0.580201268196106,False,False,0.2197987318038941,data\negatives\Paul_Gauguin_258.jpg
data\candidates\artists_tree\Alfred_Sisley\Alfred_Sisley_72.jpg,0.8716402053833008,0.28594404458999634,0.5801729559898376,False,False,0.2198270440101624,data\negatives\Alfred_Sisley_72.jpg
data\candidates\artists_tree\Edouard_Manet\Edouard_Manet_86.jpg,0.8685944080352783,0.2949066162109375,0.5801379680633545,False,False,0.21986203193664555,data\negatives\Edouard_Manet_86.jpg
data\candidates\artists_tree\Claude_Monet\Claude_Monet_18.jpg,0.8779724836349487,0.2666321098804474,0.5801099538803101,False,False,0.21989004611968999,data\negatives\Claude_Monet_18.jpg
data\candidates\artists_tree\Alfred_Sisley\Alfred_Sisley_228.jpg,0.8753175735473633,0.2739371359348297,0.5799779891967773,False,False,0.2200220108032227,data\negatives\Alfred_Sisley_228.jpg
data\candidates\artists_tree\Edouard_Manet\Edouard_Manet_6.jpg,0.8822119235992432,0.25294890999794006,0.5799169540405273,False,False,0.2200830459594727,data\negatives\Edouard_Manet_6.jpg
data\candidates\artists_tree\Edgar_Degas\Edgar_Degas_213.jpg,0.8739172220230103,0.27763986587524414,0.5798783302307129,False,False,0.22012166976928715,data\negatives\Edgar_Degas_213.jpg
data\candidates\artists_tree\Paul_Gauguin\Paul_Gauguin_274.jpg,0.8789433240890503,0.26209089159965515,0.5797842144966125,False,False,0.2202157855033875,data\negatives\Paul_Gauguin_274.jpg
data\candidates\artists_tree\Paul_Gauguin\Paul_Gauguin_307.jpg,0.8765912652015686,0.2690201699733734,0.5797588229179382,False,False,0.2202411770820618,data\negatives\Paul_Gauguin_307.jpg
data\candidates\artists_tree\Paul_Cezanne\Paul_Cezanne_38.jpg,0.8767938017845154,0.26841238141059875,0.5797587633132935,False,False,0.2202412366867066,data\negatives\Paul_Cezanne_38.jpg
data\candidates\artists_tree\Pierre-Auguste_Renoir\Pierre-Auguste_Renoir_200.jpg,0.8745582103729248,0.2746647596359253,0.5796679258346558,False,False,0.22033207416534428,data\negatives\Pierre-Auguste_Renoir_200.jpg
data\candidates\artists_tree\Pierre-Auguste_Renoir\Pierre-Auguste_Renoir_127.jpg,0.8784068822860718,0.2630581259727478,0.5796558260917664,False,False,0.2203441739082337,data\negatives\Pierre-Auguste_Renoir_127.jpg
data\candidates\artists_tree\Alfred_Sisley\Alfred_Sisley_231.jpg,0.8807993531227112,0.2556379437446594,0.5796072483062744,False,False,0.22039275169372563,data\negatives\Alfred_Sisley_231.jpg
data\candidates\artists_tree\Edgar_Degas\Edgar_Degas_58.jpg,0.878643274307251,0.2620455026626587,0.5795950889587402,False,False,0.2204049110412598,data\negatives\Edgar_Degas_58.jpg
data\candidates\artists_tree\Paul_Gauguin\Paul_Gauguin_247.jpg,0.877902090549469,0.26424363255500793,0.5795899629592896,False,False,0.2204100370407105,data\negatives\Paul_Gauguin_247.jpg
data\candidates\artists_tree\Paul_Gauguin\Paul_Gauguin_259.jpg,0.8803818225860596,0.2567196488380432,0.5795730352401733,False,False,0.2204269647598267,data\negatives\Paul_Gauguin_259.jpg
data\candidates\artists_tree\Alfred_Sisley\Alfred_Sisley_254.jpg,0.8710466623306274,0.2846570611000061,0.5795594453811646,False,False,0.2204405546188355,data\negatives\Alfred_Sisley_254.jpg
data\candidates\artists_tree\Alfred_Sisley\Alfred_Sisley_246.jpg,0.8702269792556763,0.2870025336742401,0.5795367360115051,False,False,0.22046326398849492,data\negatives\Alfred_Sisley_246.jpg
data\candidates\artists_tree\Alfred_Sisley\Alfred_Sisley_28.jpg,0.8716543912887573,0.28245243430137634,0.579483151435852,False,False,0.220516848564148,data\negatives\Alfred_Sisley_28.jpg
data\candidates\artists_tree\Pierre-Auguste_Renoir\Pierre-Auguste_Renoir_201.jpg,0.8752260804176331,0.2714099884033203,0.5794177055358887,False,False,0.22058229446411137,data\negatives\Pierre-Auguste_Renoir_201.jpg
data\candidates\artists_tree\Mikhail_Vrubel\Mikhail_Vrubel_127.jpg,0.8807048797607422,0.2548997402191162,0.5794029235839844,False,False,0.22059707641601567,data\negatives\Mikhail_Vrubel_127.jpg
data\candidates\artists_tree\Gustav_Klimt\Gustav_Klimt_24.jpg,0.8840291500091553,0.2446412444114685,0.5793457627296448,False,False,0.22065423727035527,data\negatives\Gustav_Klimt_24.jpg
data\candidates\artists_tree\Alfred_Sisley\Alfred_Sisley_23.jpg,0.8762912750244141,0.26783686876296997,0.5793421268463135,False,False,0.22065787315368657,data\negatives\Alfred_Sisley_23.jpg
data\candidates\artists_tree\Francisco_Goya\Francisco_Goya_97.jpg,0.8870631456375122,0.23544922471046448,0.5793277025222778,False,False,0.2206722974777222,data\negatives\Francisco_Goya_97.jpg
data\candidates\artists_tree\Paul_Gauguin\Paul_Gauguin_295.jpg,0.8756966590881348,0.2691551744937897,0.5792490839958191,False,False,0.22075091600418095,data\negatives\Paul_Gauguin_295.jpg
data\candidates\artists_tree\Henri_de_Toulouse-Lautrec\Henri_de_Toulouse-Lautrec_21.jpg,0.8673141002655029,0.2941291332244873,0.579214334487915,False,False,0.220785665512085,data\negatives\Henri_de_Toulouse-Lautrec_21.jpg
data\candidates\artists_tree\Vasiliy_Kandinskiy\Vasiliy_Kandinskiy_68.jpg,0.8758262395858765,0.2684652507305145,0.5791888236999512,False,False,0.22081117630004887,data\negatives\Vasiliy_Kandinskiy_68.jpg
data\candidates\artists_tree\Edvard_Munch\Edvard_Munch_22.jpg,0.8776898384094238,0.2626456320285797,0.5791430473327637,False,False,0.22085695266723637,data\negatives\Edvard_Munch_22.jpg
data\candidates\artists_tree\Marc_Chagall\Marc_Chagall_158.jpg,0.8732912540435791,0.2757338583469391,0.5791215300559998,False,False,0.2208784699440003,data\negatives\Marc_Chagall_158.jpg
data\candidates\artists_tree\Alfred_Sisley\Alfred_Sisley_255.jpg,0.8696070909500122,0.2865530848503113,0.5790749192237854,False,False,0.22092508077621464,data\negatives\Alfred_Sisley_255.jpg
data\candidates\artists_tree\Pierre-Auguste_Renoir\Pierre-Auguste_Renoir_192.jpg,0.8779950737953186,0.2611924409866333,0.5790355205535889,False,False,0.22096447944641118,data\negatives\Pierre-Auguste_Renoir_192.jpg
data\candidates\artists_tree\Claude_Monet\Claude_Monet_35.jpg,0.8721413612365723,0.2787458896636963,0.5790340304374695,False,False,0.22096596956253056,data\negatives\Claude_Monet_35.jpg
data\candidates\artists_tree\Alfred_Sisley\Alfred_Sisley_8.jpg,0.8708681464195251,0.28226450085639954,0.5789737701416016,False,False,0.22102622985839848,data\negatives\Alfred_Sisley_8.jpg
data\candidates\artists_tree\Alfred_Sisley\Alfred_Sisley_92.jpg,0.8709070682525635,0.2819978892803192,0.5789438486099243,False,False,0.22105615139007573,data\negatives\Alfred_Sisley_92.jpg
data\candidates\artists_tree\Paul_Gauguin\Paul_Gauguin_65.jpg,0.8684805631637573,0.28920215368270874,0.5789287686347961,False,False,0.2210712313652039,data\negatives\Paul_Gauguin_65.jpg
data\candidates\artists_tree\Paul_Gauguin\Paul_Gauguin_105.jpg,0.8808243870735168,0.2520511746406555,0.5789048671722412,False,False,0.22109513282775883,data\negatives\Paul_Gauguin_105.jpg
data\candidates\artists_tree\Claude_Monet\Claude_Monet_22.jpg,0.873266875743866,0.2746216058731079,0.578884482383728,False,False,0.22111551761627202,data\negatives\Claude_Monet_22.jpg
data\candidates\artists_tree\Alfred_Sisley\Alfred_Sisley_205.jpg,0.8771096467971802,0.2629380226135254,0.5788534283638,False,False,0.2211465716362,data\negatives\Alfred_Sisley_205.jpg
data\candidates\artists_tree\Camille_Pissarro\Camille_Pissarro_68.jpg,0.8731566667556763,0.2747054994106293,0.578835129737854,False,False,0.22116487026214604,data\negatives\Camille_Pissarro_68.jpg
data\candidates\artists_tree\Claude_Monet\Claude_Monet_56.jpg,0.8732155561447144,0.27427101135253906,0.5787835717201233,False,False,0.22121642827987675,data\negatives\Claude_Monet_56.jpg
data\candidates\artists_tree\Alfred_Sisley\Alfred_Sisley_253.jpg,0.8736810684204102,0.27263033390045166,0.5787347555160522,False,False,0.2212652444839478,data\negatives\Alfred_Sisley_253.jpg
data\candidates\artists_tree\Pierre-Auguste_Renoir\Pierre-Auguste_Renoir_215.jpg,0.8756712675094604,0.2655688524246216,0.5785165429115295,False,False,0.2214834570884705,data\negatives\Pierre-Auguste_Renoir_215.jpg
data\candidates\artists_tree\Gustav_Klimt\Gustav_Klimt_43.jpg,0.8720357418060303,0.2763198912143707,0.5784854888916016,False,False,0.22151451110839848,data\negatives\Gustav_Klimt_43.jpg
data\candidates\artists_tree\Pierre-Auguste_Renoir\Pierre-Auguste_Renoir_99.jpg,0.8733563423156738,0.27231377363204956,0.5784765481948853,False,False,0.2215234518051148,data\negatives\Pierre-Auguste_Renoir_99.jpg
data\candidates\artists_tree\Piet_Mondrian\Piet_Mondrian_26.jpg,0.8744044303894043,0.2690267562866211,0.5784480571746826,False,False,0.22155194282531743,data\negatives\Piet_Mondrian_26.jpg
data\candidates\artists_tree\Edgar_Degas\Edgar_Degas_238.jpg,0.8737918138504028,0.27055975794792175,0.5783870816230774,False,False,0.22161291837692265,data\negatives\Edgar_Degas_238.jpg
data\candidates\artists_tree\Marc_Chagall\Marc_Chagall_41.jpg,0.8899520635604858,0.22201016545295715,0.5783733129501343,False,False,0.22162668704986577,data\negatives\Marc_Chagall_41.jpg
data\candidates\artists_tree\Gustav_Klimt\Gustav_Klimt_16.jpg,0.8729338645935059,0.2729214131832123,0.5783445835113525,False,False,0.2216554164886475,data\negatives\Gustav_Klimt_16.jpg
data\candidates\artists_tree\Pierre-Auguste_Renoir\Pierre-Auguste_Renoir_265.jpg,0.8645914196968079,0.29782214760780334,0.5783193111419678,False,False,0.22168068885803227,data\negatives\Pierre-Auguste_Renoir_265.jpg
data\candidates\artists_tree\Paul_Gauguin\Paul_Gauguin_263.jpg,0.8744350671768188,0.26809513568878174,0.5782800912857056,False,False,0.22171990871429448,data\negatives\Paul_Gauguin_263.jpg
data\candidates\artists_tree\Camille_Pissarro\Camille_Pissarro_79.jpg,0.8708536624908447,0.27881646156311035,0.5782755017280579,False,False,0.22172449827194218,data\negatives\Camille_Pissarro_79.jpg
data\candidates\artists_tree\Paul_Gauguin\Paul_Gauguin_200.jpg,0.8766322135925293,0.26126629114151,0.5782325863838196,False,False,0.22176741361618046,data\negatives\Paul_Gauguin_200.jpg
data\candidates\artists_tree\Paul_Gauguin\Paul_Gauguin_28.jpg,0.8747022151947021,0.26688152551651,0.5781976580619812,False,False,0.22180234193801884,data\negatives\Paul_Gauguin_28.jpg
data\candidates\artists_tree\Alfred_Sisley\Alfred_Sisley_218.jpg,0.8633513450622559,0.3004462718963623,0.5781000852584839,False,False,0.22189991474151616,data\negatives\Alfred_Sisley_218.jpg
data\candidates\artists_tree\Alfred_Sisley\Alfred_Sisley_11.jpg,0.8691741228103638,0.28294873237609863,0.5780942440032959,False,False,0.22190575599670415,data\negatives\Alfred_Sisley_11.jpg
data\candidates\artists_tree\Camille_Pissarro\Camille_Pissarro_17.jpg,0.8695653676986694,0.2813047766685486,0.5780001878738403,False,False,0.2219998121261597,data\negatives\Camille_Pissarro_17.jpg
data\candidates\artists_tree\Paul_Gauguin\Paul_Gauguin_305.jpg,0.8709854483604431,0.27699047327041626,0.577989399433136,False,False,0.22201060056686406,data\negatives\Paul_Gauguin_305.jpg
data\candidates\artists_tree\Edgar_Degas\Edgar_Degas_636.jpg,0.8780900239944458,0.2549726963043213,0.5778485536575317,False,False,0.2221514463424683,data\negatives\Edgar_Degas_636.jpg
data\candidates\artists_tree\Francisco_Goya\Francisco_Goya_132.jpg,0.8734579086303711,0.2688547968864441,0.5778457522392273,False,False,0.22215424776077275,data\negatives\Francisco_Goya_132.jpg
data\candidates\artists_tree\Paul_Gauguin\Paul_Gauguin_58.jpg,0.867893636226654,0.2851790189743042,0.5777720212936401,False,False,0.2222279787063599,data\negatives\Paul_Gauguin_58.jpg
data\candidates\artists_tree\Pierre-Auguste_Renoir\Pierre-Auguste_Renoir_332.jpg,0.8684345483779907,0.28320378065109253,0.5777015089988708,False,False,0.2222984910011292,data\negatives\Pierre-Auguste_Renoir_332.jpg
data\candidates\artists_tree\Alfred_Sisley\Alfred_Sisley_43.jpg,0.8744476437568665,0.26509252190589905,0.57768714427948,False,False,0.22231285572052006,data\negatives\Alfred_Sisley_43.jpg
data\candidates\artists_tree\Albrecht_Du╠êrer\Albrecht_Du╠êrer_96.jpg,0.8866326808929443,0.22837144136428833,0.5776538848876953,False,False,0.22234611511230473,data\negatives\Albrecht_Du╠êrer_96.jpg
data\candidates\artists_tree\Alfred_Sisley\Alfred_Sisley_134.jpg,0.8669604063034058,0.28731900453567505,0.5776401162147522,False,False,0.22235988378524785,data\negatives\Alfred_Sisley_134.jpg
data\candidates\artists_tree\Camille_Pissarro\Camille_Pissarro_45.jpg,0.8726069331169128,0.27023059129714966,0.5776102542877197,False,False,0.22238974571228032,data\negatives\Camille_Pissarro_45.jpg
data\candidates\artists_tree\Gustav_Klimt\Gustav_Klimt_114.jpg,0.8752648234367371,0.2621116042137146,0.5775812864303589,False,False,0.22241871356964116,data\negatives\Gustav_Klimt_114.jpg
data\candidates\artists_tree\Pieter_Bruegel\Pieter_Bruegel_74.jpg,0.8808059692382812,0.24545525014400482,0.5775746703147888,False,False,0.22242532968521123,data\negatives\Pieter_Bruegel_74.jpg
data\candidates\artists_tree\Gustav_Klimt\Gustav_Klimt_51.jpg,0.865082859992981,0.29168668389320374,0.5773870944976807,False,False,0.22261290550231938,data\negatives\Gustav_Klimt_51.jpg
data\candidates\artists_tree\Pierre-Auguste_Renoir\Pierre-Auguste_Renoir_100.jpg,0.8694523572921753,0.2784748077392578,0.5773663520812988,False,False,0.22263364791870122,data\negatives\Pierre-Auguste_Renoir_100.jpg
data\candidates\artists_tree\Marc_Chagall\Marc_Chagall_30.jpg,0.8802616596221924,0.24584746360778809,0.5773264765739441,False,False,0.22267352342605595,data\negatives\Marc_Chagall_30.jpg
data\candidates\artists_tree\Paul_Gauguin\Paul_Gauguin_92.jpg,0.877124011516571,0.25485920906066895,0.5772463083267212,False,False,0.22275369167327885,data\negatives\Paul_Gauguin_92.jpg
data\candidates\artists_tree\Pierre-Auguste_Renoir\Pierre-Auguste_Renoir_295.jpg,0.8793141841888428,0.2480837106704712,0.5772053003311157,False,False,0.22279469966888432,data\negatives\Pierre-Auguste_Renoir_295.jpg
data\candidates\artists_tree\Pierre-Auguste_Renoir\Pierre-Auguste_Renoir_230.jpg,0.8689000606536865,0.2783204913139343,0.5770041942596436,False,False,0.2229958057403565,data\negatives\Pierre-Auguste_Renoir_230.jpg
data\candidates\artists_tree\Pierre-Auguste_Renoir\Pierre-Auguste_Renoir_101.jpg,0.8714273571968079,0.2706005871295929,0.5769765377044678,False,False,0.22302346229553227,data\negatives\Pierre-Auguste_Renoir_101.jpg
data\candidates\artists_tree\Camille_Pissarro\Camille_Pissarro_23.jpg,0.8642540574073792,0.29180076718330383,0.5769126415252686,False,False,0.2230873584747315,data\negatives\Camille_Pissarro_23.jpg
data\candidates\artists_tree\Pablo_Picasso\Pablo_Picasso_318.jpg,0.8704817295074463,0.27275803685188293,0.5768406391143799,False,False,0.22315936088562016,data\negatives\Pablo_Picasso_318.jpg
data\candidates\artists_tree\Leonardo_da_Vinci\Leonardo_da_Vinci_89.jpg,0.8770443201065063,0.25275108218193054,0.5767768621444702,False,False,0.22322313785552983,data\negatives\Leonardo_da_Vinci_89.jpg
data\candidates\artists_tree\Alfred_Sisley\Alfred_Sisley_79.jpg,0.8659973740577698,0.28576037287712097,0.5767505168914795,False,False,0.22324948310852055,data\negatives\Alfred_Sisley_79.jpg
data\candidates\artists_tree\Mikhail_Vrubel\Mikhail_Vrubel_79.jpg,0.8853566646575928,0.22710463404655457,0.57663494348526,False,False,0.22336505651474003,data\negatives\Mikhail_Vrubel_79.jpg
data\candidates\artists_tree\Paul_Gauguin\Paul_Gauguin_237.jpg,0.8736934065818787,0.2618304491043091,0.576582133769989,False,False,0.22341786623001103,data\negatives\Paul_Gauguin_237.jpg
data\candidates\artists_tree\Henri_Matisse\Henri_Matisse_62.jpg,0.8747783899307251,0.2585170865058899,0.576570451259613,False,False,0.223429548740387,data\negatives\Henri_Matisse_62.jpg
data\candidates\artists_tree\Paul_Gauguin\Paul_Gauguin_109.jpg,0.8827807903289795,0.23406322300434113,0.5764811635017395,False,False,0.22351883649826054,data\negatives\Paul_Gauguin_109.jpg
data\candidates\artists_tree\Leonardo_da_Vinci\Leonardo_da_Vinci_56.jpg,0.8730028867721558,0.2631490230560303,0.5764315724372864,False,False,0.22356842756271367,data\negatives\Leonardo_da_Vinci_56.jpg
data\candidates\artists_tree\Gustave_Courbet\Gustave_Courbet_55.jpg,0.8791725635528564,0.2441273331642151,0.5763289928436279,False,False,0.22367100715637211,data\negatives\Gustave_Courbet_55.jpg
data\candidates\artists_tree\Paul_Gauguin\Paul_Gauguin_88.jpg,0.8768565654754639,0.25095975399017334,0.5763059258460999,False,False,0.2236940741539002,data\negatives\Paul_Gauguin_88.jpg
data\candidates\artists_tree\Alfred_Sisley\Alfred_Sisley_206.jpg,0.8680765628814697,0.27718478441238403,0.5762829184532166,False,False,0.2237170815467835,data\negatives\Alfred_Sisley_206.jpg
data\candidates\artists_tree\Edgar_Degas\Edgar_Degas_523.jpg,0.8788636922836304,0.24463704228401184,0.5762456655502319,False,False,0.2237543344497681,data\negatives\Edgar_Degas_523.jpg
data\candidates\artists_tree\Gustav_Klimt\Gustav_Klimt_50.jpg,0.8647807836532593,0.2868741750717163,0.5762433409690857,False,False,0.22375665903091435,data\negatives\Gustav_Klimt_50.jpg
data\candidates\artists_tree\Marc_Chagall\Marc_Chagall_71.jpg,0.8773542046546936,0.2489335685968399,0.5761992335319519,False,False,0.22380076646804814,data\negatives\Marc_Chagall_71.jpg
data\candidates\artists_tree\Pierre-Auguste_Renoir\Pierre-Auguste_Renoir_22.jpg,0.8707277774810791,0.2687913775444031,0.5761949419975281,False,False,0.22380505800247197,data\negatives\Pierre-Auguste_Renoir_22.jpg
data\candidates\artists_tree\Edgar_Degas\Edgar_Degas_60.jpg,0.8699156641960144,0.2712197005748749,0.5761933326721191,False,False,0.2238066673278809,data\negatives\Edgar_Degas_60.jpg
data\candidates\artists_tree\Claude_Monet\Claude_Monet_70.jpg,0.8690072894096375,0.27379918098449707,0.5761642456054688,False,False,0.2238357543945313,data\negatives\Claude_Monet_70.jpg
data\candidates\artists_tree\Alfred_Sisley\Alfred_Sisley_24.jpg,0.8653651475906372,0.2846948802471161,0.5761580467224121,False,False,0.22384195327758794,data\negatives\Alfred_Sisley_24.jpg
data\candidates\artists_tree\Paul_Gauguin\Paul_Gauguin_115.jpg,0.8715330362319946,0.26608312129974365,0.5761364698410034,False,False,0.22386353015899663,data\negatives\Paul_Gauguin_115.jpg
data\candidates\artists_tree\Alfred_Sisley\Alfred_Sisley_191.jpg,0.8540827035903931,0.3183175325393677,0.5761131048202515,False,False,0.22388689517974858,data\negatives\Alfred_Sisley_191.jpg
data\candidates\artists_tree\Albrecht_Du╠êrer\Albrecht_Du╠êrer_237.jpg,0.8821114301681519,0.2342122495174408,0.5761093497276306,False,False,0.22389065027236943,data\negatives\Albrecht_Du╠êrer_237.jpg
data\candidates\artists_tree\Alfred_Sisley\Alfred_Sisley_169.jpg,0.8642849922180176,0.28749358654022217,0.576069712638855,False,False,0.22393028736114506,data\negatives\Alfred_Sisley_169.jpg
data\candidates\artists_tree\Alfred_Sisley\Alfred_Sisley_148.jpg,0.8667075634002686,0.2798807621002197,0.5760006904602051,False,False,0.22399930953979497,data\negatives\Alfred_Sisley_148.jpg
data\candidates\artists_tree\Henri_Matisse\Henri_Matisse_22.jpg,0.8713586330413818,0.2658727169036865,0.5759897828102112,False,False,0.22401021718978886,data\negatives\Henri_Matisse_22.jpg
data\candidates\artists_tree\Joan_Miro\Joan_Miro_42.jpg,0.8670099973678589,0.27832794189453125,0.5758716464042664,False,False,0.2241283535957337,data\negatives\Joan_Miro_42.jpg
data\candidates\artists_tree\Alfred_Sisley\Alfred_Sisley_229.jpg,0.8630578517913818,0.28998786211013794,0.5758323073387146,False,False,0.22416769266128544,data\negatives\Alfred_Sisley_229.jpg
data\candidates\artists_tree\Claude_Monet\Claude_Monet_45.jpg,0.8694760799407959,0.27053752541542053,0.5757931470870972,False,False,0.22420685291290288,data\negatives\Claude_Monet_45.jpg
data\candidates\artists_tree\Claude_Monet\Claude_Monet_27.jpg,0.8761827945709229,0.2502589225769043,0.5757614970207214,False,False,0.2242385029792786,data\negatives\Claude_Monet_27.jpg
data\candidates\artists_tree\Edgar_Degas\Edgar_Degas_253.jpg,0.8709214925765991,0.26602399349212646,0.5757576823234558,False,False,0.22424231767654423,data\negatives\Edgar_Degas_253.jpg
data\candidates\artists_tree\Alfred_Sisley\Alfred_Sisley_30.jpg,0.8654563426971436,0.28226807713508606,0.5757274627685547,False,False,0.22427253723144536,data\negatives\Alfred_Sisley_30.jpg
data\candidates\artists_tree\Henri_Matisse\Henri_Matisse_124.jpg,0.8680992722511292,0.2739095687866211,0.5756415128707886,False,False,0.22435848712921147,data\negatives\Henri_Matisse_124.jpg
data\candidates\artists_tree\Albrecht_Du╠êrer\Albrecht_Du╠êrer_61.jpg,0.8770909309387207,0.246893048286438,0.5756332278251648,False,False,0.22436677217483525,data\negatives\Albrecht_Du╠êrer_61.jpg
data\candidates\artists_tree\Pablo_Picasso\Pablo_Picasso_165.jpg,0.8698588609695435,0.26856839656829834,0.5756289958953857,False,False,0.2243710041046143,data\negatives\Pablo_Picasso_165.jpg
data\candidates\artists_tree\Georges_Seurat\Georges_Seurat_36.jpg,0.8618377447128296,0.29255563020706177,0.575613796710968,False,False,0.22438620328903203,data\negatives\Georges_Seurat_36.jpg
data\candidates\artists_tree\Paul_Gauguin\Paul_Gauguin_3.jpg,0.869543194770813,0.2692294716835022,0.5755718350410461,False,False,0.2244281649589539,data\negatives\Paul_Gauguin_3.jpg
data\candidates\artists_tree\Gustav_Klimt\Gustav_Klimt_112.jpg,0.8655402660369873,0.2812038064002991,0.5755649209022522,False,False,0.22443507909774785,data\negatives\Gustav_Klimt_112.jpg
data\candidates\artists_tree\Edgar_Degas\Edgar_Degas_324.jpg,0.8748570680618286,0.25324544310569763,0.575563371181488,False,False,0.224436628818512,data\negatives\Edgar_Degas_324.jpg
data\candidates\artists_tree\Alfred_Sisley\Alfred_Sisley_141.jpg,0.8677522540092468,0.274521142244339,0.5755556225776672,False,False,0.2244443774223328,data\negatives\Alfred_Sisley_141.jpg
data\candidates\artists_tree\Alfred_Sisley\Alfred_Sisley_85.jpg,0.863213837146759,0.287849485874176,0.5754982233047485,False,False,0.2245017766952515,data\negatives\Alfred_Sisley_85.jpg
data\candidates\artists_tree\Camille_Pissarro\Camille_Pissarro_14.jpg,0.8689918518066406,0.27028632164001465,0.5754523873329163,False,False,0.22454761266708378,data\negatives\Camille_Pissarro_14.jpg
data\candidates\artists_tree\Pierre-Auguste_Renoir\Pierre-Auguste_Renoir_246.jpg,0.862695574760437,0.2889876365661621,0.5754148960113525,False,False,0.2245851039886475,data\negatives\Pierre-Auguste_Renoir_246.jpg
data\candidates\artists_tree\Gustav_Klimt\Gustav_Klimt_93.jpg,0.867910623550415,0.27333590388298035,0.5754135847091675,False,False,0.22458641529083256,data\negatives\Gustav_Klimt_93.jpg
data\candidates\artists_tree\Gustav_Klimt\Gustav_Klimt_108.jpg,0.8820229768753052,0.2307502031326294,0.57536381483078,False,False,0.22463618516922002,data\negatives\Gustav_Klimt_108.jpg
data\candidates\artists_tree\Edgar_Degas\Edgar_Degas_519.jpg,0.8711209297180176,0.26338478922843933,0.5753495693206787,False,False,0.22465043067932133,data\negatives\Edgar_Degas_519.jpg
data\candidates\artists_tree\Alfred_Sisley\Alfred_Sisley_61.jpg,0.8652178049087524,0.28080663084983826,0.5752920508384705,False,False,0.22470794916152959,data\negatives\Alfred_Sisley_61.jpg
data\candidates\artists_tree\Alfred_Sisley\Alfred_Sisley_210.jpg,0.8633487224578857,0.2862418591976166,0.5752575993537903,False,False,0.22474240064620976,data\negatives\Alfred_Sisley_210.jpg
data\candidates\artists_tree\Camille_Pissarro\Camille_Pissarro_66.jpg,0.8724384307861328,0.258886456489563,0.5752403736114502,False,False,0.22475962638854985,data\negatives\Camille_Pissarro_66.jpg
data\candidates\artists_tree\Edgar_Degas\Edgar_Degas_173.jpg,0.873505711555481,0.2555655539035797,0.5752165913581848,False,False,0.22478340864181523,data\negatives\Edgar_Degas_173.jpg
data\candidates\artists_tree\Paul_Gauguin\Paul_Gauguin_176.jpg,0.8677301406860352,0.27279359102249146,0.5751968026161194,False,False,0.22480319738388066,data\negatives\Paul_Gauguin_176.jpg
data\candidates\artists_tree\Edgar_Degas\Edgar_Degas_537.jpg,0.8718734979629517,0.2602546811103821,0.5751750469207764,False,False,0.22482495307922368,data\negatives\Edgar_Degas_537.jpg
data\candidates\artists_tree\Pierre-Auguste_Renoir\Pierre-Auguste_Renoir_68.jpg,0.8691940307617188,0.26826074719429016,0.5751686096191406,False,False,0.22483139038085942,data\negatives\Pierre-Auguste_Renoir_68.jpg
data\candidates\artists_tree\Marc_Chagall\Marc_Chagall_82.jpg,0.8768188953399658,0.24525193870067596,0.5751417279243469,False,False,0.22485827207565312,data\negatives\Marc_Chagall_82.jpg
data\candidates\artists_tree\Camille_Pissarro\Camille_Pissarro_80.jpg,0.8655917644500732,0.2788817882537842,0.5751314163208008,False,False,0.22486858367919926,data\negatives\Camille_Pissarro_80.jpg
data\candidates\artists_tree\Camille_Pissarro\Camille_Pissarro_27.jpg,0.8704847097396851,0.2636387348175049,0.575018584728241,False,False,0.22498141527175908,data\negatives\Camille_Pissarro_27.jpg
data\candidates\artists_tree\Rene_Magritte\Rene_Magritte_46.jpg,0.8706843852996826,0.26291966438293457,0.5749945640563965,False,False,0.22500543594360356,data\negatives\Rene_Magritte_46.jpg
data\candidates\artists_tree\Alfred_Sisley\Alfred_Sisley_21.jpg,0.8657370805740356,0.27767980098724365,0.574978232383728,False,False,0.22502176761627202,data\negatives\Alfred_Sisley_21.jpg
data\candidates\artists_tree\Paul_Gauguin\Paul_Gauguin_23.jpg,0.8731640577316284,0.2552702724933624,0.5749525427818298,False,False,0.2250474572181702,data\negatives\Paul_Gauguin_23.jpg
data\candidates\artists_tree\Leonardo_da_Vinci\Leonardo_da_Vinci_112.jpg,0.8828607797622681,0.22595351934432983,0.5749071836471558,False,False,0.22509281635284428,data\negatives\Leonardo_da_Vinci_112.jpg
data\candidates\artists_tree\Alfred_Sisley\Alfred_Sisley_13.jpg,0.8635289669036865,0.28380119800567627,0.5748776793479919,False,False,0.2251223206520081,data\negatives\Alfred_Sisley_13.jpg
data\candidates\artists_tree\Pierre-Auguste_Renoir\Pierre-Auguste_Renoir_84.jpg,0.8728538751602173,0.25577443838119507,0.5748672485351562,False,False,0.2251327514648438,data\negatives\Pierre-Auguste_Renoir_84.jpg
data\candidates\artists_tree\Gustave_Courbet\Gustave_Courbet_58.jpg,0.8669402599334717,0.2733237147331238,0.5748289227485657,False,False,0.22517107725143437,data\negatives\Gustave_Courbet_58.jpg
data\candidates\artists_tree\Albrecht_Du╠êrer\Albrecht_Du╠êrer_185.jpg,0.8885483145713806,0.2083033174276352,0.5747897028923035,False,False,0.22521029710769658,data\negatives\Albrecht_Du╠êrer_185.jpg
data\candidates\artists_tree\Edgar_Degas\Edgar_Degas_278.jpg,0.8693265914916992,0.2657819092273712,0.5747523307800293,False,False,0.22524766921997075,data\negatives\Edgar_Degas_278.jpg
data\candidates\artists_tree\Edgar_Degas\Edgar_Degas_533.jpg,0.8688185214996338,0.26637083292007446,0.5745652914047241,False,False,0.22543470859527592,data\negatives\Edgar_Degas_533.jpg
data\candidates\artists_tree\Alfred_Sisley\Alfred_Sisley_62.jpg,0.8638458251953125,0.2812669277191162,0.5745608806610107,False,False,0.2254391193389893,data\negatives\Alfred_Sisley_62.jpg
data\candidates\artists_tree\Pierre-Auguste_Renoir\Pierre-Auguste_Renoir_36.jpg,0.8712470531463623,0.2589857578277588,0.5745453834533691,False,False,0.2254546165466309,data\negatives\Pierre-Auguste_Renoir_36.jpg
data\candidates\artists_tree\Claude_Monet\Claude_Monet_60.jpg,0.8741315603256226,0.25028637051582336,0.5745362639427185,False,False,0.22546373605728154,data\negatives\Claude_Monet_60.jpg
data\candidates\artists_tree\Pierre-Auguste_Renoir\Pierre-Auguste_Renoir_139.jpg,0.8744283318519592,0.24928896129131317,0.5745148062705994,False,False,0.22548519372940068,data\negatives\Pierre-Auguste_Renoir_139.jpg
data\candidates\artists_tree\Claude_Monet\Claude_Monet_7.jpg,0.8744882345199585,0.2490239441394806,0.5744977593421936,False,False,0.22550224065780644,data\negatives\Claude_Monet_7.jpg
data\candidates\artists_tree\Alfred_Sisley\Alfred_Sisley_161.jpg,0.8696613907814026,0.26344260573387146,0.5744854211807251,False,False,0.22551457881927495,data\negatives\Alfred_Sisley_161.jpg
data\candidates\artists_tree\Edouard_Manet\Edouard_Manet_52.jpg,0.8744825124740601,0.2485569417476654,0.5744009613990784,False,False,0.22559903860092168,data\negatives\Edouard_Manet_52.jpg
data\candidates\artists_tree\Henri_Matisse\Henri_Matisse_47.jpg,0.8640720844268799,0.2796953320503235,0.5743823647499084,False,False,0.2256176352500916,data\negatives\Henri_Matisse_47.jpg
data\candidates\artists_tree\Camille_Pissarro\Camille_Pissarro_7.jpg,0.8662376403808594,0.27308189868927,0.5743589997291565,False,False,0.22564100027084355,data\negatives\Camille_Pissarro_7.jpg
data\candidates\artists_tree\Pierre-Auguste_Renoir\Pierre-Auguste_Renoir_58.jpg,0.8657793998718262,0.27425843477249146,0.5743193626403809,False,False,0.22568063735961919,data\negatives\Pierre-Auguste_Renoir_58.jpg
data\candidates\artists_tree\Alfred_Sisley\Alfred_Sisley_94.jpg,0.8652280569076538,0.2758142352104187,0.574299693107605,False,False,0.22570030689239506,data\negatives\Alfred_Sisley_94.jpg
data\candidates\artists_tree\Alfred_Sisley\Alfred_Sisley_117.jpg,0.8605443835258484,0.28980857133865356,0.5742883682250977,False,False,0.2257116317749024,data\negatives\Alfred_Sisley_117.jpg
data\candidates\artists_tree\Paul_Cezanne\Paul_Cezanne_29.jpg,0.8672716617584229,0.2691684663295746,0.5741966962814331,False,False,0.22580330371856694,data\negatives\Paul_Cezanne_29.jpg
data\candidates\artists_tree\Alfred_Sisley\Alfred_Sisley_80.jpg,0.8695448637008667,0.26193535327911377,0.5741140246391296,False,False,0.2258859753608704,data\negatives\Alfred_Sisley_80.jpg
data\candidates\artists_tree\Pieter_Bruegel\Pieter_Bruegel_3.jpg,0.8687231540679932,0.2643043100833893,0.5740947723388672,False,False,0.22590522766113286,data\negatives\Pieter_Bruegel_3.jpg
data\candidates\artists_tree\Alfred_Sisley\Alfred_Sisley_128.jpg,0.8635244369506836,0.2798998951911926,0.5740946531295776,False,False,0.2259053468704224,data\negatives\Alfred_Sisley_128.jpg
data\candidates\artists_tree\Albrecht_Du╠êrer\Albrecht_Du╠êrer_250.jpg,0.8747698068618774,0.2458418309688568,0.5740302801132202,False,False,0.22596971988677983,data\negatives\Albrecht_Du╠êrer_250.jpg
data\candidates\artists_tree\Camille_Pissarro\Camille_Pissarro_2.jpg,0.8579236268997192,0.29629337787628174,0.5740128755569458,False,False,0.22598712444305424,data\negatives\Camille_Pissarro_2.jpg
data\candidates\artists_tree\Alfred_Sisley\Alfred_Sisley_55.jpg,0.8523451685905457,0.31279438734054565,0.5739660263061523,False,False,0.2260339736938477,data\negatives\Alfred_Sisley_55.jpg
data\candidates\artists_tree\Paul_Gauguin\Paul_Gauguin_26.jpg,0.866946816444397,0.26895207166671753,0.5739585161209106,False,False,0.2260414838790894,data\negatives\Paul_Gauguin_26.jpg
data\candidates\artists_tree\Alfred_Sisley\Alfred_Sisley_190.jpg,0.8668720722198486,0.268789678812027,0.5738811492919922,False,False,0.22611885070800786,data\negatives\Alfred_Sisley_190.jpg
data\candidates\artists_tree\Edgar_Degas\Edgar_Degas_268.jpg,0.8719180226325989,0.25345128774642944,0.5738410949707031,False,False,0.22615890502929692,data\negatives\Edgar_Degas_268.jpg
data\candidates\artists_tree\Paul_Gauguin\Paul_Gauguin_99.jpg,0.8642592430114746,0.27613914012908936,0.5737833976745605,False,False,0.2262166023254395,data\negatives\Paul_Gauguin_99.jpg
data\candidates\artists_tree\Edouard_Manet\Edouard_Manet_90.jpg,0.8731056451797485,0.2495535910129547,0.5737741589546204,False,False,0.22622584104537968,data\negatives\Edouard_Manet_90.jpg
data\candidates\artists_tree\Edvard_Munch\Edvard_Munch_50.jpg,0.8639837503433228,0.2766072750091553,0.5737117528915405,False,False,0.22628824710845952,data\negatives\Edvard_Munch_50.jpg
data\candidates\artists_tree\Henri_Matisse\Henri_Matisse_71.jpg,0.8704642653465271,0.25710347294807434,0.5736992955207825,False,False,0.22630070447921757,data\negatives\Henri_Matisse_71.jpg
data\candidates\artists_tree\Paul_Gauguin\Paul_Gauguin_253.jpg,0.8643605709075928,0.2752862274646759,0.5736736059188843,False,False,0.22632639408111577,data\negatives\Paul_Gauguin_253.jpg
data\candidates\artists_tree\Marc_Chagall\Marc_Chagall_128.jpg,0.8647254705429077,0.2737382650375366,0.5735829472541809,False,False,0.22641705274581914,data\negatives\Marc_Chagall_128.jpg
data\candidates\artists_tree\Paul_Gauguin\Paul_Gauguin_4.jpg,0.8601527214050293,0.2872622311115265,0.5735440850257874,False,False,0.2264559149742127,data\negatives\Paul_Gauguin_4.jpg
data\candidates\artists_tree\Vasiliy_Kandinskiy\Vasiliy_Kandinskiy_73.jpg,0.8697842359542847,0.25830358266830444,0.5735312700271606,False,False,0.2264687299728394,data\negatives\Vasiliy_Kandinskiy_73.jpg
data\candidates\artists_tree\Alfred_Sisley\Alfred_Sisley_119.jpg,0.864359974861145,0.27454090118408203,0.5735241770744324,False,False,0.22647582292556767,data\negatives\Alfred_Sisley_119.jpg
data\candidates\artists_tree\Marc_Chagall\Marc_Chagall_57.jpg,0.8657411336898804,0.2703336477279663,0.5735114216804504,False,False,0.2264885783195496,data\negatives\Marc_Chagall_57.jpg
data\candidates\artists_tree\Alfred_Sisley\Alfred_Sisley_201.jpg,0.867242157459259,0.2658282518386841,0.573511004447937,False,False,0.22648899555206303,data\negatives\Alfred_Sisley_201.jpg
data\candidates\artists_tree\Paul_Gauguin\Paul_Gauguin_173.jpg,0.8592967987060547,0.2896382212638855,0.5735057592391968,False,False,0.22649424076080327,data\negatives\Paul_Gauguin_173.jpg
data\candidates\artists_tree\Pierre-Auguste_Renoir\Pierre-Auguste_Renoir_15.jpg,0.8655686974525452,0.27070337533950806,0.5734819173812866,False,False,0.22651808261871342,data\negatives\Pierre-Auguste_Renoir_15.jpg
data\candidates\artists_tree\Pablo_Picasso\Pablo_Picasso_389.jpg,0.8687818050384521,0.26093199849128723,0.5734554529190063,False,False,0.2265445470809937,data\negatives\Pablo_Picasso_389.jpg
data\candidates\artists_tree\Alfred_Sisley\Alfred_Sisley_87.jpg,0.8657563924789429,0.26991477608680725,0.5734368562698364,False,False,0.22656314373016362,data\negatives\Alfred_Sisley_87.jpg
data\candidates\artists_tree\Pierre-Auguste_Renoir\Pierre-Auguste_Renoir_294.jpg,0.866568922996521,0.2673827111721039,0.5734179019927979,False,False,0.2265820980072022,data\negatives\Pierre-Auguste_Renoir_294.jpg
data\candidates\artists_tree\Alfred_Sisley\Alfred_Sisley_60.jpg,0.8614892959594727,0.2825775444507599,0.5734091401100159,False,False,0.22659085988998418,data\negatives\Alfred_Sisley_60.jpg
data\candidates\artists_tree\Piet_Mondrian\Piet_Mondrian_76.jpg,0.863885223865509,0.2752889096736908,0.573388934135437,False,False,0.22661106586456303,data\negatives\Piet_Mondrian_76.jpg
data\candidates\artists_tree\Paul_Gauguin\Paul_Gauguin_297.jpg,0.8678245544433594,0.263067364692688,0.5733082294464111,False,False,0.2266917705535889,data\negatives\Paul_Gauguin_297.jpg
data\candidates\artists_tree\Alfred_Sisley\Alfred_Sisley_115.jpg,0.8709975481033325,0.2531419098377228,0.5732269287109375,False,False,0.22677307128906254,data\negatives\Alfred_Sisley_115.jpg
data\candidates\artists_tree\Edgar_Degas\Edgar_Degas_418.jpg,0.8736693859100342,0.24508953094482422,0.5732195377349854,False,False,0.2267804622650147,data\negatives\Edgar_Degas_418.jpg
data\candidates\artists_tree\Alfred_Sisley\Alfred_Sisley_2.jpg,0.859235405921936,0.2875358462333679,0.5730484127998352,False,False,0.22695158720016484,data\negatives\Alfred_Sisley_2.jpg
data\candidates\artists_tree\Paul_Gauguin\Paul_Gauguin_201.jpg,0.866118311882019,0.26677200198173523,0.5730254054069519,False,False,0.22697459459304814,data\negatives\Paul_Gauguin_201.jpg
data\candidates\artists_tree\Pierre-Auguste_Renoir\Pierre-Auguste_Renoir_333.jpg,0.8739211559295654,0.24330347776412964,0.573013424873352,False,False,0.226986575126648,data\negatives\Pierre-Auguste_Renoir_333.jpg
data\candidates\artists_tree\Paul_Gauguin\Paul_Gauguin_33.jpg,0.8592251539230347,0.2873309254646301,0.5730013251304626,False,False,0.2269986748695374,data\negatives\Paul_Gauguin_33.jpg
data\candidates\artists_tree\Mikhail_Vrubel\Mikhail_Vrubel_150.jpg,0.8678563833236694,0.2613610625267029,0.5729860663414001,False,False,0.2270139336585999,data\negatives\Mikhail_Vrubel_150.jpg
data\candidates\artists_tree\Claude_Monet\Claude_Monet_57.jpg,0.8696333169937134,0.25574180483818054,0.5729283690452576,False,False,0.22707163095474248,data\negatives\Claude_Monet_57.jpg
data\candidates\artists_tree\Albrecht_Du╠êrer\Albrecht_Du╠êrer_187.jpg,0.8676653504371643,0.2611156404018402,0.5728223919868469,False,False,0.22717760801315312,data\negatives\Albrecht_Du╠êrer_187.jpg
data\candidates\artists_tree\Marc_Chagall\Marc_Chagall_143.jpg,0.8756954669952393,0.2366853654384613,0.5727543830871582,False,False,0.22724561691284184,data\negatives\Marc_Chagall_143.jpg
data\candidates\artists_tree\Alfred_Sisley\Alfred_Sisley_112.jpg,0.8596075773239136,0.2844708561897278,0.5726587772369385,False,False,0.22734122276306157,data\negatives\Alfred_Sisley_112.jpg
data\candidates\artists_tree\Claude_Monet\Claude_Monet_50.jpg,0.867894172668457,0.25951576232910156,0.5726396441459656,False,False,0.22736035585403447,data\negatives\Claude_Monet_50.jpg
data\candidates\artists_tree\Henri_Matisse\Henri_Matisse_46.jpg,0.8654305934906006,0.2668721377849579,0.5726327896118164,False,False,0.22736721038818364,data\negatives\Henri_Matisse_46.jpg
data\candidates\artists_tree\Salvador_Dali\Salvador_Dali_51.jpg,0.8792687654495239,0.22492986917495728,0.5725472569465637,False,False,0.22745274305343632,data\negatives\Salvador_Dali_51.jpg
data\candidates\artists_tree\Rene_Magritte\Rene_Magritte_81.jpg,0.8618900179862976,0.2769133448600769,0.572516679763794,False,False,0.2274833202362061,data\negatives\Rene_Magritte_81.jpg
data\candidates\artists_tree\Alfred_Sisley\Alfred_Sisley_178.jpg,0.8647617697715759,0.2682322859764099,0.5725035071372986,False,False,0.22749649286270146,data\negatives\Alfred_Sisley_178.jpg
data\candidates\artists_tree\Claude_Monet\Claude_Monet_2.jpg,0.8659986853599548,0.2644917964935303,0.5724976062774658,False,False,0.22750239372253422,data\negatives\Claude_Monet_2.jpg
data\candidates\artists_tree\Marc_Chagall\Marc_Chagall_124.jpg,0.8624394536018372,0.2751169800758362,0.5724870562553406,False,False,0.22751294374465947,data\negatives\Marc_Chagall_124.jpg
data\candidates\artists_tree\Gustave_Courbet\Gustave_Courbet_9.jpg,0.8617894649505615,0.27681368589401245,0.5724364519119263,False,False,0.22756354808807377,data\negatives\Gustave_Courbet_9.jpg
data\candidates\artists_tree\Pablo_Picasso\Pablo_Picasso_262.jpg,0.882084846496582,0.21581469476222992,0.5724138617515564,False,False,0.22758613824844365,data\negatives\Pablo_Picasso_262.jpg
data\candidates\artists_tree\Henri_Matisse\Henri_Matisse_13.jpg,0.8694556951522827,0.25353097915649414,0.5723796486854553,False,False,0.22762035131454472,data\negatives\Henri_Matisse_13.jpg
data\candidates\artists_tree\Hieronymus_Bosch\Hieronymus_Bosch_107.jpg,0.8575605154037476,0.2891702950000763,0.5723704099655151,False,False,0.2276295900344849,data\negatives\Hieronymus_Bosch_107.jpg
data\candidates\artists_tree\Alfred_Sisley\Alfred_Sisley_222.jpg,0.8592223525047302,0.28411567211151123,0.5723565816879272,False,False,0.2276434183120728,data\negatives\Alfred_Sisley_222.jpg
data\candidates\artists_tree\Alfred_Sisley\Alfred_Sisley_6.jpg,0.8609263896942139,0.278866708278656,0.5723291635513306,False,False,0.22767083644866948,data\negatives\Alfred_Sisley_6.jpg
data\candidates\artists_tree\Paul_Gauguin\Paul_Gauguin_231.jpg,0.8588429689407349,0.2851136028766632,0.5723285675048828,False,False,0.22767143249511723,data\negatives\Paul_Gauguin_231.jpg
data\candidates\artists_tree\Leonardo_da_Vinci\Leonardo_da_Vinci_105.jpg,0.8663870096206665,0.2624414265155792,0.5723205208778381,False,False,0.2276794791221619,data\negatives\Leonardo_da_Vinci_105.jpg
data\candidates\artists_tree\Pierre-Auguste_Renoir\Pierre-Auguste_Renoir_7.jpg,0.8636943101882935,0.2701675593852997,0.5722501277923584,False,False,0.22774987220764165,data\negatives\Pierre-Auguste_Renoir_7.jpg
data\candidates\artists_tree\Edouard_Manet\Edouard_Manet_65.jpg,0.8576131463050842,0.2883923053741455,0.5722463726997375,False,False,0.2277536273002625,data\negatives\Edouard_Manet_65.jpg
data\candidates\artists_tree\Alfred_Sisley\Alfred_Sisley_194.jpg,0.8643944263458252,0.2680467963218689,0.5722460746765137,False,False,0.22775392532348637,data\negatives\Alfred_Sisley_194.jpg
data\candidates\artists_tree\Gustav_Klimt\Gustav_Klimt_69.jpg,0.8561227917671204,0.2926902174949646,0.572211742401123,False,False,0.227788257598877,data\negatives\Gustav_Klimt_69.jpg
data\candidates\artists_tree\Paul_Gauguin\Paul_Gauguin_183.jpg,0.8704675436019897,0.24963930249214172,0.5722084045410156,False,False,0.22779159545898442,data\negatives\Paul_Gauguin_183.jpg
data\candidates\artists_tree\Pierre-Auguste_Renoir\Pierre-Auguste_Renoir_214.jpg,0.8657025098800659,0.26370909810066223,0.5721633434295654,False,False,0.22783665657043461,data\negatives\Pierre-Auguste_Renoir_214.jpg
data\candidates\artists_tree\Henri_Matisse\Henri_Matisse_43.jpg,0.8633687496185303,0.2704189717769623,0.5721050500869751,False,False,0.22789494991302495,data\negatives\Henri_Matisse_43.jpg
data\candidates\artists_tree\Edgar_Degas\Edgar_Degas_341.jpg,0.8627095222473145,0.27238205075263977,0.5721021890640259,False,False,0.22789781093597417,data\negatives\Edgar_Degas_341.jpg
data\candidates\artists_tree\Edouard_Manet\Edouard_Manet_22.jpg,0.8633582592010498,0.2703959345817566,0.5720941424369812,False,False,0.22790585756301884,data\negatives\Edouard_Manet_22.jpg
data\candidates\artists_tree\Edgar_Degas\Edgar_Degas_45.jpg,0.8658137321472168,0.262988418340683,0.572085976600647,False,False,0.22791402339935307,data\negatives\Edgar_Degas_45.jpg
data\candidates\artists_tree\Amedeo_Modigliani\Amedeo_Modigliani_172.jpg,0.8647851943969727,0.266059011220932,0.5720829367637634,False,False,0.22791706323623662,data\negatives\Amedeo_Modigliani_172.jpg
data\candidates\artists_tree\Paul_Gauguin\Paul_Gauguin_271.jpg,0.8706466555595398,0.24847275018692017,0.5720825791358948,False,False,0.22791742086410527,data\negatives\Paul_Gauguin_271.jpg
data\candidates\artists_tree\Alfred_Sisley\Alfred_Sisley_69.jpg,0.8628705143928528,0.2716517150402069,0.5720526576042175,False,False,0.22794734239578252,data\negatives\Alfred_Sisley_69.jpg
data\candidates\artists_tree\Leonardo_da_Vinci\Leonardo_da_Vinci_94.jpg,0.8668303489685059,0.25974422693252563,0.5720470547676086,False,False,0.2279529452323914,data\negatives\Leonardo_da_Vinci_94.jpg
data\candidates\artists_tree\Alfred_Sisley\Alfred_Sisley_34.jpg,0.8579151630401611,0.2863830327987671,0.572025716304779,False,False,0.227974283695221,data\negatives\Alfred_Sisley_34.jpg
data\candidates\artists_tree\Edgar_Degas\Edgar_Degas_209.jpg,0.8703551888465881,0.249027818441391,0.5720187425613403,False,False,0.2279812574386597,data\negatives\Edgar_Degas_209.jpg
data\candidates\artists_tree\Albrecht_Du╠êrer\Albrecht_Du╠êrer_248.jpg,0.8716903328895569,0.2442416250705719,0.5718625783920288,False,False,0.22813742160797124,data\negatives\Albrecht_Du╠êrer_248.jpg
data\candidates\artists_tree\Amedeo_Modigliani\Amedeo_Modigliani_9.jpg,0.8587231636047363,0.2830231785774231,0.5718385577201843,False,False,0.22816144227981572,data\negatives\Amedeo_Modigliani_9.jpg
data\candidates\artists_tree\Pierre-Auguste_Renoir\Pierre-Auguste_Renoir_327.jpg,0.8643885850906372,0.2655714750289917,0.5717474818229675,False,False,0.22825251817703252,data\negatives\Pierre-Auguste_Renoir_327.jpg
data\candidates\artists_tree\Edgar_Degas\Edgar_Degas_273.jpg,0.863449215888977,0.26831090450286865,0.5717317461967468,False,False,0.22826825380325322,data\negatives\Edgar_Degas_273.jpg
data\candidates\artists_tree\Pierre-Auguste_Renoir\Pierre-Auguste_Renoir_88.jpg,0.864817202091217,0.26417022943496704,0.5717243552207947,False,False,0.22827564477920537,data\negatives\Pierre-Auguste_Renoir_88.jpg
data\candidates\artists_tree\Georges_Seurat\Georges_Seurat_35.jpg,0.8726948499679565,0.24034970998764038,0.571686863899231,False,False,0.2283131361007691,data\negatives\Georges_Seurat_35.jpg
data\candidates\artists_tree\Mikhail_Vrubel\Mikhail_Vrubel_32.jpg,0.8699725866317749,0.24850867688655853,0.5716853141784668,False,False,0.22831468582153325,data\negatives\Mikhail_Vrubel_32.jpg
data\candidates\artists_tree\Albrecht_Du╠êrer\Albrecht_Du╠êrer_214.jpg,0.8755583167076111,0.23174555599689484,0.5716841220855713,False,False,0.22831587791442876,data\negatives\Albrecht_Du╠êrer_214.jpg
data\candidates\artists_tree\Amedeo_Modigliani\Amedeo_Modigliani_19.jpg,0.861128568649292,0.2748565971851349,0.5716484785079956,False,False,0.22835152149200444,data\negatives\Amedeo_Modigliani_19.jpg
data\candidates\artists_tree\Edgar_Degas\Edgar_Degas_513.jpg,0.8592979907989502,0.280309796333313,0.5716407895088196,False,False,0.22835921049118046,data\negatives\Edgar_Degas_513.jpg
data\candidates\artists_tree\Mikhail_Vrubel\Mikhail_Vrubel_120.jpg,0.8693304061889648,0.2501503527164459,0.5716283321380615,False,False,0.22837166786193852,data\negatives\Mikhail_Vrubel_120.jpg
data\candidates\artists_tree\Pierre-Auguste_Renoir\Pierre-Auguste_Renoir_31.jpg,0.8627005815505981,0.26901084184646606,0.5714225769042969,False,False,0.22857742309570317,data\negatives\Pierre-Auguste_Renoir_31.jpg
data\candidates\artists_tree\Alfred_Sisley\Alfred_Sisley_63.jpg,0.860496997833252,0.2753763496875763,0.5713735222816467,False,False,0.22862647771835332,data\negatives\Alfred_Sisley_63.jpg
data\candidates\artists_tree\Pablo_Picasso\Pablo_Picasso_410.jpg,0.8639620542526245,0.2638465166091919,0.571146547794342,False,False,0.228853452205658,data\negatives\Pablo_Picasso_410.jpg
data\candidates\artists_tree\Camille_Pissarro\Camille_Pissarro_75.jpg,0.8592588901519775,0.2778356373310089,0.5711225271224976,False,False,0.22887747287750249,data\negatives\Camille_Pissarro_75.jpg
data\candidates\artists_tree\Paul_Gauguin\Paul_Gauguin_255.jpg,0.8631206750869751,0.2660571336746216,0.5710839033126831,False,False,0.22891609668731694,data\negatives\Paul_Gauguin_255.jpg
data\candidates\artists_tree\Mikhail_Vrubel\Mikhail_Vrubel_117.jpg,0.8688548803329468,0.24872896075248718,0.5710587501525879,False,False,0.22894124984741215,data\negatives\Mikhail_Vrubel_117.jpg
data\candidates\artists_tree\Kazimir_Malevich\Kazimir_Malevich_5.jpg,0.8600322604179382,0.27510592341423035,0.5710405707359314,False,False,0.22895942926406865,data\negatives\Kazimir_Malevich_5.jpg
data\candidates\artists_tree\Pierre-Auguste_Renoir\Pierre-Auguste_Renoir_171.jpg,0.8659793138504028,0.2572491466999054,0.5710374712944031,False,False,0.22896252870559697,data\negatives\Pierre-Auguste_Renoir_171.jpg
data\candidates\artists_tree\Camille_Pissarro\Camille_Pissarro_9.jpg,0.8633288145065308,0.264875590801239,0.5709724426269531,False,False,0.22902755737304692,data\negatives\Camille_Pissarro_9.jpg
data\candidates\artists_tree\Albrecht_Du╠êrer\Albrecht_Du╠êrer_283.jpg,0.8740010857582092,0.23256048560142517,0.5709127187728882,False,False,0.22908728122711186,data\negatives\Albrecht_Du╠êrer_283.jpg
data\candidates\artists_tree\Henri_de_Toulouse-Lautrec\Henri_de_Toulouse-Lautrec_5.jpg,0.854546070098877,0.2908230423927307,0.5708922743797302,False,False,0.22910772562026982,data\negatives\Henri_de_Toulouse-Lautrec_5.jpg
data\candidates\artists_tree\Amedeo_Modigliani\Amedeo_Modigliani_2.jpg,0.8599227666854858,0.2746764123439789,0.5708889365196228,False,False,0.22911106348037724,data\negatives\Amedeo_Modigliani_2.jpg
data\candidates\artists_tree\Frida_Kahlo\Frida_Kahlo_23.jpg,0.8624395728111267,0.2670398950576782,0.5708717107772827,False,False,0.22912828922271733,data\negatives\Frida_Kahlo_23.jpg
data\candidates\artists_tree\Albrecht_Du╠êrer\Albrecht_Du╠êrer_310.jpg,0.8629601001739502,0.26523175835609436,0.5708224177360535,False,False,0.22917758226394658,data\negatives\Albrecht_Du╠êrer_310.jpg
data\candidates\artists_tree\Camille_Pissarro\Camille_Pissarro_90.jpg,0.85948646068573,0.2756195664405823,0.5708158016204834,False,False,0.22918419837951665,data\negatives\Camille_Pissarro_90.jpg
data\candidates\artists_tree\Pablo_Picasso\Pablo_Picasso_54.jpg,0.851936399936676,0.2981598973274231,0.570793867111206,False,False,0.229206132888794,data\negatives\Pablo_Picasso_54.jpg
data\candidates\artists_tree\Pierre-Auguste_Renoir\Pierre-Auguste_Renoir_154.jpg,0.8595840930938721,0.2751127779483795,0.5707730054855347,False,False,0.22922699451446538,data\negatives\Pierre-Auguste_Renoir_154.jpg
data\candidates\artists_tree\Claude_Monet\Claude_Monet_58.jpg,0.8595107793807983,0.27525511384010315,0.5707575082778931,False,False,0.22924249172210698,data\negatives\Claude_Monet_58.jpg
data\candidates\artists_tree\Paul_Klee\Paul_Klee_63.jpg,0.8613201379776001,0.26962655782699585,0.570717453956604,False,False,0.22928254604339604,data\negatives\Paul_Klee_63.jpg
data\candidates\artists_tree\Pierre-Auguste_Renoir\Pierre-Auguste_Renoir_319.jpg,0.8681240081787109,0.2490014135837555,0.5706747174263,False,False,0.2293252825737,data\negatives\Pierre-Auguste_Renoir_319.jpg
data\candidates\artists_tree\Alfred_Sisley\Alfred_Sisley_149.jpg,0.8575273752212524,0.28058546781539917,0.570633590221405,False,False,0.22936640977859502,data\negatives\Alfred_Sisley_149.jpg
data\candidates\artists_tree\Gustav_Klimt\Gustav_Klimt_86.jpg,0.8561562299728394,0.2840687334537506,0.5705075263977051,False,False,0.22949247360229497,data\negatives\Gustav_Klimt_86.jpg
data\candidates\artists_tree\Pierre-Auguste_Renoir\Pierre-Auguste_Renoir_14.jpg,0.8566684722900391,0.2823180854320526,0.5704647302627563,False,False,0.2295352697372437,data\negatives\Pierre-Auguste_Renoir_14.jpg
data\candidates\artists_tree\Claude_Monet\Claude_Monet_65.jpg,0.8628057837486267,0.26376819610595703,0.5704371333122253,False,False,0.2295628666877747,data\negatives\Claude_Monet_65.jpg
data\candidates\artists_tree\Paul_Gauguin\Paul_Gauguin_248.jpg,0.8541720509529114,0.28952252864837646,0.5704077482223511,False,False,0.22959225177764897,data\negatives\Paul_Gauguin_248.jpg
data\candidates\artists_tree\Pierre-Auguste_Renoir\Pierre-Auguste_Renoir_142.jpg,0.8589705228805542,0.27493223547935486,0.570368766784668,False,False,0.22963123321533208,data\negatives\Pierre-Auguste_Renoir_142.jpg
data\candidates\artists_tree\Paul_Gauguin\Paul_Gauguin_208.jpg,0.8668763637542725,0.25116831064224243,0.5703595280647278,False,False,0.22964047193527226,data\negatives\Paul_Gauguin_208.jpg
data\candidates\artists_tree\Alfred_Sisley\Alfred_Sisley_65.jpg,0.8658548593521118,0.254054456949234,0.5703238248825073,False,False,0.22967617511749272,data\negatives\Alfred_Sisley_65.jpg
data\candidates\artists_tree\Edvard_Munch\Edvard_Munch_49.jpg,0.8617331981658936,0.266384482383728,0.5703168511390686,False,False,0.22968314886093144,data\negatives\Edvard_Munch_49.jpg
data\candidates\artists_tree\Piet_Mondrian\Piet_Mondrian_29.jpg,0.8543474674224854,0.2883354723453522,0.570275604724884,False,False,0.229724395275116,data\negatives\Piet_Mondrian_29.jpg
data\candidates\artists_tree\Paul_Gauguin\Paul_Gauguin_268.jpg,0.8591490983963013,0.27391794323921204,0.5702730417251587,False,False,0.22972695827484135,data\negatives\Paul_Gauguin_268.jpg
data\candidates\artists_tree\Gustav_Klimt\Gustav_Klimt_25.jpg,0.8726465702056885,0.23315435647964478,0.5702188014984131,False,False,0.22978119850158696,data\negatives\Gustav_Klimt_25.jpg
data\candidates\artists_tree\Alfred_Sisley\Alfred_Sisley_162.jpg,0.8552550077438354,0.28530019521713257,0.5702130794525146,False,False,0.2297869205474854,data\negatives\Alfred_Sisley_162.jpg
data\candidates\artists_tree\Francisco_Goya\Francisco_Goya_34.jpg,0.8592647910118103,0.2729010283946991,0.5701391100883484,False,False,0.22986088991165166,data\negatives\Francisco_Goya_34.jpg
data\candidates\artists_tree\Henri_Matisse\Henri_Matisse_39.jpg,0.8666648268699646,0.25047239661216736,0.5700933933258057,False,False,0.22990660667419438,data\negatives\Henri_Matisse_39.jpg
data\candidates\artists_tree\Alfred_Sisley\Alfred_Sisley_101.jpg,0.8581825494766235,0.2758309543132782,0.5700757503509521,False,False,0.2299242496490479,data\negatives\Alfred_Sisley_101.jpg
data\candidates\artists_tree\Claude_Monet\Claude_Monet_73.jpg,0.8631502985954285,0.2608989477157593,0.5700700283050537,False,False,0.22992997169494633,data\negatives\Claude_Monet_73.jpg
data\candidates\artists_tree\Paul_Gauguin\Paul_Gauguin_277.jpg,0.8640362024307251,0.2582007050514221,0.5700619220733643,False,False,0.2299380779266358,data\negatives\Paul_Gauguin_277.jpg
data\candidates\artists_tree\Georges_Seurat\Georges_Seurat_38.jpg,0.8619258403778076,0.2641953229904175,0.5699945688247681,False,False,0.23000543117523198,data\negatives\Georges_Seurat_38.jpg
data\candidates\artists_tree\Paul_Gauguin\Paul_Gauguin_238.jpg,0.8662413358688354,0.251198947429657,0.5699846148490906,False,False,0.23001538515090947,data\negatives\Paul_Gauguin_238.jpg
data\candidates\artists_tree\Edvard_Munch\Edvard_Munch_58.jpg,0.8507051467895508,0.2974473237991333,0.5699126124382019,False,False,0.23008738756179814,data\negatives\Edvard_Munch_58.jpg
data\candidates\artists_tree\Alfred_Sisley\Alfred_Sisley_180.jpg,0.8545629978179932,0.28528520464897156,0.5697948336601257,False,False,0.2302051663398743,data\negatives\Alfred_Sisley_180.jpg
data\candidates\artists_tree\Albrecht_Du╠êrer\Albrecht_Du╠êrer_43.jpg,0.8686171770095825,0.2430732101202011,0.569784939289093,False,False,0.23021506071090703,data\negatives\Albrecht_Du╠êrer_43.jpg
data\candidates\artists_tree\Claude_Monet\Claude_Monet_30.jpg,0.8684101104736328,0.24366970360279083,0.5697800517082214,False,False,0.2302199482917786,data\negatives\Claude_Monet_30.jpg
data\candidates\artists_tree\Pablo_Picasso\Pablo_Picasso_185.jpg,0.8620412945747375,0.2625150978565216,0.5697277784347534,False,False,0.23027222156524663,data\negatives\Pablo_Picasso_185.jpg
data\candidates\artists_tree\Paul_Gauguin\Paul_Gauguin_239.jpg,0.8636458516120911,0.25769588351249695,0.5697267055511475,False,False,0.23027329444885258,data\negatives\Paul_Gauguin_239.jpg
data\candidates\artists_tree\Henri_de_Toulouse-Lautrec\Henri_de_Toulouse-Lautrec_44.jpg,0.8594915866851807,0.27005088329315186,0.5697051286697388,False,False,0.23029487133026127,data\negatives\Henri_de_Toulouse-Lautrec_44.jpg
data\candidates\artists_tree\Henri_Matisse\Henri_Matisse_72.jpg,0.8570951223373413,0.2768692076206207,0.5696309208869934,False,False,0.23036907911300664,data\negatives\Henri_Matisse_72.jpg
data\candidates\artists_tree\Alfred_Sisley\Alfred_Sisley_48.jpg,0.8612972497940063,0.2642534077167511,0.5696290135383606,False,False,0.23037098646163945,data\negatives\Alfred_Sisley_48.jpg
data\candidates\artists_tree\Hieronymus_Bosch\Hieronymus_Bosch_32.jpg,0.8552285432815552,0.2823088467121124,0.569598913192749,False,False,0.23040108680725102,data\negatives\Hieronymus_Bosch_32.jpg
data\candidates\artists_tree\Camille_Pissarro\Camille_Pissarro_59.jpg,0.8552584648132324,0.2820567488670349,0.5695664286613464,False,False,0.2304335713386536,data\negatives\Camille_Pissarro_59.jpg
data\candidates\artists_tree\Alfred_Sisley\Alfred_Sisley_125.jpg,0.8602532148361206,0.2670271396636963,0.5695573687553406,False,False,0.23044263124465947,data\negatives\Alfred_Sisley_125.jpg
data\candidates\artists_tree\Henri_Matisse\Henri_Matisse_16.jpg,0.8549542427062988,0.2828930914402008,0.5695512294769287,False,False,0.23044877052307133,data\negatives\Henri_Matisse_16.jpg
data\candidates\artists_tree\Peter_Paul_Rubens\Peter_Paul_Rubens_137.jpg,0.866756796836853,0.24746353924274445,0.5695468187332153,False,False,0.2304531812667847,data\negatives\Peter_Paul_Rubens_137.jpg
data\candidates\artists_tree\Pablo_Picasso\Pablo_Picasso_114.jpg,0.8594676852226257,0.26932358741760254,0.569545328617096,False,False,0.2304546713829041,data\negatives\Pablo_Picasso_114.jpg
data\candidates\artists_tree\Alfred_Sisley\Alfred_Sisley_212.jpg,0.8546758890151978,0.2836369276046753,0.5695329904556274,False,False,0.2304670095443726,data\negatives\Alfred_Sisley_212.jpg
data\candidates\artists_tree\Leonardo_da_Vinci\Leonardo_da_Vinci_61.jpg,0.8679527044296265,0.24376004934310913,0.5695236325263977,False,False,0.23047636747360234,data\negatives\Leonardo_da_Vinci_61.jpg
data\candidates\artists_tree\Pierre-Auguste_Renoir\Pierre-Auguste_Renoir_160.jpg,0.8655967116355896,0.2503204047679901,0.5694221258163452,False,False,0.23057787418365483,data\negatives\Pierre-Auguste_Renoir_160.jpg
data\candidates\artists_tree\Alfred_Sisley\Alfred_Sisley_167.jpg,0.859239399433136,0.26922160387039185,0.5693879723548889,False,False,0.23061202764511113,data\negatives\Alfred_Sisley_167.jpg
data\candidates\artists_tree\Pierre-Auguste_Renoir\Pierre-Auguste_Renoir_70.jpg,0.8645197153091431,0.25308147072792053,0.5693281888961792,False,False,0.23067181110382085,data\negatives\Pierre-Auguste_Renoir_70.jpg
data\candidates\artists_tree\Henri_de_Toulouse-Lautrec\Henri_de_Toulouse-Lautrec_35.jpg,0.8594834804534912,0.2681577801704407,0.5693216323852539,False,False,0.23067836761474614,data\negatives\Henri_de_Toulouse-Lautrec_35.jpg
data\candidates\artists_tree\Alfred_Sisley\Alfred_Sisley_216.jpg,0.856846034526825,0.27579036355018616,0.5692657232284546,False,False,0.23073427677154545,data\negatives\Alfred_Sisley_216.jpg
data\candidates\artists_tree\Alfred_Sisley\Alfred_Sisley_91.jpg,0.8566968441009521,0.27579265832901,0.5691766738891602,False,False,0.2308233261108399,data\negatives\Alfred_Sisley_91.jpg
data\candidates\artists_tree\Paul_Cezanne\Paul_Cezanne_19.jpg,0.857491135597229,0.27290236949920654,0.5690751671791077,False,False,0.23092483282089238,data\negatives\Paul_Cezanne_19.jpg
data\candidates\artists_tree\Pierre-Auguste_Renoir\Pierre-Auguste_Renoir_140.jpg,0.8688374757766724,0.2384403944015503,0.5689905881881714,False,False,0.23100941181182866,data\negatives\Pierre-Auguste_Renoir_140.jpg
data\candidates\artists_tree\Marc_Chagall\Marc_Chagall_63.jpg,0.8694707751274109,0.23649489879608154,0.5689814686775208,False,False,0.2310185313224793,data\negatives\Marc_Chagall_63.jpg
data\candidates\artists_tree\Mikhail_Vrubel\Mikhail_Vrubel_27.jpg,0.860194742679596,0.26397037506103516,0.5689109563827515,False,False,0.23108904361724858,data\negatives\Mikhail_Vrubel_27.jpg
data\candidates\artists_tree\Alfred_Sisley\Alfred_Sisley_235.jpg,0.8597862720489502,0.26513978838920593,0.5688997507095337,False,False,0.23110024929046635,data\negatives\Alfred_Sisley_235.jpg
data\candidates\artists_tree\Pierre-Auguste_Renoir\Pierre-Auguste_Renoir_218.jpg,0.8631919622421265,0.25473731756210327,0.5688626766204834,False,False,0.23113732337951665,data\negatives\Pierre-Auguste_Renoir_218.jpg
data\candidates\artists_tree\Gustav_Klimt\Gustav_Klimt_67.jpg,0.8490650653839111,0.2970150113105774,0.5688420534133911,False,False,0.23115794658660893,data\negatives\Gustav_Klimt_67.jpg
data\candidates\artists_tree\Paul_Gauguin\Paul_Gauguin_229.jpg,0.8570342063903809,0.2731054425239563,0.5688416361808777,False,False,0.23115836381912236,data\negatives\Paul_Gauguin_229.jpg
data\candidates\artists_tree\Paul_Gauguin\Paul_Gauguin_177.jpg,0.8584920167922974,0.26860952377319336,0.568817138671875,False,False,0.23118286132812504,data\negatives\Paul_Gauguin_177.jpg
data\candidates\artists_tree\Paul_Cezanne\Paul_Cezanne_14.jpg,0.8559871912002563,0.27572885155677795,0.5687381029129028,False,False,0.2312618970870972,data\negatives\Paul_Cezanne_14.jpg
data\candidates\artists_tree\Paul_Gauguin\Paul_Gauguin_301.jpg,0.8635596036911011,0.2529829144477844,0.5687323808670044,False,False,0.23126761913299565,data\negatives\Paul_Gauguin_301.jpg
data\candidates\artists_tree\Albrecht_Du╠êrer\Albrecht_Du╠êrer_111.jpg,0.8660890460014343,0.24524803459644318,0.5687030553817749,False,False,0.23129694461822514,data\negatives\Albrecht_Du╠êrer_111.jpg
data\candidates\artists_tree\Edgar_Degas\Edgar_Degas_401.jpg,0.8646717071533203,0.2494432032108307,0.5686917304992676,False,False,0.23130826950073247,data\negatives\Edgar_Degas_401.jpg
data\candidates\artists_tree\Edgar_Degas\Edgar_Degas_585.jpg,0.8552971482276917,0.27744966745376587,0.5686682462692261,False,False,0.23133175373077397,data\negatives\Edgar_Degas_585.jpg
data\candidates\artists_tree\Marc_Chagall\Marc_Chagall_36.jpg,0.8459655046463013,0.3052352964878082,0.5686264038085938,False,False,0.2313735961914063,data\negatives\Marc_Chagall_36.jpg
data\candidates\artists_tree\Marc_Chagall\Marc_Chagall_65.jpg,0.8546464443206787,0.27883148193359375,0.568554162979126,False,False,0.23144583702087407,data\negatives\Marc_Chagall_65.jpg
data\candidates\artists_tree\Marc_Chagall\Marc_Chagall_233.jpg,0.8719216585159302,0.22698114812374115,0.5685492157936096,False,False,0.23145078420639043,data\negatives\Marc_Chagall_233.jpg
data\candidates\artists_tree\Albrecht_Du╠êrer\Albrecht_Du╠êrer_268.jpg,0.8654142618179321,0.24648821353912354,0.5685462355613708,False,False,0.2314537644386292,data\negatives\Albrecht_Du╠êrer_268.jpg
data\candidates\artists_tree\Pablo_Picasso\Pablo_Picasso_7.jpg,0.8677546381950378,0.23942595720291138,0.5685380101203918,False,False,0.2314619898796082,data\negatives\Pablo_Picasso_7.jpg
data\candidates\artists_tree\Pierre-Auguste_Renoir\Pierre-Auguste_Renoir_98.jpg,0.8594529628753662,0.2642959654331207,0.5685309767723083,False,False,0.2314690232276917,data\negatives\Pierre-Auguste_Renoir_98.jpg
data\candidates\artists_tree\Alfred_Sisley\Alfred_Sisley_98.jpg,0.8501778244972229,0.2919650375843048,0.568499743938446,False,False,0.231500256061554,data\negatives\Alfred_Sisley_98.jpg
data\candidates\artists_tree\Gustav_Klimt\Gustav_Klimt_62.jpg,0.85869961977005,0.2661079168319702,0.5684413909912109,False,False,0.2315586090087891,data\negatives\Gustav_Klimt_62.jpg
data\candidates\artists_tree\Camille_Pissarro\Camille_Pissarro_34.jpg,0.8533103466033936,0.2821013629436493,0.5684065222740173,False,False,0.2315934777259827,data\negatives\Camille_Pissarro_34.jpg
data\candidates\artists_tree\Pierre-Auguste_Renoir\Pierre-Auguste_Renoir_240.jpg,0.8589508533477783,0.26427558064460754,0.5682256817817688,False,False,0.23177431821823125,data\negatives\Pierre-Auguste_Renoir_240.jpg
data\candidates\artists_tree\Henri_Matisse\Henri_Matisse_23.jpg,0.8630197048187256,0.2520267367362976,0.5682171583175659,False,False,0.23178284168243413,data\negatives\Henri_Matisse_23.jpg
data\candidates\artists_tree\Claude_Monet\Claude_Monet_55.jpg,0.8562856912612915,0.2720851004123688,0.5681884288787842,False,False,0.23181157112121586,data\negatives\Claude_Monet_55.jpg
data\candidates\artists_tree\Leonardo_da_Vinci\Leonardo_da_Vinci_79.jpg,0.861788809299469,0.25553905963897705,0.5681811571121216,False,False,0.23181884288787846,data\negatives\Leonardo_da_Vinci_79.jpg
data\candidates\artists_tree\Mikhail_Vrubel\Mikhail_Vrubel_168.jpg,0.8520491123199463,0.2846038043498993,0.5681502819061279,False,False,0.23184971809387211,data\negatives\Mikhail_Vrubel_168.jpg
data\candidates\artists_tree\Paul_Gauguin\Paul_Gauguin_245.jpg,0.8637393116950989,0.24937394261360168,0.5681183934211731,False,False,0.23188160657882695,data\negatives\Paul_Gauguin_245.jpg
data\candidates\artists_tree\Camille_Pissarro\Camille_Pissarro_63.jpg,0.8577295541763306,0.26717785000801086,0.5680733323097229,False,False,0.23192666769027714,data\negatives\Camille_Pissarro_63.jpg
data\candidates\artists_tree\Henri_Matisse\Henri_Matisse_90.jpg,0.8611642718315125,0.25673815608024597,0.5680462121963501,False,False,0.23195378780364995,data\negatives\Henri_Matisse_90.jpg
data\candidates\artists_tree\Claude_Monet\Claude_Monet_3.jpg,0.850616991519928,0.28830358386039734,0.5680308938026428,False,False,0.23196910619735722,data\negatives\Claude_Monet_3.jpg
data\candidates\artists_tree\Pierre-Auguste_Renoir\Pierre-Auguste_Renoir_330.jpg,0.8573982119560242,0.2679535448551178,0.5680296421051025,False,False,0.2319703578948975,data\negatives\Pierre-Auguste_Renoir_330.jpg
data\candidates\artists_tree\Paul_Gauguin\Paul_Gauguin_81.jpg,0.8656743168830872,0.24311131238937378,0.5680268406867981,False,False,0.23197315931320195,data\negatives\Paul_Gauguin_81.jpg
data\candidates\artists_tree\Marc_Chagall\Marc_Chagall_125.jpg,0.8695820569992065,0.2313375473022461,0.568016767501831,False,False,0.231983232498169,data\negatives\Marc_Chagall_125.jpg
data\candidates\artists_tree\Edgar_Degas\Edgar_Degas_46.jpg,0.8695551156997681,0.23115310072898865,0.567963719367981,False,False,0.2320362806320191,data\negatives\Edgar_Degas_46.jpg
data\candidates\artists_tree\Alfred_Sisley\Alfred_Sisley_135.jpg,0.8646658658981323,0.24576085805892944,0.5679517388343811,False,False,0.23204826116561894,data\negatives\Alfred_Sisley_135.jpg
data\candidates\artists_tree\Claude_Monet\Claude_Monet_5.jpg,0.858330249786377,0.2647622227668762,0.5679506659507751,False,False,0.2320493340492249,data\negatives\Claude_Monet_5.jpg
data\candidates\artists_tree\Camille_Pissarro\Camille_Pissarro_11.jpg,0.8525322079658508,0.2820490002632141,0.5679291486740112,False,False,0.23207085132598881,data\negatives\Camille_Pissarro_11.jpg
data\candidates\artists_tree\Edvard_Munch\Edvard_Munch_25.jpg,0.855293869972229,0.27375853061676025,0.5679280161857605,False,False,0.23207198381423955,data\negatives\Edvard_Munch_25.jpg
data\candidates\artists_tree\Albrecht_Du╠êrer\Albrecht_Du╠êrer_47.jpg,0.8618001937866211,0.25396937131881714,0.567874014377594,False,False,0.23212598562240605,data\negatives\Albrecht_Du╠êrer_47.jpg
data\candidates\artists_tree\Alfred_Sisley\Alfred_Sisley_36.jpg,0.8572205305099487,0.2675861716270447,0.5678495764732361,False,False,0.23215042352676396,data\negatives\Alfred_Sisley_36.jpg
data\candidates\artists_tree\Gustave_Courbet\Gustave_Courbet_52.jpg,0.8596357107162476,0.26016518473625183,0.5678144693374634,False,False,0.23218553066253667,data\negatives\Gustave_Courbet_52.jpg
data\candidates\artists_tree\Henri_de_Toulouse-Lautrec\Henri_de_Toulouse-Lautrec_1.jpg,0.8569093942642212,0.26826387643814087,0.5677984356880188,False,False,0.23220156431198125,data\negatives\Henri_de_Toulouse-Lautrec_1.jpg
data\candidates\artists_tree\Alfred_Sisley\Alfred_Sisley_217.jpg,0.8483872413635254,0.29375606775283813,0.5677835941314697,False,False,0.23221640586853032,data\negatives\Alfred_Sisley_217.jpg
data\candidates\artists_tree\Pierre-Auguste_Renoir\Pierre-Auguste_Renoir_35.jpg,0.8574098348617554,0.2664774954319,0.5677413940429688,False,False,0.2322586059570313,data\negatives\Pierre-Auguste_Renoir_35.jpg
data\candidates\artists_tree\Paul_Gauguin\Paul_Gauguin_219.jpg,0.8537685871124268,0.2773444354534149,0.5677300691604614,False,False,0.23226993083953862,data\negatives\Paul_Gauguin_219.jpg
data\candidates\artists_tree\Amedeo_Modigliani\Amedeo_Modigliani_101.jpg,0.8784198760986328,0.20316368341445923,0.5676846504211426,False,False,0.23231534957885747,data\negatives\Amedeo_Modigliani_101.jpg
data\candidates\artists_tree\Pierre-Auguste_Renoir\Pierre-Auguste_Renoir_177.jpg,0.8591166734695435,0.26105979084968567,0.5676819682121277,False,False,0.23231803178787236,data\negatives\Pierre-Auguste_Renoir_177.jpg
data\candidates\artists_tree\Edgar_Degas\Edgar_Degas_383.jpg,0.8640899658203125,0.24584627151489258,0.5676232576370239,False,False,0.23237674236297612,data\negatives\Edgar_Degas_383.jpg
data\candidates\artists_tree\Claude_Monet\Claude_Monet_53.jpg,0.8590776920318604,0.26064333319664,0.5675753355026245,False,False,0.23242466449737553,data\negatives\Claude_Monet_53.jpg
data\candidates\artists_tree\Paul_Gauguin\Paul_Gauguin_25.jpg,0.8549438714981079,0.2729705274105072,0.5675604343414307,False,False,0.23243956565856938,data\negatives\Paul_Gauguin_25.jpg
data\candidates\artists_tree\Pierre-Auguste_Renoir\Pierre-Auguste_Renoir_128.jpg,0.8518480062484741,0.2822357714176178,0.5675559639930725,False,False,0.23244403600692753,data\negatives\Pierre-Auguste_Renoir_128.jpg
data\candidates\artists_tree\Rembrandt\Rembrandt_53.jpg,0.8684229254722595,0.2324601709842682,0.5675458312034607,False,False,0.23245416879653935,data\negatives\Rembrandt_53.jpg
data\candidates\artists_tree\Pierre-Auguste_Renoir\Pierre-Auguste_Renoir_311.jpg,0.856209397315979,0.26868757605552673,0.5674631595611572,False,False,0.23253684043884282,data\negatives\Pierre-Auguste_Renoir_311.jpg
data\candidates\artists_tree\Marc_Chagall\Marc_Chagall_13.jpg,0.8509618043899536,0.28440001606941223,0.5674570798873901,False,False,0.2325429201126099,data\negatives\Marc_Chagall_13.jpg
data\candidates\artists_tree\Paul_Gauguin\Paul_Gauguin_22.jpg,0.855498194694519,0.2706732153892517,0.5674335956573486,False,False,0.2325664043426514,data\negatives\Paul_Gauguin_22.jpg
data\candidates\artists_tree\Alfred_Sisley\Alfred_Sisley_150.jpg,0.8589497804641724,0.2600688636302948,0.5673836469650269,False,False,0.2326163530349732,data\negatives\Alfred_Sisley_150.jpg
data\candidates\artists_tree\Edgar_Degas\Edgar_Degas_539.jpg,0.8632888793945312,0.2467605471611023,0.5673254728317261,False,False,0.23267452716827397,data\negatives\Edgar_Degas_539.jpg
data\candidates\artists_tree\Paul_Gauguin\Paul_Gauguin_15.jpg,0.8616675138473511,0.2515605390071869,0.5673126578330994,False,False,0.23268734216690068,data\negatives\Paul_Gauguin_15.jpg
data\candidates\artists_tree\Edgar_Degas\Edgar_Degas_594.jpg,0.8601071834564209,0.25622424483299255,0.5673092007637024,False,False,0.23269079923629765,data\negatives\Edgar_Degas_594.jpg
data\candidates\artists_tree\Camille_Pissarro\Camille_Pissarro_3.jpg,0.8553578853607178,0.2703240215778351,0.567279577255249,False,False,0.23272042274475102,data\negatives\Camille_Pissarro_3.jpg
data\candidates\artists_tree\Alfred_Sisley\Alfred_Sisley_195.jpg,0.8569623231887817,0.2651251256465912,0.5672024488449097,False,False,0.23279755115509038,data\negatives\Alfred_Sisley_195.jpg
data\candidates\artists_tree\Pierre-Auguste_Renoir\Pierre-Auguste_Renoir_281.jpg,0.8570200204849243,0.2648669481277466,0.5671854019165039,False,False,0.23281459808349614,data\negatives\Pierre-Auguste_Renoir_281.jpg
data\candidates\artists_tree\Amedeo_Modigliani\Amedeo_Modigliani_94.jpg,0.8702366352081299,0.22473132610321045,0.56708824634552,False,False,0.23291175365448002,data\negatives\Amedeo_Modigliani_94.jpg
data\candidates\artists_tree\Francisco_Goya\Francisco_Goya_149.jpg,0.865219235420227,0.23974694311618805,0.5670809149742126,False,False,0.2329190850257874,data\negatives\Francisco_Goya_149.jpg
data\candidates\artists_tree\Edgar_Degas\Edgar_Degas_162.jpg,0.8652461767196655,0.23935145139694214,0.5670180320739746,False,False,0.23298196792602544,data\negatives\Edgar_Degas_162.jpg
data\candidates\artists_tree\Henri_Matisse\Henri_Matisse_55.jpg,0.8539891839027405,0.2730826735496521,0.5670100450515747,False,False,0.23298995494842534,data\negatives\Henri_Matisse_55.jpg
data\candidates\artists_tree\Edgar_Degas\Edgar_Degas_43.jpg,0.8583225011825562,0.26001083850860596,0.5669957399368286,False,False,0.23300426006317143,data\negatives\Edgar_Degas_43.jpg
data\candidates\artists_tree\Pierre-Auguste_Renoir\Pierre-Auguste_Renoir_196.jpg,0.8716084957122803,0.22004812955856323,0.5669747591018677,False,False,0.23302524089813237,data\negatives\Pierre-Auguste_Renoir_196.jpg
data\candidates\artists_tree\Alfred_Sisley\Alfred_Sisley_44.jpg,0.853458821773529,0.2744694650173187,0.5669692158699036,False,False,0.23303078413009648,data\negatives\Alfred_Sisley_44.jpg
data\candidates\artists_tree\Alfred_Sisley\Alfred_Sisley_226.jpg,0.8536679744720459,0.2738105356693268,0.5669629573822021,False,False,0.2330370426177979,data\negatives\Alfred_Sisley_226.jpg
data\candidates\artists_tree\Paul_Gauguin\Paul_Gauguin_19.jpg,0.8562841415405273,0.2659531235694885,0.5669611692428589,False,False,0.23303883075714116,data\negatives\Paul_Gauguin_19.jpg
data\candidates\artists_tree\Pablo_Picasso\Pablo_Picasso_87.jpg,0.8525068759918213,0.2772272825241089,0.5669496059417725,False,False,0.23305039405822758,data\negatives\Pablo_Picasso_87.jpg
data\candidates\artists_tree\Albrecht_Du╠êrer\Albrecht_Du╠êrer_204.jpg,0.8678405284881592,0.23122526705265045,0.5669493675231934,False,False,0.23305063247680669,data\negatives\Albrecht_Du╠êrer_204.jpg
data\candidates\artists_tree\Alfred_Sisley\Alfred_Sisley_54.jpg,0.8611863255500793,0.2508847713470459,0.5668888092041016,False,False,0.23311119079589848,data\negatives\Alfred_Sisley_54.jpg
data\candidates\artists_tree\Pieter_Bruegel\Pieter_Bruegel_134.jpg,0.8597877621650696,0.2548728585243225,0.5668472051620483,False,False,0.2331527948379517,data\negatives\Pieter_Bruegel_134.jpg
data\candidates\artists_tree\Gustav_Klimt\Gustav_Klimt_22.jpg,0.8573347926139832,0.26222020387649536,0.5668449401855469,False,False,0.23315505981445317,data\negatives\Gustav_Klimt_22.jpg
data\candidates\artists_tree\Paul_Gauguin\Paul_Gauguin_202.jpg,0.8608712553977966,0.25148335099220276,0.566819429397583,False,False,0.23318057060241704,data\negatives\Paul_Gauguin_202.jpg
data\candidates\artists_tree\Pierre-Auguste_Renoir\Pierre-Auguste_Renoir_255.jpg,0.86126708984375,0.25012245774269104,0.5667847990989685,False,False,0.23321520090103154,data\negatives\Pierre-Auguste_Renoir_255.jpg
data\candidates\artists_tree\Francisco_Goya\Francisco_Goya_80.jpg,0.8643926382064819,0.24071362614631653,0.5667783617973328,False,False,0.23322163820266728,data\negatives\Francisco_Goya_80.jpg
data\candidates\artists_tree\Paul_Gauguin\Paul_Gauguin_225.jpg,0.8515726923942566,0.278984397649765,0.5667405128479004,False,False,0.23325948715209965,data\negatives\Paul_Gauguin_225.jpg
data\candidates\artists_tree\Pablo_Picasso\Pablo_Picasso_105.jpg,0.8665787577629089,0.23393753170967102,0.566734790802002,False,False,0.2332652091979981,data\negatives\Pablo_Picasso_105.jpg
data\candidates\artists_tree\Edgar_Degas\Edgar_Degas_284.jpg,0.8579432368278503,0.25970953702926636,0.5667079091072083,False,False,0.2332920908927918,data\negatives\Edgar_Degas_284.jpg
data\candidates\artists_tree\Amedeo_Modigliani\Amedeo_Modigliani_47.jpg,0.8557029962539673,0.26634031534194946,0.5666899085044861,False,False,0.23331009149551396,data\negatives\Amedeo_Modigliani_47.jpg
data\candidates\artists_tree\Albrecht_Du╠êrer\Albrecht_Du╠êrer_281.jpg,0.8586695194244385,0.25740814208984375,0.5666833519935608,False,False,0.23331664800643925,data\negatives\Albrecht_Du╠êrer_281.jpg
data\candidates\artists_tree\Pierre-Auguste_Renoir\Pierre-Auguste_Renoir_1.jpg,0.8541834950447083,0.2708030343055725,0.5666707158088684,False,False,0.23332928419113164,data\negatives\Pierre-Auguste_Renoir_1.jpg
data\candidates\artists_tree\Alfred_Sisley\Alfred_Sisley_181.jpg,0.8550741672515869,0.2681175768375397,0.5666680335998535,False,False,0.23333196640014653,data\negatives\Alfred_Sisley_181.jpg
data\candidates\artists_tree\Alfred_Sisley\Alfred_Sisley_182.jpg,0.8486799001693726,0.28696995973587036,0.5666019320487976,False,False,0.23339806795120244,data\negatives\Alfred_Sisley_182.jpg
data\candidates\artists_tree\Pablo_Picasso\Pablo_Picasso_36.jpg,0.8543533086776733,0.2698378562927246,0.5665795803070068,False,False,0.2334204196929932,data\negatives\Pablo_Picasso_36.jpg
data\candidates\artists_tree\Albrecht_Du╠êrer\Albrecht_Du╠êrer_158.jpg,0.8689839839935303,0.22567959129810333,0.5665263533592224,False,False,0.23347364664077763,data\negatives\Albrecht_Du╠êrer_158.jpg
data\candidates\artists_tree\Pierre-Auguste_Renoir\Pierre-Auguste_Renoir_108.jpg,0.8520777821540833,0.27625563740730286,0.566497802734375,False,False,0.23350219726562504,data\negatives\Pierre-Auguste_Renoir_108.jpg
data\candidates\artists_tree\Alfred_Sisley\Alfred_Sisley_102.jpg,0.8488485813140869,0.2857867479324341,0.5664665102958679,False,False,0.23353348970413212,data\negatives\Alfred_Sisley_102.jpg
data\candidates\artists_tree\Camille_Pissarro\Camille_Pissarro_35.jpg,0.8582323789596558,0.2573670744895935,0.5664128661155701,False,False,0.23358713388442998,data\negatives\Camille_Pissarro_35.jpg
data\candidates\artists_tree\Amedeo_Modigliani\Amedeo_Modigliani_59.jpg,0.8588536977767944,0.25548845529556274,0.5664099454879761,False,False,0.23359005451202397,data\negatives\Amedeo_Modigliani_59.jpg
data\candidates\artists_tree\Alfred_Sisley\Alfred_Sisley_168.jpg,0.8502070903778076,0.28116950392723083,0.5663581490516663,False,False,0.23364185094833378,data\negatives\Alfred_Sisley_168.jpg
data\candidates\artists_tree\Albrecht_Du╠êrer\Albrecht_Du╠êrer_272.jpg,0.8645730018615723,0.2380082905292511,0.5663454532623291,False,False,0.23365454673767094,data\negatives\Albrecht_Du╠êrer_272.jpg
data\candidates\artists_tree\Edgar_Degas\Edgar_Degas_615.jpg,0.8594492673873901,0.2533379793167114,0.5663371682167053,False,False,0.23366283178329472,data\negatives\Edgar_Degas_615.jpg
data\candidates\artists_tree\Camille_Pissarro\Camille_Pissarro_55.jpg,0.8519659042358398,0.2754039168357849,0.5662603378295898,False,False,0.2337396621704102,data\negatives\Camille_Pissarro_55.jpg
data\candidates\artists_tree\Edgar_Degas\Edgar_Degas_526.jpg,0.8631229400634766,0.24188093841075897,0.5662499666213989,False,False,0.23375003337860112,data\negatives\Edgar_Degas_526.jpg
data\candidates\artists_tree\Henri_Matisse\Henri_Matisse_24.jpg,0.8546289205551147,0.2671516239643097,0.5662077069282532,False,False,0.23379229307174687,data\negatives\Henri_Matisse_24.jpg
data\candidates\artists_tree\Pablo_Picasso\Pablo_Picasso_301.jpg,0.8572920560836792,0.2590577006340027,0.566186785697937,False,False,0.23381321430206303,data\negatives\Pablo_Picasso_301.jpg
data\candidates\artists_tree\Marc_Chagall\Marc_Chagall_112.jpg,0.8563675880432129,0.26168695092201233,0.5661579966545105,False,False,0.23384200334548955,data\negatives\Marc_Chagall_112.jpg
data\candidates\artists_tree\Albrecht_Du╠êrer\Albrecht_Du╠êrer_155.jpg,0.8691231608390808,0.22334757447242737,0.5661434531211853,False,False,0.23385654687881474,data\negatives\Albrecht_Du╠êrer_155.jpg
data\candidates\artists_tree\Marc_Chagall\Marc_Chagall_208.jpg,0.8567538857460022,0.2604484260082245,0.5661420226097107,False,False,0.23385797739028935,data\negatives\Marc_Chagall_208.jpg
data\candidates\artists_tree\Alfred_Sisley\Alfred_Sisley_164.jpg,0.8498539924621582,0.2809731662273407,0.5661070346832275,False,False,0.2338929653167725,data\negatives\Alfred_Sisley_164.jpg
data\candidates\artists_tree\Camille_Pissarro\Camille_Pissarro_12.jpg,0.8559179902076721,0.2627386450767517,0.5660985708236694,False,False,0.2339014291763306,data\negatives\Camille_Pissarro_12.jpg
data\candidates\artists_tree\Edgar_Degas\Edgar_Degas_653.jpg,0.861196756362915,0.24658820033073425,0.5660357475280762,False,False,0.23396425247192387,data\negatives\Edgar_Degas_653.jpg
data\candidates\artists_tree\Claude_Monet\Claude_Monet_14.jpg,0.8565731048583984,0.2602854371070862,0.5660009980201721,False,False,0.23399900197982793,data\negatives\Claude_Monet_14.jpg
data\candidates\artists_tree\Alfred_Sisley\Alfred_Sisley_160.jpg,0.8512428402900696,0.27621498703956604,0.5659887194633484,False,False,0.23401128053665166,data\negatives\Alfred_Sisley_160.jpg
data\candidates\artists_tree\Henri_Rousseau\Henri_Rousseau_15.jpg,0.8609684109687805,0.24655306339263916,0.565891683101654,False,False,0.234108316898346,data\negatives\Henri_Rousseau_15.jpg
data\candidates\artists_tree\William_Turner\William_Turner_32.jpg,0.8615643382072449,0.2445119023323059,0.565841019153595,False,False,0.23415898084640507,data\negatives\William_Turner_32.jpg
data\candidates\artists_tree\Marc_Chagall\Marc_Chagall_81.jpg,0.8628361225128174,0.24044567346572876,0.5657908320426941,False,False,0.23420916795730595,data\negatives\Marc_Chagall_81.jpg
data\candidates\artists_tree\Vasiliy_Kandinskiy\Vasiliy_Kandinskiy_25.jpg,0.8474522829055786,0.2864879369735718,0.5657689571380615,False,False,0.23423104286193852,data\negatives\Vasiliy_Kandinskiy_25.jpg
data\candidates\artists_tree\Paul_Gauguin\Paul_Gauguin_43.jpg,0.8584877252578735,0.25328248739242554,0.5657491683959961,False,False,0.23425083160400395,data\negatives\Paul_Gauguin_43.jpg
data\candidates\artists_tree\Paul_Gauguin\Paul_Gauguin_121.jpg,0.8475671410560608,0.2858341336250305,0.5657071471214294,False,False,0.2342928528785706,data\negatives\Paul_Gauguin_121.jpg
data\candidates\artists_tree\Pierre-Auguste_Renoir\Pierre-Auguste_Renoir_111.jpg,0.852993369102478,0.2692003548145294,0.565636157989502,False,False,0.2343638420104981,data\negatives\Pierre-Auguste_Renoir_111.jpg
data\candidates\artists_tree\Pablo_Picasso\Pablo_Picasso_120.jpg,0.8517845869064331,0.2728012800216675,0.5656310319900513,False,False,0.23436896800994877,data\negatives\Pablo_Picasso_120.jpg
data\candidates\artists_tree\Henri_de_Toulouse-Lautrec\Henri_de_Toulouse-Lautrec_23.jpg,0.8558540940284729,0.26056545972824097,0.5656256079673767,False,False,0.23437439203262334,data\negatives\Henri_de_Toulouse-Lautrec_23.jpg
data\candidates\artists_tree\Francisco_Goya\Francisco_Goya_74.jpg,0.8646560907363892,0.23412926495075226,0.5656195282936096,False,False,0.23438047170639043,data\negatives\Francisco_Goya_74.jpg
data\candidates\artists_tree\Paul_Gauguin\Paul_Gauguin_291.jpg,0.8580172061920166,0.25388509035110474,0.5655873417854309,False,False,0.23441265821456914,data\negatives\Paul_Gauguin_291.jpg
data\candidates\artists_tree\Alfred_Sisley\Alfred_Sisley_111.jpg,0.8454253673553467,0.2912774980068207,0.5655107498168945,False,False,0.2344892501831055,data\negatives\Alfred_Sisley_111.jpg
data\candidates\artists_tree\Piet_Mondrian\Piet_Mondrian_31.jpg,0.854656994342804,0.2635517716407776,0.5655045509338379,False,False,0.23449544906616215,data\negatives\Piet_Mondrian_31.jpg
data\candidates\artists_tree\Alfred_Sisley\Alfred_Sisley_78.jpg,0.8582419753074646,0.2527148723602295,0.5654881596565247,False,False,0.2345118403434754,data\negatives\Alfred_Sisley_78.jpg
data\candidates\artists_tree\Paul_Gauguin\Paul_Gauguin_102.jpg,0.8624029159545898,0.24018022418022156,0.5654777884483337,False,False,0.2345222115516663,data\negatives\Paul_Gauguin_102.jpg
data\candidates\artists_tree\Alfred_Sisley\Alfred_Sisley_163.jpg,0.8567843437194824,0.2570344805717468,0.5654775500297546,False,False,0.2345224499702454,data\negatives\Alfred_Sisley_163.jpg
data\candidates\artists_tree\Paul_Gauguin\Paul_Gauguin_1.jpg,0.8622118234634399,0.2404874712228775,0.5654246211051941,False,False,0.23457537889480595,data\negatives\Paul_Gauguin_1.jpg
data\candidates\artists_tree\Pablo_Picasso\Pablo_Picasso_136.jpg,0.8599417209625244,0.24710111320018768,0.5653852820396423,False,False,0.2346147179603577,data\negatives\Pablo_Picasso_136.jpg
data\candidates\artists_tree\Piet_Mondrian\Piet_Mondrian_69.jpg,0.8445476293563843,0.2932150959968567,0.5653716325759888,False,False,0.23462836742401127,data\negatives\Piet_Mondrian_69.jpg
data\candidates\artists_tree\Vasiliy_Kandinskiy\Vasiliy_Kandinskiy_37.jpg,0.8607499003410339,0.24452698230743408,0.5653553605079651,False,False,0.23464463949203496,data\negatives\Vasiliy_Kandinskiy_37.jpg
data\candidates\artists_tree\Paul_Gauguin\Paul_Gauguin_290.jpg,0.8508226871490479,0.2743012011051178,0.5653538703918457,False,False,0.23464612960815434,data\negatives\Paul_Gauguin_290.jpg
data\candidates\artists_tree\Henri_Matisse\Henri_Matisse_114.jpg,0.8540033102035522,0.2645106911659241,0.565304160118103,False,False,0.23469583988189702,data\negatives\Henri_Matisse_114.jpg
data\candidates\artists_tree\Pierre-Auguste_Renoir\Pierre-Auguste_Renoir_256.jpg,0.8592126369476318,0.2480962872505188,0.5651468634605408,False,False,0.23485313653945927,data\negatives\Pierre-Auguste_Renoir_256.jpg
data\candidates\artists_tree\Henri_Matisse\Henri_Matisse_178.jpg,0.856330394744873,0.25641733407974243,0.5650817155838013,False,False,0.23491828441619877,data\negatives\Henri_Matisse_178.jpg
data\candidates\artists_tree\Pablo_Picasso\Pablo_Picasso_234.jpg,0.855117917060852,0.2598068118095398,0.5650321245193481,False,False,0.2349678754806519,data\negatives\Pablo_Picasso_234.jpg
data\candidates\artists_tree\Claude_Monet\Claude_Monet_16.jpg,0.8499944806098938,0.27493295073509216,0.5649833083152771,False,False,0.23501669168472294,data\negatives\Claude_Monet_16.jpg
data\candidates\artists_tree\Piet_Mondrian\Piet_Mondrian_78.jpg,0.8508975505828857,0.272222638130188,0.5649831295013428,False,False,0.23501687049865727,data\negatives\Piet_Mondrian_78.jpg
data\candidates\artists_tree\Alfred_Sisley\Alfred_Sisley_67.jpg,0.8546624183654785,0.2609063386917114,0.5649787187576294,False,False,0.23502128124237065,data\negatives\Alfred_Sisley_67.jpg
data\candidates\artists_tree\Marc_Chagall\Marc_Chagall_31.jpg,0.8601135611534119,0.24438554048538208,0.5649452805519104,False,False,0.23505471944808964,data\negatives\Marc_Chagall_31.jpg
data\candidates\artists_tree\Alfred_Sisley\Alfred_Sisley_35.jpg,0.8554338216781616,0.2580798864364624,0.5648762583732605,False,False,0.23512374162673955,data\negatives\Alfred_Sisley_35.jpg
data\candidates\artists_tree\Alfred_Sisley\Alfred_Sisley_200.jpg,0.8519139289855957,0.26834338903427124,0.5648170709609985,False,False,0.2351829290390015,data\negatives\Alfred_Sisley_200.jpg
data\candidates\artists_tree\Alfred_Sisley\Alfred_Sisley_40.jpg,0.854345440864563,0.26080915331840515,0.5647690892219543,False,False,0.2352309107780457,data\negatives\Alfred_Sisley_40.jpg
data\candidates\artists_tree\Paul_Gauguin\Paul_Gauguin_175.jpg,0.854010820388794,0.26178744435310364,0.5647640228271484,False,False,0.2352359771728516,data\negatives\Paul_Gauguin_175.jpg
data\candidates\artists_tree\Albrecht_Du╠êrer\Albrecht_Du╠êrer_22.jpg,0.8613443970680237,0.23974022269248962,0.5647547245025635,False,False,0.23524527549743657,data\negatives\Albrecht_Du╠êrer_22.jpg
data\candidates\artists_tree\Paul_Gauguin\Paul_Gauguin_136.jpg,0.851839542388916,0.2682073712348938,0.5647452473640442,False,False,0.23525475263595585,data\negatives\Paul_Gauguin_136.jpg
data\candidates\artists_tree\Camille_Pissarro\Camille_Pissarro_46.jpg,0.8502755165100098,0.27279284596443176,0.5647239089012146,False,False,0.23527609109878544,data\negatives\Camille_Pissarro_46.jpg
data\candidates\artists_tree\Edgar_Degas\Edgar_Degas_502.jpg,0.8525182604789734,0.26606178283691406,0.5647233128547668,False,False,0.2352766871452332,data\negatives\Edgar_Degas_502.jpg
data\candidates\artists_tree\Henri_Matisse\Henri_Matisse_180.jpg,0.8566924333572388,0.2535274028778076,0.5647209882736206,False,False,0.23527901172637944,data\negatives\Henri_Matisse_180.jpg
data\candidates\artists_tree\Paul_Gauguin\Paul_Gauguin_252.jpg,0.8500334620475769,0.2734833359718323,0.5647167563438416,False,False,0.2352832436561585,data\negatives\Paul_Gauguin_252.jpg
data\candidates\artists_tree\Pieter_Bruegel\Pieter_Bruegel_10.jpg,0.8494886159896851,0.27481773495674133,0.5646567344665527,False,False,0.2353432655334473,data\negatives\Pieter_Bruegel_10.jpg
data\candidates\artists_tree\Camille_Pissarro\Camille_Pissarro_85.jpg,0.8536542057991028,0.26230815052986145,0.5646541714668274,False,False,0.23534582853317265,data\negatives\Camille_Pissarro_85.jpg
data\candidates\artists_tree\Paul_Gauguin\Paul_Gauguin_197.jpg,0.8540716767311096,0.2609127163887024,0.5646255612373352,False,False,0.23537443876266484,data\negatives\Paul_Gauguin_197.jpg
data\candidates\artists_tree\Gustav_Klimt\Gustav_Klimt_37.jpg,0.860808253288269,0.24064360558986664,0.5646136999130249,False,False,0.23538630008697514,data\negatives\Gustav_Klimt_37.jpg
data\candidates\artists_tree\Albrecht_Du╠êrer\Albrecht_Du╠êrer_316.jpg,0.8640880584716797,0.23075775802135468,0.5646044611930847,False,False,0.23539553880691533,data\negatives\Albrecht_Du╠êrer_316.jpg
data\candidates\artists_tree\Vasiliy_Kandinskiy\Vasiliy_Kandinskiy_3.jpg,0.8513486385345459,0.2689353823661804,0.5645962357521057,False,False,0.23540376424789433,data\negatives\Vasiliy_Kandinskiy_3.jpg
data\candidates\artists_tree\Claude_Monet\Claude_Monet_43.jpg,0.8487361073493958,0.2767016589641571,0.5645820498466492,False,False,0.23541795015335087,data\negatives\Claude_Monet_43.jpg
data\candidates\artists_tree\Claude_Monet\Claude_Monet_64.jpg,0.8532360792160034,0.2630990743637085,0.5645614862442017,False,False,0.23543851375579838,data\negatives\Claude_Monet_64.jpg
data\candidates\artists_tree\Alfred_Sisley\Alfred_Sisley_143.jpg,0.8481230735778809,0.2783745527267456,0.5645487904548645,False,False,0.23545120954513554,data\negatives\Alfred_Sisley_143.jpg
data\candidates\artists_tree\Albrecht_Du╠êrer\Albrecht_Du╠êrer_28.jpg,0.8639740943908691,0.23064377903938293,0.5645132064819336,False,False,0.23548679351806645,data\negatives\Albrecht_Du╠êrer_28.jpg
data\candidates\artists_tree\Mikhail_Vrubel\Mikhail_Vrubel_139.jpg,0.8494483232498169,0.27420851588249207,0.564510703086853,False,False,0.23548929691314702,data\negatives\Mikhail_Vrubel_139.jpg
data\candidates\artists_tree\El_Greco\El_Greco_8.jpg,0.8592947721481323,0.2445937544107437,0.5644956231117249,False,False,0.2355043768882752,data\negatives\El_Greco_8.jpg
data\candidates\artists_tree\Paul_Gauguin\Paul_Gauguin_186.jpg,0.8539395928382874,0.2606185972690582,0.5644875168800354,False,False,0.23551248311996464,data\negatives\Paul_Gauguin_186.jpg
data\candidates\artists_tree\Claude_Monet\Claude_Monet_17.jpg,0.8538132309913635,0.2609153985977173,0.5644710659980774,False,False,0.23552893400192265,data\negatives\Claude_Monet_17.jpg
data\candidates\artists_tree\Amedeo_Modigliani\Amedeo_Modigliani_13.jpg,0.8522027134895325,0.2656969130039215,0.5644610524177551,False,False,0.23553894758224492,data\negatives\Amedeo_Modigliani_13.jpg
data\candidates\artists_tree\Alfred_Sisley\Alfred_Sisley_73.jpg,0.8494459390640259,0.2737971544265747,0.5644270181655884,False,False,0.23557298183441167,data\negatives\Alfred_Sisley_73.jpg
data\candidates\artists_tree\Alfred_Sisley\Alfred_Sisley_93.jpg,0.856239378452301,0.25337255001068115,0.5644181370735168,False,False,0.2355818629264832,data\negatives\Alfred_Sisley_93.jpg
data\candidates\artists_tree\Edgar_Degas\Edgar_Degas_227.jpg,0.8376946449279785,0.3088347315788269,0.5643837451934814,False,False,0.2356162548065186,data\negatives\Edgar_Degas_227.jpg
data\candidates\artists_tree\Camille_Pissarro\Camille_Pissarro_51.jpg,0.8548939824104309,0.25714796781539917,0.5643659830093384,False,False,0.23563401699066167,data\negatives\Camille_Pissarro_51.jpg
data\candidates\artists_tree\Alfred_Sisley\Alfred_Sisley_107.jpg,0.8553552627563477,0.2554880380630493,0.5643107891082764,False,False,0.23568921089172368,data\negatives\Alfred_Sisley_107.jpg
data\candidates\artists_tree\Pierre-Auguste_Renoir\Pierre-Auguste_Renoir_270.jpg,0.8521192669868469,0.2651783227920532,0.5643072724342346,False,False,0.23569272756576543,data\negatives\Pierre-Auguste_Renoir_270.jpg
data\candidates\artists_tree\Pablo_Picasso\Pablo_Picasso_202.jpg,0.8518204689025879,0.26605620980262756,0.5643035173416138,False,False,0.23569648265838627,data\negatives\Pablo_Picasso_202.jpg
data\candidates\artists_tree\Kazimir_Malevich\Kazimir_Malevich_109.jpg,0.8562558889389038,0.25255993008613586,0.5642654895782471,False,False,0.23573451042175297,data\negatives\Kazimir_Malevich_109.jpg
data\candidates\artists_tree\Alfred_Sisley\Alfred_Sisley_257.jpg,0.8532856106758118,0.26146751642227173,0.5642648935317993,False,False,0.23573510646820073,data\negatives\Alfred_Sisley_257.jpg
data\candidates\artists_tree\Alfred_Sisley\Alfred_Sisley_213.jpg,0.8503227233886719,0.2702963054180145,0.5642529129981995,False,False,0.23574708700180058,data\negatives\Alfred_Sisley_213.jpg
data\candidates\artists_tree\Camille_Pissarro\Camille_Pissarro_8.jpg,0.8533776998519897,0.2610054910182953,0.5642277598381042,False,False,0.2357722401618958,data\negatives\Camille_Pissarro_8.jpg
data\candidates\artists_tree\Gustav_Klimt\Gustav_Klimt_87.jpg,0.8596739172935486,0.24208064377307892,0.5642204880714417,False,False,0.2357795119285584,data\negatives\Gustav_Klimt_87.jpg
data\candidates\artists_tree\Amedeo_Modigliani\Amedeo_Modigliani_99.jpg,0.8550845980644226,0.2558201253414154,0.564214825630188,False,False,0.23578517436981206,data\negatives\Amedeo_Modigliani_99.jpg
data\candidates\artists_tree\Albrecht_Du╠êrer\Albrecht_Du╠êrer_277.jpg,0.8689595460891724,0.21404463052749634,0.5641847252845764,False,False,0.23581527471542363,data\negatives\Albrecht_Du╠êrer_277.jpg
data\candidates\artists_tree\Paul_Gauguin\Paul_Gauguin_149.jpg,0.8506839275360107,0.268842488527298,0.5641788840293884,False,False,0.23582111597061162,data\negatives\Paul_Gauguin_149.jpg
data\candidates\artists_tree\Henri_Matisse\Henri_Matisse_69.jpg,0.8582563400268555,0.24611732363700867,0.5641773343086243,False,False,0.23582266569137578,data\negatives\Henri_Matisse_69.jpg
data\candidates\artists_tree\Piet_Mondrian\Piet_Mondrian_53.jpg,0.8470455408096313,0.27954980731010437,0.56413733959198,False,False,0.23586266040802006,data\negatives\Piet_Mondrian_53.jpg
data\candidates\artists_tree\Pierre-Auguste_Renoir\Pierre-Auguste_Renoir_258.jpg,0.8635599613189697,0.23000255227088928,0.5641365051269531,False,False,0.23586349487304692,data\negatives\Pierre-Auguste_Renoir_258.jpg
data\candidates\artists_tree\Gustav_Klimt\Gustav_Klimt_17.jpg,0.8621658086776733,0.23372408747673035,0.5640443563461304,False,False,0.23595564365386967,data\negatives\Gustav_Klimt_17.jpg
data\candidates\artists_tree\Albrecht_Du╠êrer\Albrecht_Du╠êrer_128.jpg,0.8641641139984131,0.2276998609304428,0.5640384554862976,False,False,0.23596154451370244,data\negatives\Albrecht_Du╠êrer_128.jpg
data\candidates\artists_tree\Edgar_Degas\Edgar_Degas_55.jpg,0.859679102897644,0.24092546105384827,0.5639926195144653,False,False,0.2360073804855347,data\negatives\Edgar_Degas_55.jpg
data\candidates\artists_tree\Henri_Matisse\Henri_Matisse_108.jpg,0.8516350984573364,0.2648822069168091,0.5639575123786926,False,False,0.23604248762130742,data\negatives\Henri_Matisse_108.jpg
data\candidates\artists_tree\Kazimir_Malevich\Kazimir_Malevich_93.jpg,0.8557300567626953,0.25256815552711487,0.5639516711235046,False,False,0.2360483288764954,data\negatives\Kazimir_Malevich_93.jpg
data\candidates\artists_tree\Paul_Gauguin\Paul_Gauguin_128.jpg,0.8482892513275146,0.2748081088066101,0.5639352202415466,False,False,0.2360647797584534,data\negatives\Paul_Gauguin_128.jpg
data\candidates\artists_tree\Paul_Gauguin\Paul_Gauguin_101.jpg,0.8508583307266235,0.26698988676071167,0.5639129877090454,False,False,0.23608701229095463,data\negatives\Paul_Gauguin_101.jpg
data\candidates\artists_tree\Pierre-Auguste_Renoir\Pierre-Auguste_Renoir_209.jpg,0.8542941212654114,0.25665411353111267,0.5639073252677917,False,False,0.2360926747322083,data\negatives\Pierre-Auguste_Renoir_209.jpg
data\candidates\artists_tree\Mikhail_Vrubel\Mikhail_Vrubel_126.jpg,0.8541361093521118,0.25710880756378174,0.5639034509658813,False,False,0.2360965490341187,data\negatives\Mikhail_Vrubel_126.jpg
data\candidates\artists_tree\Pierre-Auguste_Renoir\Pierre-Auguste_Renoir_64.jpg,0.8501764535903931,0.2689652144908905,0.5638989210128784,False,False,0.23610107898712163,data\negatives\Pierre-Auguste_Renoir_64.jpg
data\candidates\artists_tree\Alfred_Sisley\Alfred_Sisley_10.jpg,0.8465557098388672,0.27947402000427246,0.5638282299041748,False,False,0.23617177009582524,data\negatives\Alfred_Sisley_10.jpg
data\candidates\artists_tree\Albrecht_Du╠êrer\Albrecht_Du╠êrer_126.jpg,0.8595966100692749,0.2402801662683487,0.5638139843940735,False,False,0.23618601560592656,data\negatives\Albrecht_Du╠êrer_126.jpg
data\candidates\artists_tree\Edouard_Manet\Edouard_Manet_15.jpg,0.8567399978637695,0.24873417615890503,0.5637908577919006,False,False,0.2362091422080994,data\negatives\Edouard_Manet_15.jpg
data\candidates\artists_tree\Paul_Gauguin\Paul_Gauguin_278.jpg,0.8590766191482544,0.2417081594467163,0.5637876391410828,False,False,0.23621236085891728,data\negatives\Paul_Gauguin_278.jpg
data\candidates\artists_tree\Amedeo_Modigliani\Amedeo_Modigliani_148.jpg,0.8473731875419617,0.27681729197502136,0.5637874007225037,False,False,0.23621259927749638,data\negatives\Amedeo_Modigliani_148.jpg
data\candidates\artists_tree\Pierre-Auguste_Renoir\Pierre-Auguste_Renoir_4.jpg,0.8567583560943604,0.24838900566101074,0.5637328028678894,False,False,0.23626719713211064,data\negatives\Pierre-Auguste_Renoir_4.jpg
data\candidates\artists_tree\Gustav_Klimt\Gustav_Klimt_11.jpg,0.8569294214248657,0.24780243635177612,0.5637181401252747,False,False,0.2362818598747254,data\negatives\Gustav_Klimt_11.jpg
data\candidates\artists_tree\Edgar_Degas\Edgar_Degas_64.jpg,0.8572365641593933,0.2468799501657486,0.5637179613113403,False,False,0.2362820386886597,data\negatives\Edgar_Degas_64.jpg
data\candidates\artists_tree\Paul_Gauguin\Paul_Gauguin_27.jpg,0.8526396155357361,0.2606584429740906,0.5637155175209045,False,False,0.2362844824790955,data\negatives\Paul_Gauguin_27.jpg
data\candidates\artists_tree\Albrecht_Du╠êrer\Albrecht_Du╠êrer_106.jpg,0.8622085452079773,0.23188051581382751,0.5637012720108032,False,False,0.23629872798919682,data\negatives\Albrecht_Du╠êrer_106.jpg
data\candidates\artists_tree\Pablo_Picasso\Pablo_Picasso_351.jpg,0.8508623838424683,0.26591217517852783,0.5636999011039734,False,False,0.23630009889602666,data\negatives\Pablo_Picasso_351.jpg
data\candidates\artists_tree\Albrecht_Du╠êrer\Albrecht_Du╠êrer_319.jpg,0.8677574396133423,0.215166836977005,0.5636878609657288,False,False,0.23631213903427128,data\negatives\Albrecht_Du╠êrer_319.jpg
data\candidates\artists_tree\Pablo_Picasso\Pablo_Picasso_100.jpg,0.8583287000656128,0.24332627654075623,0.5636625289916992,False,False,0.23633747100830083,data\negatives\Pablo_Picasso_100.jpg
data\candidates\artists_tree\Paul_Gauguin\Paul_Gauguin_2.jpg,0.8571730852127075,0.24670261144638062,0.5636444091796875,False,False,0.23635559082031254,data\negatives\Paul_Gauguin_2.jpg
data\candidates\artists_tree\Pablo_Picasso\Pablo_Picasso_199.jpg,0.8526936173439026,0.26008689403533936,0.5636335611343384,False,False,0.23636643886566167,data\negatives\Pablo_Picasso_199.jpg
data\candidates\artists_tree\Pieter_Bruegel\Pieter_Bruegel_29.jpg,0.848112940788269,0.27375730872154236,0.5636192560195923,False,False,0.23638074398040776,data\negatives\Pieter_Bruegel_29.jpg
data\candidates\artists_tree\Marc_Chagall\Marc_Chagall_53.jpg,0.8630737662315369,0.2288515567779541,0.563614547252655,False,False,0.23638545274734502,data\negatives\Marc_Chagall_53.jpg
data\candidates\artists_tree\Camille_Pissarro\Camille_Pissarro_62.jpg,0.8394995331764221,0.299571692943573,0.5636140704154968,False,False,0.23638592958450322,data\negatives\Camille_Pissarro_62.jpg
data\candidates\artists_tree\Kazimir_Malevich\Kazimir_Malevich_25.jpg,0.8502429127693176,0.26728662848472595,0.5636031031608582,False,False,0.2363968968391419,data\negatives\Kazimir_Malevich_25.jpg
data\candidates\artists_tree\Paul_Gauguin\Paul_Gauguin_224.jpg,0.841749906539917,0.29255372285842896,0.5635606646537781,False,False,0.23643933534622197,data\negatives\Paul_Gauguin_224.jpg
data\candidates\artists_tree\Henri_de_Toulouse-Lautrec\Henri_de_Toulouse-Lautrec_64.jpg,0.8528064489364624,0.25932350754737854,0.5635485649108887,False,False,0.23645143508911137,data\negatives\Henri_de_Toulouse-Lautrec_64.jpg
data\candidates\artists_tree\Pierre-Auguste_Renoir\Pierre-Auguste_Renoir_216.jpg,0.8593927025794983,0.2393333613872528,0.563502311706543,False,False,0.23649768829345708,data\negatives\Pierre-Auguste_Renoir_216.jpg
data\candidates\artists_tree\Paul_Gauguin\Paul_Gauguin_125.jpg,0.8462914228439331,0.27863001823425293,0.5635008811950684,False,False,0.23649911880493169,data\negatives\Paul_Gauguin_125.jpg
data\candidates\artists_tree\Pierre-Auguste_Renoir\Pierre-Auguste_Renoir_95.jpg,0.850578784942627,0.265730082988739,0.5634933114051819,False,False,0.23650668859481816,data\negatives\Pierre-Auguste_Renoir_95.jpg
data\candidates\artists_tree\Gustav_Klimt\Gustav_Klimt_32.jpg,0.8701643943786621,0.20691342651844025,0.563481330871582,False,False,0.236518669128418,data\negatives\Gustav_Klimt_32.jpg
data\candidates\artists_tree\Paul_Gauguin\Paul_Gauguin_194.jpg,0.8465589284896851,0.27767860889434814,0.5634711384773254,False,False,0.2365288615226746,data\negatives\Paul_Gauguin_194.jpg
data\candidates\artists_tree\Amedeo_Modigliani\Amedeo_Modigliani_122.jpg,0.8515866994857788,0.2621399164199829,0.5633800625801086,False,False,0.2366199374198914,data\negatives\Amedeo_Modigliani_122.jpg
data\candidates\artists_tree\Pierre-Auguste_Renoir\Pierre-Auguste_Renoir_254.jpg,0.8458155393600464,0.27938076853752136,0.5633654594421387,False,False,0.23663454055786137,data\negatives\Pierre-Auguste_Renoir_254.jpg
data\candidates\artists_tree\Edgar_Degas\Edgar_Degas_229.jpg,0.844280481338501,0.28391164541244507,0.5633506178855896,False,False,0.23664938211441044,data\negatives\Edgar_Degas_229.jpg
data\candidates\artists_tree\Pierre-Auguste_Renoir\Pierre-Auguste_Renoir_60.jpg,0.8612462878227234,0.2329728603363037,0.5633423328399658,False,False,0.23665766716003422,data\negatives\Pierre-Auguste_Renoir_60.jpg
data\candidates\artists_tree\Henri_Matisse\Henri_Matisse_115.jpg,0.8521614670753479,0.2601621150970459,0.5633293390274048,False,False,0.23667066097259526,data\negatives\Henri_Matisse_115.jpg
data\candidates\artists_tree\Joan_Miro\Joan_Miro_39.jpg,0.8574568629264832,0.24416054785251617,0.5633062720298767,False,False,0.23669372797012334,data\negatives\Joan_Miro_39.jpg
data\candidates\artists_tree\Paul_Gauguin\Paul_Gauguin_140.jpg,0.8550828695297241,0.251234769821167,0.5632966756820679,False,False,0.23670332431793217,data\negatives\Paul_Gauguin_140.jpg
data\candidates\artists_tree\Alfred_Sisley\Alfred_Sisley_59.jpg,0.8431109189987183,0.2870117425918579,0.5632689595222473,False,False,0.23673104047775273,data\negatives\Alfred_Sisley_59.jpg
data\candidates\artists_tree\Pierre-Auguste_Renoir\Pierre-Auguste_Renoir_134.jpg,0.8530781269073486,0.2570940852165222,0.5632657408714294,False,False,0.2367342591285706,data\negatives\Pierre-Auguste_Renoir_134.jpg
data\candidates\artists_tree\Salvador_Dali\Salvador_Dali_60.jpg,0.8528714179992676,0.2571069300174713,0.5631442666053772,False,False,0.23685573339462285,data\negatives\Salvador_Dali_60.jpg
data\candidates\artists_tree\Pierre-Auguste_Renoir\Pierre-Auguste_Renoir_151.jpg,0.8519668579101562,0.25973984599113464,0.5631281137466431,False,False,0.23687188625335698,data\negatives\Pierre-Auguste_Renoir_151.jpg
data\candidates\artists_tree\Pablo_Picasso\Pablo_Picasso_60.jpg,0.8450905084609985,0.2802790105342865,0.5631101131439209,False,False,0.23688988685607915,data\negatives\Pablo_Picasso_60.jpg
data\candidates\artists_tree\Marc_Chagall\Marc_Chagall_132.jpg,0.8568859100341797,0.24482201039791107,0.5630959272384644,False,False,0.2369040727615357,data\negatives\Marc_Chagall_132.jpg
data\candidates\artists_tree\Pierre-Auguste_Renoir\Pierre-Auguste_Renoir_34.jpg,0.8563467264175415,0.2461845725774765,0.5630449652671814,False,False,0.23695503473281865,data\negatives\Pierre-Auguste_Renoir_34.jpg
data\candidates\artists_tree\Francisco_Goya\Francisco_Goya_217.jpg,0.8609844446182251,0.23219433426856995,0.5630295872688293,False,False,0.2369704127311707,data\negatives\Francisco_Goya_217.jpg
data\candidates\artists_tree\Albrecht_Du╠êrer\Albrecht_Du╠êrer_107.jpg,0.8631858825683594,0.22541533410549164,0.5629945993423462,False,False,0.23700540065765385,data\negatives\Albrecht_Du╠êrer_107.jpg
data\candidates\artists_tree\Edgar_Degas\Edgar_Degas_48.jpg,0.8507558107376099,0.26252686977386475,0.5629588961601257,False,False,0.2370411038398743,data\negatives\Edgar_Degas_48.jpg
data\candidates\artists_tree\Henri_Matisse\Henri_Matisse_45.jpg,0.8505188226699829,0.2629479169845581,0.5629009008407593,False,False,0.23709909915924077,data\negatives\Henri_Matisse_45.jpg
data\candidates\artists_tree\Paul_Gauguin\Paul_Gauguin_38.jpg,0.8492437601089478,0.26664650440216064,0.5628755688667297,False,False,0.2371244311332703,data\negatives\Paul_Gauguin_38.jpg
data\candidates\artists_tree\Mikhail_Vrubel\Mikhail_Vrubel_13.jpg,0.8582165241241455,0.23954062163829803,0.562838077545166,False,False,0.23716192245483403,data\negatives\Mikhail_Vrubel_13.jpg
data\candidates\artists_tree\Pablo_Picasso\Pablo_Picasso_218.jpg,0.8453643918037415,0.27809566259384155,0.5628377795219421,False,False,0.2371622204780579,data\negatives\Pablo_Picasso_218.jpg
data\candidates\artists_tree\Vasiliy_Kandinskiy\Vasiliy_Kandinskiy_23.jpg,0.8489334583282471,0.26707109808921814,0.5627743005752563,False,False,0.2372256994247437,data\negatives\Vasiliy_Kandinskiy_23.jpg
data\candidates\artists_tree\Vasiliy_Kandinskiy\Vasiliy_Kandinskiy_32.jpg,0.855331540107727,0.24784407019615173,0.5627678036689758,False,False,0.23723219633102421,data\negatives\Vasiliy_Kandinskiy_32.jpg
data\candidates\artists_tree\Camille_Pissarro\Camille_Pissarro_16.jpg,0.8511706590652466,0.2602844834327698,0.5627593398094177,False,False,0.23724066019058232,data\negatives\Camille_Pissarro_16.jpg
data\candidates\artists_tree\Pierre-Auguste_Renoir\Pierre-Auguste_Renoir_38.jpg,0.8590653538703918,0.23640279471874237,0.5627197623252869,False,False,0.23728023767471318,data\negatives\Pierre-Auguste_Renoir_38.jpg
data\candidates\artists_tree\Edgar_Degas\Edgar_Degas_528.jpg,0.856109082698822,0.2451966553926468,0.5627048015594482,False,False,0.2372951984405518,data\negatives\Edgar_Degas_528.jpg
data\candidates\artists_tree\Edgar_Degas\Edgar_Degas_673.jpg,0.8459950685501099,0.27542030811309814,0.5626811385154724,False,False,0.23731886148452763,data\negatives\Edgar_Degas_673.jpg
data\candidates\artists_tree\Piet_Mondrian\Piet_Mondrian_8.jpg,0.8441872596740723,0.28083640336990356,0.5626797080039978,False,False,0.23732029199600224,data\negatives\Piet_Mondrian_8.jpg
data\candidates\artists_tree\Francisco_Goya\Francisco_Goya_21.jpg,0.8599780797958374,0.23342585563659668,0.5626720190048218,False,False,0.23732798099517827,data\negatives\Francisco_Goya_21.jpg
data\candidates\artists_tree\Paul_Gauguin\Paul_Gauguin_48.jpg,0.8602070212364197,0.23249123990535736,0.5626224875450134,False,False,0.23737751245498662,data\negatives\Paul_Gauguin_48.jpg
data\candidates\artists_tree\Henri_Matisse\Henri_Matisse_147.jpg,0.8428466320037842,0.2844284474849701,0.5625936985015869,False,False,0.23740630149841313,data\negatives\Henri_Matisse_147.jpg
data\candidates\artists_tree\Pablo_Picasso\Pablo_Picasso_57.jpg,0.8480604887008667,0.26864534616470337,0.5625653862953186,False,False,0.23743461370468144,data\negatives\Pablo_Picasso_57.jpg
data\candidates\artists_tree\Pablo_Picasso\Pablo_Picasso_159.jpg,0.8517441749572754,0.25716572999954224,0.5624796748161316,False,False,0.23752032518386845,data\negatives\Pablo_Picasso_159.jpg
data\candidates\artists_tree\Vasiliy_Kandinskiy\Vasiliy_Kandinskiy_17.jpg,0.8528926372528076,0.253672331571579,0.5624700784683228,False,False,0.2375299215316773,data\negatives\Vasiliy_Kandinskiy_17.jpg
data\candidates\artists_tree\Pablo_Picasso\Pablo_Picasso_78.jpg,0.8517916202545166,0.25697124004364014,0.5624692440032959,False,False,0.23753075599670415,data\negatives\Pablo_Picasso_78.jpg
data\candidates\artists_tree\Alfred_Sisley\Alfred_Sisley_56.jpg,0.8475940823554993,0.2694677710533142,0.5624500513076782,False,False,0.23754994869232182,data\negatives\Alfred_Sisley_56.jpg
data\candidates\artists_tree\Pablo_Picasso\Pablo_Picasso_47.jpg,0.8513734340667725,0.2581081986427307,0.5624457001686096,False,False,0.23755429983139043,data\negatives\Pablo_Picasso_47.jpg
data\candidates\artists_tree\Pierre-Auguste_Renoir\Pierre-Auguste_Renoir_308.jpg,0.8422204852104187,0.285542368888855,0.5624407529830933,False,False,0.23755924701690678,data\negatives\Pierre-Auguste_Renoir_308.jpg
data\candidates\artists_tree\Alfred_Sisley\Alfred_Sisley_137.jpg,0.8395982980728149,0.29336243867874146,0.5624315142631531,False,False,0.23756848573684697,data\negatives\Alfred_Sisley_137.jpg
data\candidates\artists_tree\Marc_Chagall\Marc_Chagall_58.jpg,0.8513671159744263,0.257979154586792,0.5624160766601562,False,False,0.2375839233398438,data\negatives\Marc_Chagall_58.jpg
data\candidates\artists_tree\Pierre-Auguste_Renoir\Pierre-Auguste_Renoir_124.jpg,0.8508503437042236,0.2594704329967499,0.5624042749404907,False,False,0.23759572505950932,data\negatives\Pierre-Auguste_Renoir_124.jpg
data\candidates\artists_tree\Paul_Gauguin\Paul_Gauguin_191.jpg,0.8478317260742188,0.26850998401641846,0.5624010562896729,False,False,0.2375989437103272,data\negatives\Paul_Gauguin_191.jpg
data\candidates\artists_tree\Paul_Cezanne\Paul_Cezanne_15.jpg,0.8561217784881592,0.24363872408866882,0.5624008178710938,False,False,0.2375991821289063,data\negatives\Paul_Cezanne_15.jpg
data\candidates\artists_tree\Henri_Matisse\Henri_Matisse_91.jpg,0.8545830845832825,0.24820619821548462,0.5623911023139954,False,False,0.23760889768600468,data\negatives\Henri_Matisse_91.jpg
data\candidates\artists_tree\Paul_Gauguin\Paul_Gauguin_67.jpg,0.8413585424423218,0.28772106766700745,0.5623593926429749,False,False,0.2376406073570252,data\negatives\Paul_Gauguin_67.jpg
data\candidates\artists_tree\Edgar_Degas\Edgar_Degas_309.jpg,0.8520201444625854,0.255607008934021,0.5623335242271423,False,False,0.2376664757728577,data\negatives\Edgar_Degas_309.jpg
data\candidates\artists_tree\Claude_Monet\Claude_Monet_9.jpg,0.8579881191253662,0.23757962882518768,0.5623088479042053,False,False,0.23769115209579472,data\negatives\Claude_Monet_9.jpg
data\candidates\artists_tree\Henri_Matisse\Henri_Matisse_184.jpg,0.8530943393707275,0.2519261837005615,0.5622418522834778,False,False,0.23775814771652226,data\negatives\Henri_Matisse_184.jpg
data\candidates\artists_tree\Camille_Pissarro\Camille_Pissarro_15.jpg,0.8470600843429565,0.26995009183883667,0.5622260570526123,False,False,0.23777394294738774,data\negatives\Camille_Pissarro_15.jpg
data\candidates\artists_tree\Piet_Mondrian\Piet_Mondrian_75.jpg,0.8431304097175598,0.2816576659679413,0.5622097849845886,False,False,0.23779021501541142,data\negatives\Piet_Mondrian_75.jpg
data\candidates\artists_tree\Pablo_Picasso\Pablo_Picasso_164.jpg,0.8484570980072021,0.2656252682209015,0.5621993541717529,False,False,0.23780064582824711,data\negatives\Pablo_Picasso_164.jpg
data\candidates\artists_tree\Marc_Chagall\Marc_Chagall_221.jpg,0.8470141887664795,0.2699114680290222,0.56219083070755,False,False,0.23780916929245,data\negatives\Marc_Chagall_221.jpg
data\candidates\artists_tree\Amedeo_Modigliani\Amedeo_Modigliani_35.jpg,0.8458753228187561,0.27313709259033203,0.562152624130249,False,False,0.23784737586975102,data\negatives\Amedeo_Modigliani_35.jpg
data\candidates\artists_tree\Mikhail_Vrubel\Mikhail_Vrubel_17.jpg,0.8431395292282104,0.28124910593032837,0.5621335506439209,False,False,0.23786644935607915,data\negatives\Mikhail_Vrubel_17.jpg
data\candidates\artists_tree\Alfred_Sisley\Alfred_Sisley_70.jpg,0.8498106002807617,0.26123180985450745,0.562132716178894,False,False,0.237867283821106,data\negatives\Alfred_Sisley_70.jpg
data\candidates\artists_tree\Vasiliy_Kandinskiy\Vasiliy_Kandinskiy_67.jpg,0.8508733510971069,0.2580326795578003,0.5621305704116821,False,False,0.23786942958831792,data\negatives\Vasiliy_Kandinskiy_67.jpg
data\candidates\artists_tree\Edgar_Degas\Edgar_Degas_336.jpg,0.8472572565078735,0.26887401938438416,0.5621291399002075,False,False,0.23787086009979252,data\negatives\Edgar_Degas_336.jpg
data\candidates\artists_tree\Francisco_Goya\Francisco_Goya_168.jpg,0.8526684045791626,0.2526032328605652,0.5621217489242554,False,False,0.23787825107574467,data\negatives\Francisco_Goya_168.jpg
data\candidates\artists_tree\Vasiliy_Kandinskiy\Vasiliy_Kandinskiy_50.jpg,0.8437907695770264,0.27923092246055603,0.5621206760406494,False,False,0.23787932395935063,data\negatives\Vasiliy_Kandinskiy_50.jpg
data\candidates\artists_tree\Pierre-Auguste_Renoir\Pierre-Auguste_Renoir_37.jpg,0.8493863344192505,0.2622947096824646,0.5620907545089722,False,False,0.23790924549102788,data\negatives\Pierre-Auguste_Renoir_37.jpg
data\candidates\artists_tree\Vasiliy_Kandinskiy\Vasiliy_Kandinskiy_24.jpg,0.8549656867980957,0.2453434020280838,0.5620481371879578,False,False,0.23795186281204228,data\negatives\Vasiliy_Kandinskiy_24.jpg
data\candidates\artists_tree\Henri_Matisse\Henri_Matisse_97.jpg,0.8471032381057739,0.2687655985355377,0.5620151162147522,False,False,0.23798488378524785,data\negatives\Henri_Matisse_97.jpg
data\candidates\artists_tree\Joan_Miro\Joan_Miro_37.jpg,0.849882960319519,0.26039475202560425,0.5620087385177612,False,False,0.23799126148223881,data\negatives\Joan_Miro_37.jpg
data\candidates\artists_tree\Paul_Gauguin\Paul_Gauguin_66.jpg,0.849007785320282,0.26300522685050964,0.5620057582855225,False,False,0.23799424171447758,data\negatives\Paul_Gauguin_66.jpg
data\candidates\artists_tree\Francisco_Goya\Francisco_Goya_36.jpg,0.8530663847923279,0.2507452964782715,0.5619889497756958,False,False,0.23801105022430424,data\negatives\Francisco_Goya_36.jpg
data\candidates\artists_tree\Leonardo_da_Vinci\Leonardo_da_Vinci_46.jpg,0.8534160256385803,0.24961374700069427,0.5619723796844482,False,False,0.2380276203155518,data\negatives\Leonardo_da_Vinci_46.jpg
data\candidates\artists_tree\Paul_Gauguin\Paul_Gauguin_160.jpg,0.8475074172019958,0.2672252655029297,0.5619494915008545,False,False,0.23805050849914555,data\negatives\Paul_Gauguin_160.jpg
data\candidates\artists_tree\Amedeo_Modigliani\Amedeo_Modigliani_140.jpg,0.8511365652084351,0.2562306225299835,0.5619280934333801,False,False,0.23807190656661992,data\negatives\Amedeo_Modigliani_140.jpg
data\candidates\artists_tree\Camille_Pissarro\Camille_Pissarro_73.jpg,0.8434905409812927,0.2791220545768738,0.5619187355041504,False,False,0.23808126449584965,data\negatives\Camille_Pissarro_73.jpg
data\candidates\artists_tree\Leonardo_da_Vinci\Leonardo_da_Vinci_76.jpg,0.852715015411377,0.25142550468444824,0.5619141459465027,False,False,0.23808585405349736,data\negatives\Leonardo_da_Vinci_76.jpg
data\candidates\artists_tree\Alfred_Sisley\Alfred_Sisley_1.jpg,0.8413997888565063,0.2852793335914612,0.5618957877159119,False,False,0.23810421228408818,data\negatives\Alfred_Sisley_1.jpg
data\candidates\artists_tree\Paul_Gauguin\Paul_Gauguin_302.jpg,0.8525213003158569,0.25173789262771606,0.5618603825569153,False,False,0.23813961744308476,data\negatives\Paul_Gauguin_302.jpg
data\candidates\artists_tree\Mikhail_Vrubel\Mikhail_Vrubel_165.jpg,0.8498750925064087,0.2596396803855896,0.5618529915809631,False,False,0.2381470084190369,data\negatives\Mikhail_Vrubel_165.jpg
data\candidates\artists_tree\Pablo_Picasso\Pablo_Picasso_42.jpg,0.8511056900024414,0.2558785676956177,0.5618391633033752,False,False,0.2381608366966248,data\negatives\Pablo_Picasso_42.jpg
data\candidates\artists_tree\Marc_Chagall\Marc_Chagall_113.jpg,0.8568205237388611,0.23856398463249207,0.5618051290512085,False,False,0.23819487094879155,data\negatives\Marc_Chagall_113.jpg
data\candidates\artists_tree\Paul_Gauguin\Paul_Gauguin_232.jpg,0.847223162651062,0.2670869827270508,0.5617513060569763,False,False,0.23824869394302373,data\negatives\Paul_Gauguin_232.jpg
data\candidates\artists_tree\William_Turner\William_Turner_25.jpg,0.8518772125244141,0.2530932128429413,0.5617449879646301,False,False,0.23825501203536992,data\negatives\William_Turner_25.jpg
data\candidates\artists_tree\Paul_Gauguin\Paul_Gauguin_283.jpg,0.8483173847198486,0.26374703645706177,0.5617398619651794,False,False,0.2382601380348206,data\negatives\Paul_Gauguin_283.jpg
data\candidates\artists_tree\Albrecht_Du╠êrer\Albrecht_Du╠êrer_192.jpg,0.8578842282295227,0.23503045737743378,0.5617366433143616,False,False,0.23826335668563847,data\negatives\Albrecht_Du╠êrer_192.jpg
data\candidates\artists_tree\Marc_Chagall\Marc_Chagall_34.jpg,0.8651443719863892,0.21313835680484772,0.5617143511772156,False,False,0.23828564882278447,data\negatives\Marc_Chagall_34.jpg
data\candidates\artists_tree\Albrecht_Du╠êrer\Albrecht_Du╠êrer_273.jpg,0.8561689257621765,0.23982274532318115,0.561665952205658,False,False,0.23833404779434209,data\negatives\Albrecht_Du╠êrer_273.jpg
data\candidates\artists_tree\Paul_Gauguin\Paul_Gauguin_42.jpg,0.8521504402160645,0.25187671184539795,0.5616656541824341,False,False,0.23833434581756596,data\negatives\Paul_Gauguin_42.jpg
data\candidates\artists_tree\Pablo_Picasso\Pablo_Picasso_129.jpg,0.8514101505279541,0.25402647256851196,0.5616514086723328,False,False,0.23834859132766728,data\negatives\Pablo_Picasso_129.jpg
data\candidates\artists_tree\Henri_Matisse\Henri_Matisse_99.jpg,0.8410313129425049,0.28501564264297485,0.5616219639778137,False,False,0.23837803602218632,data\negatives\Henri_Matisse_99.jpg
data\candidates\artists_tree\Edgar_Degas\Edgar_Degas_400.jpg,0.8572731018066406,0.23609305918216705,0.5615825057029724,False,False,0.23841749429702763,data\negatives\Edgar_Degas_400.jpg
data\candidates\artists_tree\Pablo_Picasso\Pablo_Picasso_158.jpg,0.8456457257270813,0.27095741033554077,0.5615789294242859,False,False,0.23842107057571416,data\negatives\Pablo_Picasso_158.jpg
data\candidates\artists_tree\Georges_Seurat\Georges_Seurat_1.jpg,0.8478397130966187,0.26434364914894104,0.5615725517272949,False,False,0.23842744827270512,data\negatives\Georges_Seurat_1.jpg
data\candidates\artists_tree\Paul_Gauguin\Paul_Gauguin_123.jpg,0.8555351495742798,0.24115923047065735,0.5615529417991638,False,False,0.23844705820083623,data\negatives\Paul_Gauguin_123.jpg
data\candidates\artists_tree\Mikhail_Vrubel\Mikhail_Vrubel_164.jpg,0.8514058589935303,0.2534332275390625,0.5615301728248596,False,False,0.23846982717514043,data\negatives\Mikhail_Vrubel_164.jpg
data\candidates\artists_tree\Amedeo_Modigliani\Amedeo_Modigliani_119.jpg,0.8557856678962708,0.24002376198768616,0.5614761710166931,False,False,0.23852382898330693,data\negatives\Amedeo_Modigliani_119.jpg
data\candidates\artists_tree\Gustav_Klimt\Gustav_Klimt_46.jpg,0.8596618175506592,0.22830544412136078,0.5614582300186157,False,False,0.23854176998138432,data\negatives\Gustav_Klimt_46.jpg
data\candidates\artists_tree\Edgar_Degas\Edgar_Degas_54.jpg,0.8512874841690063,0.2532320022583008,0.5614189505577087,False,False,0.2385810494422913,data\negatives\Edgar_Degas_54.jpg
data\candidates\artists_tree\Camille_Pissarro\Camille_Pissarro_83.jpg,0.8453832864761353,0.2707466185092926,0.5613793134689331,False,False,0.23862068653106694,data\negatives\Camille_Pissarro_83.jpg
data\candidates\artists_tree\Camille_Pissarro\Camille_Pissarro_60.jpg,0.8484925031661987,0.26127389073371887,0.5613503456115723,False,False,0.23864965438842778,data\negatives\Camille_Pissarro_60.jpg
data\candidates\artists_tree\William_Turner\William_Turner_43.jpg,0.8629227876663208,0.21776044368743896,0.561305820941925,False,False,0.238694179058075,data\negatives\William_Turner_43.jpg
data\candidates\artists_tree\Paul_Klee\Paul_Klee_170.jpg,0.8535590171813965,0.2458169162273407,0.5612988471984863,False,False,0.23870115280151372,data\negatives\Paul_Klee_170.jpg
data\candidates\artists_tree\Francisco_Goya\Francisco_Goya_85.jpg,0.8518229722976685,0.25102001428604126,0.5612977743148804,False,False,0.23870222568511967,data\negatives\Francisco_Goya_85.jpg
data\candidates\artists_tree\Alfred_Sisley\Alfred_Sisley_198.jpg,0.8429133892059326,0.2776802182197571,0.561284065246582,False,False,0.238715934753418,data\negatives\Alfred_Sisley_198.jpg
data\candidates\artists_tree\Albrecht_Du╠êrer\Albrecht_Du╠êrer_24.jpg,0.8519226908683777,0.25056523084640503,0.5612666606903076,False,False,0.23873333930969243,data\negatives\Albrecht_Du╠êrer_24.jpg
data\candidates\artists_tree\Claude_Monet\Claude_Monet_61.jpg,0.8400415182113647,0.28601622581481934,0.5612281560897827,False,False,0.23877184391021733,data\negatives\Claude_Monet_61.jpg
data\candidates\artists_tree\Edvard_Munch\Edvard_Munch_14.jpg,0.8497276306152344,0.25692805647850037,0.5612221956253052,False,False,0.23877780437469487,data\negatives\Edvard_Munch_14.jpg
data\candidates\artists_tree\Pierre-Auguste_Renoir\Pierre-Auguste_Renoir_109.jpg,0.8463042974472046,0.26696985960006714,0.5611765384674072,False,False,0.23882346153259282,data\negatives\Pierre-Auguste_Renoir_109.jpg
data\candidates\artists_tree\Edvard_Munch\Edvard_Munch_16.jpg,0.8431351184844971,0.27639904618263245,0.5611608624458313,False,False,0.23883913755416875,data\negatives\Edvard_Munch_16.jpg
data\candidates\artists_tree\Alfred_Sisley\Alfred_Sisley_166.jpg,0.8417261838912964,0.28061315417289734,0.5611584186553955,False,False,0.23884158134460454,data\negatives\Alfred_Sisley_166.jpg
data\candidates\artists_tree\Alfred_Sisley\Alfred_Sisley_136.jpg,0.8425178527832031,0.27821722626686096,0.5611541867256165,False,False,0.2388458132743836,data\negatives\Alfred_Sisley_136.jpg
data\candidates\artists_tree\Georges_Seurat\Georges_Seurat_41.jpg,0.8460710644721985,0.26753273606300354,0.5611492395401001,False,False,0.23885076045989995,data\negatives\Georges_Seurat_41.jpg
data\candidates\artists_tree\Pierre-Auguste_Renoir\Pierre-Auguste_Renoir_310.jpg,0.8521385788917542,0.24919262528419495,0.5611217021942139,False,False,0.23887829780578618,data\negatives\Pierre-Auguste_Renoir_310.jpg
data\candidates\artists_tree\Edgar_Degas\Edgar_Degas_532.jpg,0.8523363471031189,0.24849022924900055,0.5610998868942261,False,False,0.23890011310577397,data\negatives\Edgar_Degas_532.jpg
data\candidates\artists_tree\Camille_Pissarro\Camille_Pissarro_49.jpg,0.8466563820838928,0.2652713656425476,0.561048150062561,False,False,0.238951849937439,data\negatives\Camille_Pissarro_49.jpg
data\candidates\artists_tree\Amedeo_Modigliani\Amedeo_Modigliani_95.jpg,0.8420939445495605,0.2788539528846741,0.5610272288322449,False,False,0.23897277116775517,data\negatives\Amedeo_Modigliani_95.jpg
data\candidates\artists_tree\Alfred_Sisley\Alfred_Sisley_96.jpg,0.8479171991348267,0.26130491495132446,0.5610113143920898,False,False,0.2389886856079102,data\negatives\Alfred_Sisley_96.jpg
data\candidates\artists_tree\Henri_Matisse\Henri_Matisse_51.jpg,0.8474071025848389,0.2628227174282074,0.561008870601654,False,False,0.238991129398346,data\negatives\Henri_Matisse_51.jpg
data\candidates\artists_tree\Paul_Klee\Paul_Klee_7.jpg,0.8583864569664001,0.22987130284309387,0.5610061287879944,False,False,0.23899387121200566,data\negatives\Paul_Klee_7.jpg
data\candidates\artists_tree\Paul_Gauguin\Paul_Gauguin_14.jpg,0.8532202243804932,0.24529364705085754,0.5609908699989319,False,False,0.23900913000106816,data\negatives\Paul_Gauguin_14.jpg
data\candidates\artists_tree\Pierre-Auguste_Renoir\Pierre-Auguste_Renoir_54.jpg,0.8478535413742065,0.26133838295936584,0.5609798431396484,False,False,0.2390201568603516,data\negatives\Pierre-Auguste_Renoir_54.jpg
data\candidates\artists_tree\Marc_Chagall\Marc_Chagall_64.jpg,0.8524166345596313,0.24753957986831665,0.5609579086303711,False,False,0.23904209136962895,data\negatives\Marc_Chagall_64.jpg
data\candidates\artists_tree\Edgar_Degas\Edgar_Degas_561.jpg,0.8513690829277039,0.25054270029067993,0.5609300136566162,False,False,0.23906998634338383,data\negatives\Edgar_Degas_561.jpg
data\candidates\artists_tree\Leonardo_da_Vinci\Leonardo_da_Vinci_13.jpg,0.8410599231719971,0.281332403421402,0.56090247631073,False,False,0.23909752368927006,data\negatives\Leonardo_da_Vinci_13.jpg
data\candidates\artists_tree\Albrecht_Du╠êrer\Albrecht_Du╠êrer_239.jpg,0.8601727485656738,0.2238614410161972,0.5608759522438049,False,False,0.2391240477561951,data\negatives\Albrecht_Du╠êrer_239.jpg
data\candidates\artists_tree\Camille_Pissarro\Camille_Pissarro_78.jpg,0.848609447479248,0.25836098194122314,0.5608379244804382,False,False,0.2391620755195618,data\negatives\Camille_Pissarro_78.jpg
data\candidates\artists_tree\Paul_Gauguin\Paul_Gauguin_311.jpg,0.8545573949813843,0.24051061272621155,0.5608366131782532,False,False,0.23916338682174687,data\negatives\Paul_Gauguin_311.jpg
data\candidates\artists_tree\Gustav_Klimt\Gustav_Klimt_88.jpg,0.8551129102706909,0.2386976033449173,0.5608072876930237,False,False,0.23919271230697636,data\negatives\Gustav_Klimt_88.jpg
data\candidates\artists_tree\Claude_Monet\Claude_Monet_13.jpg,0.8421963453292847,0.27742549777030945,0.5608029365539551,False,False,0.23919706344604497,data\negatives\Claude_Monet_13.jpg
data\candidates\artists_tree\Paul_Gauguin\Paul_Gauguin_203.jpg,0.8497549295425415,0.254668653011322,0.5607867240905762,False,False,0.23921327590942387,data\negatives\Paul_Gauguin_203.jpg
data\candidates\artists_tree\Gustav_Klimt\Gustav_Klimt_4.jpg,0.8576295375823975,0.23071333765983582,0.5607204437255859,False,False,0.2392795562744141,data\negatives\Gustav_Klimt_4.jpg
data\candidates\artists_tree\Edgar_Degas\Edgar_Degas_252.jpg,0.8453044295310974,0.26745763421058655,0.5606741905212402,False,False,0.2393258094787598,data\negatives\Edgar_Degas_252.jpg
data\candidates\artists_tree\Albrecht_Du╠êrer\Albrecht_Du╠êrer_198.jpg,0.8571579456329346,0.23160769045352936,0.5606163144111633,False,False,0.23938368558883671,data\negatives\Albrecht_Du╠êrer_198.jpg
data\candidates\artists_tree\Paul_Gauguin\Paul_Gauguin_113.jpg,0.8445593118667603,0.2693771719932556,0.5606110692024231,False,False,0.23938893079757695,data\negatives\Paul_Gauguin_113.jpg
data\candidates\artists_tree\Amedeo_Modigliani\Amedeo_Modigliani_81.jpg,0.8473689556121826,0.26094746589660645,0.5606108903884888,False,False,0.23938910961151127,data\negatives\Amedeo_Modigliani_81.jpg
data\candidates\artists_tree\Alfred_Sisley\Alfred_Sisley_233.jpg,0.8417973518371582,0.2775413393974304,0.56058669090271,False,False,0.23941330909729008,data\negatives\Alfred_Sisley_233.jpg
data\candidates\artists_tree\Leonardo_da_Vinci\Leonardo_da_Vinci_98.jpg,0.8505867719650269,0.2509428560733795,0.5605406761169434,False,False,0.23945932388305669,data\negatives\Leonardo_da_Vinci_98.jpg
data\candidates\artists_tree\Pierre-Auguste_Renoir\Pierre-Auguste_Renoir_206.jpg,0.8504006862640381,0.25126487016677856,0.5604934096336365,False,False,0.23950659036636357,data\negatives\Pierre-Auguste_Renoir_206.jpg
data\candidates\artists_tree\Marc_Chagall\Marc_Chagall_77.jpg,0.8580885529518127,0.22819089889526367,0.5604913830757141,False,False,0.23950861692428593,data\negatives\Marc_Chagall_77.jpg
data\candidates\artists_tree\Pierre-Auguste_Renoir\Pierre-Auguste_Renoir_248.jpg,0.8453510403633118,0.2663975954055786,0.5604901909828186,False,False,0.23950980901718144,data\negatives\Pierre-Auguste_Renoir_248.jpg
data\candidates\artists_tree\Paul_Gauguin\Paul_Gauguin_281.jpg,0.8511979579925537,0.24868862330913544,0.5604565739631653,False,False,0.23954342603683476,data\negatives\Paul_Gauguin_281.jpg
data\candidates\artists_tree\Marc_Chagall\Marc_Chagall_85.jpg,0.843305230140686,0.2722315192222595,0.5604294538497925,False,False,0.23957054615020756,data\negatives\Marc_Chagall_85.jpg
data\candidates\artists_tree\Henri_de_Toulouse-Lautrec\Henri_de_Toulouse-Lautrec_33.jpg,0.8511666059494019,0.24860712885856628,0.5604214072227478,False,False,0.23957859277725224,data\negatives\Henri_de_Toulouse-Lautrec_33.jpg
data\candidates\artists_tree\Edgar_Degas\Edgar_Degas_47.jpg,0.8530836701393127,0.24278706312179565,0.5604076385498047,False,False,0.23959236145019536,data\negatives\Edgar_Degas_47.jpg
data\candidates\artists_tree\Pierre-Auguste_Renoir\Pierre-Auguste_Renoir_78.jpg,0.8483610153198242,0.25693851709365845,0.560404360294342,False,False,0.239595639705658,data\negatives\Pierre-Auguste_Renoir_78.jpg
data\candidates\artists_tree\Alfred_Sisley\Alfred_Sisley_186.jpg,0.8463935256004333,0.26280057430267334,0.5603962540626526,False,False,0.23960374593734746,data\negatives\Alfred_Sisley_186.jpg
data\candidates\artists_tree\Edvard_Munch\Edvard_Munch_3.jpg,0.8348520398139954,0.27427107095718384,0.5557654500007629,False,False,0.2442345499992371,data\negatives\Edvard_Munch_3.jpg
data\candidates\artists_tree\Alfred_Sisley\Alfred_Sisley_138.jpg,0.7965094447135925,0.25492700934410095,0.5288910865783691,False,False,0.2711089134216309,data\negatives\Alfred_Sisley_138.jpg
data\candidates\artists_tree\Andy_Warhol\Andy_Warhol_79.jpg,0.703173041343689,0.2100760042667389,0.4639190435409546,False,False,0.33608095645904545,data\negatives\Andy_Warhol_79.jpg
data\candidates\artists_tree\Pablo_Picasso\Pablo_Picasso_346.jpg,0.7934397459030151,0.24674907326698303,0.5254136919975281,False,False,0.27458630800247197,data\negatives\Pablo_Picasso_346.jpg
data\candidates\artists_tree\Marc_Chagall\Marc_Chagall_196.jpg,0.79274982213974,0.24378344416618347,0.5244066119194031,False,False,0.27559338808059697,data\negatives\Marc_Chagall_196.jpg
data\candidates\artists_tree\Andrei_Rublev\Andrei_Rublev_40.jpg,0.7638694047927856,0.18930202722549438,0.49618205428123474,False,False,0.3038179457187653,data\negatives\Andrei_Rublev_40.jpg
data\candidates\artists_tree\Edgar_Degas\Edgar_Degas_304.jpg,0.7850581407546997,0.2606119215488434,0.5231572985649109,False,False,0.27684270143508916,data\negatives\Edgar_Degas_304.jpg
data\candidates\artists_tree\Pablo_Picasso\Pablo_Picasso_139.jpg,0.8165481090545654,0.26815688610076904,0.543560266494751,False,False,0.25643973350524907,data\negatives\Pablo_Picasso_139.jpg
data\candidates\artists_tree\Kazimir_Malevich\Kazimir_Malevich_12.jpg,0.6746415495872498,0.20549671351909637,0.4458842873573303,False,False,0.3541157126426697,data\negatives\Kazimir_Malevich_12.jpg
data\candidates\artists_tree\Pierre-Auguste_Renoir\Pierre-Auguste_Renoir_133.jpg,0.8252550363540649,0.2158212512731552,0.5383172631263733,False,False,0.26168273687362675,data\negatives\Pierre-Auguste_Renoir_133.jpg
data\candidates\artists_tree\Leonardo_da_Vinci\Leonardo_da_Vinci_74.jpg,0.762487530708313,0.2346910834312439,0.5044307708740234,False,False,0.2955692291259766,data\negatives\Leonardo_da_Vinci_74.jpg
data\candidates\artists_tree\Piet_Mondrian\Piet_Mondrian_63.jpg,0.7637115120887756,0.20185615122318268,0.4985981583595276,False,False,0.30140184164047246,data\negatives\Piet_Mondrian_63.jpg
data\candidates\artists_tree\Rembrandt\Rembrandt_63.jpg,0.7596099376678467,0.19327695667743683,0.4944213926792145,False,False,0.30557860732078557,data\negatives\Rembrandt_63.jpg
data\candidates\artists_tree\Alfred_Sisley\Alfred_Sisley_215.jpg,0.7850741744041443,0.2601858973503113,0.5230816602706909,False,False,0.2769183397293091,data\negatives\Alfred_Sisley_215.jpg
data\candidates\artists_tree\Frida_Kahlo\Frida_Kahlo_24.jpg,0.7740257978439331,0.2366999387741089,0.5117554664611816,False,False,0.2882445335388184,data\negatives\Frida_Kahlo_24.jpg
data\candidates\artists_tree\Pierre-Auguste_Renoir\Pierre-Auguste_Renoir_285.jpg,0.7531089782714844,0.27161967754364014,0.5061893463134766,False,False,0.2938106536865235,data\negatives\Pierre-Auguste_Renoir_285.jpg
data\candidates\artists_tree\Peter_Paul_Rubens\Peter_Paul_Rubens_119.jpg,0.7905480861663818,0.25334998965263367,0.5249989032745361,False,False,0.2750010967254639,data\negatives\Peter_Paul_Rubens_119.jpg
data\candidates\artists_tree\Kazimir_Malevich\Kazimir_Malevich_26.jpg,0.724226713180542,0.1728314608335495,0.46910232305526733,False,False,0.3308976769447327,data\negatives\Kazimir_Malevich_26.jpg
data\candidates\artists_tree\Pablo_Picasso\Pablo_Picasso_229.jpg,0.7518153786659241,0.2211688607931137,0.4953230023384094,False,False,0.3046769976615906,data\negatives\Pablo_Picasso_229.jpg
data\candidates\artists_tree\Francisco_Goya\Francisco_Goya_276.jpg,0.840645432472229,0.256185919046402,0.5556244254112244,False,False,0.24437557458877568,data\negatives\Francisco_Goya_276.jpg
data\candidates\artists_tree\Hieronymus_Bosch\Hieronymus_Bosch_27.jpg,0.7703750729560852,0.20981264114379883,0.5041875839233398,False,False,0.2958124160766602,data\negatives\Hieronymus_Bosch_27.jpg
data\candidates\artists_tree\Paul_Gauguin\Paul_Gauguin_269.jpg,0.7778659462928772,0.2399386465549469,0.5147073268890381,False,False,0.28529267311096196,data\negatives\Paul_Gauguin_269.jpg
data\candidates\artists_tree\Edgar_Degas\Edgar_Degas_396.jpg,0.793874204158783,0.22469653189182281,0.521263837814331,False,False,0.278736162185669,data\negatives\Edgar_Degas_396.jpg
data\candidates\artists_tree\Rembrandt\Rembrandt_219.jpg,0.7713637948036194,0.2043616771697998,0.5036906003952026,False,False,0.2963093996047974,data\negatives\Rembrandt_219.jpg
data\candidates\artists_tree\Edgar_Degas\Edgar_Degas_385.jpg,0.8405781388282776,0.2359212040901184,0.5515311360359192,False,False,0.24846886396408085,data\negatives\Edgar_Degas_385.jpg
data\candidates\artists_tree\Edgar_Degas\Edgar_Degas_137.jpg,0.7409379482269287,0.2358635514974594,0.4917355179786682,False,False,0.30826448202133183,data\negatives\Edgar_Degas_137.jpg
data\candidates\artists_tree\Edgar_Degas\Edgar_Degas_53.jpg,0.811225175857544,0.25431394577026367,0.5375978946685791,False,False,0.26240210533142094,data\negatives\Edgar_Degas_53.jpg
data\candidates\artists_tree\Henri_Matisse\Henri_Matisse_159.jpg,0.7733228206634521,0.2375292181968689,0.5114995241165161,False,False,0.28850047588348393,data\negatives\Henri_Matisse_159.jpg
data\candidates\artists_tree\Sandro_Botticelli\Sandro_Botticelli_147.jpg,0.7275873422622681,0.21522682905197144,0.479597806930542,False,False,0.32040219306945805,data\negatives\Sandro_Botticelli_147.jpg
data\candidates\artists_tree\Albrecht_Du╠êrer\Albrecht_Du╠êrer_226.jpg,0.7892457246780396,0.2200668305158615,0.5175608396530151,False,False,0.2824391603469849,data\negatives\Albrecht_Du╠êrer_226.jpg
data\candidates\artists_tree\Sandro_Botticelli\Sandro_Botticelli_148.jpg,0.7567493915557861,0.2113945633172989,0.49632856249809265,False,False,0.3036714375019074,data\negatives\Sandro_Botticelli_148.jpg
data\candidates\artists_tree\Edgar_Degas\Edgar_Degas_618.jpg,0.8108810186386108,0.25943130254745483,0.5384148955345154,False,False,0.26158510446548466,data\negatives\Edgar_Degas_618.jpg
data\candidates\artists_tree\William_Turner\William_Turner_38.jpg,0.6907066106796265,0.20077943801879883,0.4545798599720001,False,False,0.3454201400279999,data\negatives\William_Turner_38.jpg
data\candidates\artists_tree\Marc_Chagall\Marc_Chagall_230.jpg,0.7134501338005066,0.19291949272155762,0.4666540026664734,False,False,0.33334599733352666,data\negatives\Marc_Chagall_230.jpg
data\candidates\artists_tree\Pablo_Picasso\Pablo_Picasso_373.jpg,0.8366584181785583,0.24199920892715454,0.5503949522972107,False,False,0.24960504770278935,data\negatives\Pablo_Picasso_373.jpg
data\candidates\artists_tree\Paul_Klee\Paul_Klee_114.jpg,0.800386905670166,0.21733491122722626,0.5236991047859192,False,False,0.27630089521408085,data\negatives\Paul_Klee_114.jpg
data\candidates\artists_tree\Frida_Kahlo\Frida_Kahlo_53.jpg,0.7982805967330933,0.2644885182380676,0.5318660736083984,False,False,0.2681339263916016,data\negatives\Frida_Kahlo_53.jpg
data\candidates\artists_tree\Hieronymus_Bosch\Hieronymus_Bosch_133.jpg,0.7708452939987183,0.22388936579227448,0.5072850584983826,False,False,0.2927149415016175,data\negatives\Hieronymus_Bosch_133.jpg
data\candidates\artists_tree\Edgar_Degas\Edgar_Degas_129.jpg,0.7800235748291016,0.2438368946313858,0.5167815089225769,False,False,0.28321849107742314,data\negatives\Edgar_Degas_129.jpg
data\candidates\artists_tree\Pablo_Picasso\Pablo_Picasso_43.jpg,0.8282506465911865,0.22586196660995483,0.5421228408813477,False,False,0.2578771591186524,data\negatives\Pablo_Picasso_43.jpg
data\candidates\artists_tree\Edgar_Degas\Edgar_Degas_474.jpg,0.8254011869430542,0.26082843542099,0.5474064350128174,False,False,0.25259356498718266,data\negatives\Edgar_Degas_474.jpg
data\candidates\artists_tree\Edgar_Degas\Edgar_Degas_259.jpg,0.7877892255783081,0.24154852330684662,0.5209832787513733,False,False,0.27901672124862675,data\negatives\Edgar_Degas_259.jpg
data\candidates\artists_tree\Jan_van_Eyck\Jan_van_Eyck_76.jpg,0.770827054977417,0.2360166609287262,0.5096995830535889,False,False,0.2903004169464112,data\negatives\Jan_van_Eyck_76.jpg
data\candidates\artists_tree\Paul_Gauguin\Paul_Gauguin_9.jpg,0.7256473302841187,0.19687819480895996,0.47476404905319214,False,False,0.3252359509468079,data\negatives\Paul_Gauguin_9.jpg
data\candidates\artists_tree\Paul_Gauguin\Paul_Gauguin_57.jpg,0.8145610094070435,0.2476073056459427,0.5382580757141113,False,False,0.2617419242858887,data\negatives\Paul_Gauguin_57.jpg
data\candidates\artists_tree\Titian\Titian_136.jpg,0.7661799788475037,0.1942005455493927,0.49854812026023865,False,False,0.3014518797397614,data\negatives\Titian_136.jpg
data\candidates\artists_tree\Jan_van_Eyck\Jan_van_Eyck_9.jpg,0.7873294353485107,0.2143089324235916,0.5152594447135925,False,False,0.2847405552864075,data\negatives\Jan_van_Eyck_9.jpg
data\candidates\artists_tree\Caravaggio\Caravaggio_12.jpg,0.789044976234436,0.2072477638721466,0.5148765444755554,False,False,0.2851234555244446,data\negatives\Caravaggio_12.jpg
data\candidates\artists_tree\Kazimir_Malevich\Kazimir_Malevich_17.jpg,0.7716294527053833,0.23449333012104034,0.5098763704299927,False,False,0.29012362957000737,data\negatives\Kazimir_Malevich_17.jpg
data\candidates\artists_tree\Pablo_Picasso\Pablo_Picasso_140.jpg,0.7632299065589905,0.19882190227508545,0.49770233035087585,False,False,0.3022976696491242,data\negatives\Pablo_Picasso_140.jpg
data\candidates\artists_tree\Kazimir_Malevich\Kazimir_Malevich_28.jpg,0.8445189595222473,0.22420653700828552,0.5515527129173279,False,False,0.24844728708267216,data\negatives\Kazimir_Malevich_28.jpg
data\candidates\artists_tree\Edgar_Degas\Edgar_Degas_525.jpg,0.7025984525680542,0.21723586320877075,0.4650062620639801,False,False,0.33499373793601994,data\negatives\Edgar_Degas_525.jpg
data\candidates\artists_tree\Giotto_di_Bondone\Giotto_di_Bondone_105.jpg,0.6185217499732971,0.17308712005615234,0.4057304859161377,False,False,0.39426951408386235,data\negatives\Giotto_di_Bondone_105.jpg
data\candidates\artists_tree\Giotto_di_Bondone\Giotto_di_Bondone_44.jpg,0.7137426137924194,0.20102843642234802,0.46845126152038574,False,False,0.3315487384796143,data\negatives\Giotto_di_Bondone_44.jpg
data\candidates\artists_tree\Edgar_Degas\Edgar_Degas_194.jpg,0.7926511168479919,0.25288528203964233,0.5261677503585815,False,False,0.2738322496414185,data\negatives\Edgar_Degas_194.jpg
data\candidates\artists_tree\Marc_Chagall\Marc_Chagall_87.jpg,0.80828857421875,0.20373797416687012,0.5257207751274109,False,False,0.27427922487258916,data\negatives\Marc_Chagall_87.jpg
data\candidates\artists_tree\Titian\Titian_199.jpg,0.7028713226318359,0.22185830771923065,0.4660944640636444,False,False,0.33390553593635564,data\negatives\Titian_199.jpg
data\candidates\artists_tree\Raphael\Raphael_2.jpg,0.7267096042633057,0.20525121688842773,0.4770760238170624,False,False,0.32292397618293767,data\negatives\Raphael_2.jpg
data\candidates\artists_tree\Raphael\Raphael_29.jpg,0.7476722002029419,0.213679701089859,0.4913392663002014,False,False,0.30866073369979863,data\negatives\Raphael_29.jpg
data\candidates\artists_tree\Albrecht_Du╠êrer\Albrecht_Du╠êrer_120.jpg,0.8042246103286743,0.2243044078350067,0.5273956656455994,False,False,0.2726043343544007,data\negatives\Albrecht_Du╠êrer_120.jpg
data\candidates\artists_tree\Edgar_Degas\Edgar_Degas_10.jpg,0.834777295589447,0.25384464859962463,0.5516353249549866,False,False,0.24836467504501347,data\negatives\Edgar_Degas_10.jpg
data\candidates\artists_tree\Edvard_Munch\Edvard_Munch_43.jpg,0.8368763327598572,0.2702828347682953,0.5561823844909668,False,False,0.24381761550903325,data\negatives\Edvard_Munch_43.jpg
data\candidates\artists_tree\Peter_Paul_Rubens\Peter_Paul_Rubens_2.jpg,0.7710330486297607,0.21659576892852783,0.5059390068054199,False,False,0.2940609931945801,data\negatives\Peter_Paul_Rubens_2.jpg
data\candidates\artists_tree\Amedeo_Modigliani\Amedeo_Modigliani_136.jpg,0.8149325847625732,0.2414589673280716,0.537251353263855,False,False,0.26274864673614506,data\negatives\Amedeo_Modigliani_136.jpg
data\candidates\artists_tree\Paul_Gauguin\Paul_Gauguin_288.jpg,0.7892627120018005,0.20939502120018005,0.5154366493225098,False,False,0.2845633506774903,data\negatives\Paul_Gauguin_288.jpg
data\candidates\artists_tree\Amedeo_Modigliani\Amedeo_Modigliani_167.jpg,0.8004887104034424,0.2537226676940918,0.5310378074645996,False,False,0.26896219253540044,data\negatives\Amedeo_Modigliani_167.jpg
data\candidates\artists_tree\Rembrandt\Rembrandt_95.jpg,0.7839217185974121,0.193038210272789,0.5089606642723083,False,False,0.2910393357276917,data\negatives\Rembrandt_95.jpg
data\candidates\artists_tree\Marc_Chagall\Marc_Chagall_27.jpg,0.8198734521865845,0.2239382565021515,0.5367117524147034,False,False,0.2632882475852967,data\negatives\Marc_Chagall_27.jpg
data\candidates\artists_tree\Mikhail_Vrubel\Mikhail_Vrubel_73.jpg,0.8276951909065247,0.2587127089500427,0.5483596920967102,False,False,0.25164030790328984,data\negatives\Mikhail_Vrubel_73.jpg
data\candidates\artists_tree\Marc_Chagall\Marc_Chagall_55.jpg,0.8175526857376099,0.24866068363189697,0.5402637720108032,False,False,0.2597362279891968,data\negatives\Marc_Chagall_55.jpg
data\candidates\artists_tree\Titian\Titian_206.jpg,0.750548779964447,0.19469358026981354,0.4892680048942566,False,False,0.31073199510574345,data\negatives\Titian_206.jpg
data\candidates\artists_tree\Edouard_Manet\Edouard_Manet_50.jpg,0.8044875264167786,0.2545255422592163,0.5335976481437683,False,False,0.26640235185623173,data\negatives\Edouard_Manet_50.jpg
data\candidates\artists_tree\Rembrandt\Rembrandt_122.jpg,0.7630440592765808,0.19894325733184814,0.49761512875556946,False,False,0.3023848712444306,data\negatives\Rembrandt_122.jpg
data\candidates\artists_tree\Gustave_Courbet\Gustave_Courbet_17.jpg,0.7726731896400452,0.22468779981136322,0.5085415244102478,False,False,0.29145847558975224,data\negatives\Gustave_Courbet_17.jpg
data\candidates\artists_tree\Georges_Seurat\Georges_Seurat_24.jpg,0.8023964166641235,0.27638185024261475,0.5367142558097839,False,False,0.2632857441902161,data\negatives\Georges_Seurat_24.jpg
data\candidates\artists_tree\Vasiliy_Kandinskiy\Vasiliy_Kandinskiy_18.jpg,0.7883167862892151,0.23237158358097076,0.5194644331932068,False,False,0.28053556680679326,data\negatives\Vasiliy_Kandinskiy_18.jpg
data\candidates\artists_tree\Francisco_Goya\Francisco_Goya_241.jpg,0.7124882340431213,0.2227192223072052,0.47203677892684937,False,False,0.3279632210731507,data\negatives\Francisco_Goya_241.jpg
data\candidates\artists_tree\Titian\Titian_69.jpg,0.6772183179855347,0.19844678044319153,0.44602036476135254,False,False,0.3539796352386475,data\negatives\Titian_69.jpg
data\candidates\artists_tree\Rembrandt\Rembrandt_88.jpg,0.7315384745597839,0.21979178488254547,0.48288145661354065,False,False,0.3171185433864594,data\negatives\Rembrandt_88.jpg
data\candidates\artists_tree\Andrei_Rublev\Andrei_Rublev_25.jpg,0.7539438009262085,0.20531462132930756,0.4934292137622833,False,False,0.3065707862377167,data\negatives\Andrei_Rublev_25.jpg
data\candidates\artists_tree\Edgar_Degas\Edgar_Degas_424.jpg,0.8024107217788696,0.23375482857227325,0.5281974077224731,False,False,0.2718025922775269,data\negatives\Edgar_Degas_424.jpg
data\candidates\artists_tree\Gustave_Courbet\Gustave_Courbet_42.jpg,0.756102979183197,0.2256382405757904,0.4987894594669342,False,False,0.30121054053306584,data\negatives\Gustave_Courbet_42.jpg
data\candidates\artists_tree\Joan_Miro\Joan_Miro_77.jpg,0.7596206665039062,0.20778383314609528,0.4973292052745819,False,False,0.30267079472541814,data\negatives\Joan_Miro_77.jpg
data\candidates\artists_tree\Paul_Klee\Paul_Klee_2.jpg,0.7897485494613647,0.22097480297088623,0.518044114112854,False,False,0.28195588588714604,data\negatives\Paul_Klee_2.jpg
data\candidates\artists_tree\Pablo_Picasso\Pablo_Picasso_74.jpg,0.823253870010376,0.23866204917430878,0.5416847467422485,False,False,0.2583152532577515,data\negatives\Pablo_Picasso_74.jpg
data\candidates\artists_tree\Sandro_Botticelli\Sandro_Botticelli_102.jpg,0.7307945489883423,0.20079711079597473,0.4786361753940582,False,False,0.3213638246059418,data\negatives\Sandro_Botticelli_102.jpg
data\candidates\artists_tree\Pieter_Bruegel\Pieter_Bruegel_63.jpg,0.8027950525283813,0.21911555528640747,0.5255001783370972,False,False,0.2744998216629029,data\negatives\Pieter_Bruegel_63.jpg
data\candidates\artists_tree\Marc_Chagall\Marc_Chagall_103.jpg,0.8085788488388062,0.2289290875196457,0.530933141708374,False,False,0.269066858291626,data\negatives\Marc_Chagall_103.jpg
data\candidates\artists_tree\Salvador_Dali\Salvador_Dali_22.jpg,0.7017860412597656,0.2098858654499054,0.4630488157272339,False,False,0.33695118427276616,data\negatives\Salvador_Dali_22.jpg
data\candidates\artists_tree\Titian\Titian_98.jpg,0.7708269357681274,0.17947906255722046,0.4983920156955719,False,False,0.30160798430442814,data\negatives\Titian_98.jpg
data\candidates\artists_tree\Edgar_Degas\Edgar_Degas_228.jpg,0.8180148601531982,0.2136279046535492,0.5335345268249512,False,False,0.2664654731750489,data\negatives\Edgar_Degas_228.jpg
data\candidates\artists_tree\Joan_Miro\Joan_Miro_55.jpg,0.7918568849563599,0.22629773616790771,0.5203737020492554,False,False,0.2796262979507447,data\negatives\Joan_Miro_55.jpg
data\candidates\artists_tree\Rene_Magritte\Rene_Magritte_98.jpg,0.7280222177505493,0.22985093295574188,0.48278355598449707,False,False,0.317216444015503,data\negatives\Rene_Magritte_98.jpg
data\candidates\artists_tree\Jan_van_Eyck\Jan_van_Eyck_14.jpg,0.7327261567115784,0.23485851287841797,0.4866074323654175,False,False,0.31339256763458256,data\negatives\Jan_van_Eyck_14.jpg
data\candidates\artists_tree\Vasiliy_Kandinskiy\Vasiliy_Kandinskiy_14.jpg,0.7993962168693542,0.20573151111602783,0.5207840204238892,False,False,0.2792159795761109,data\negatives\Vasiliy_Kandinskiy_14.jpg
data\candidates\artists_tree\Hieronymus_Bosch\Hieronymus_Bosch_34.jpg,0.7678734064102173,0.25745201110839844,0.5122144818305969,False,False,0.2877855181694031,data\negatives\Hieronymus_Bosch_34.jpg
data\candidates\artists_tree\Albrecht_Du╠êrer\Albrecht_Du╠êrer_152.jpg,0.7930442094802856,0.2455240786075592,0.5249313712120056,False,False,0.27506862878799443,data\negatives\Albrecht_Du╠êrer_152.jpg
data\candidates\artists_tree\Pablo_Picasso\Pablo_Picasso_363.jpg,0.8084602355957031,0.2053234726190567,0.5261408686637878,False,False,0.2738591313362122,data\negatives\Pablo_Picasso_363.jpg
data\candidates\artists_tree\William_Turner\William_Turner_61.jpg,0.7789000272750854,0.23663337528705597,0.5146666765213013,False,False,0.2853333234786988,data\negatives\William_Turner_61.jpg
data\candidates\artists_tree\Mikhail_Vrubel\Mikhail_Vrubel_44.jpg,0.7948707342147827,0.21566541492938995,0.5200555324554443,False,False,0.2799444675445557,data\negatives\Mikhail_Vrubel_44.jpg
data\candidates\artists_tree\Amedeo_Modigliani\Amedeo_Modigliani_24.jpg,0.8209999799728394,0.23310452699661255,0.539220929145813,False,False,0.26077907085418706,data\negatives\Amedeo_Modigliani_24.jpg
data\candidates\artists_tree\Andy_Warhol\Andy_Warhol_35.jpg,0.6966419219970703,0.19145578145980835,0.4562763273715973,False,False,0.34372367262840275,data\negatives\Andy_Warhol_35.jpg
data\candidates\artists_tree\Peter_Paul_Rubens\Peter_Paul_Rubens_32.jpg,0.7760792374610901,0.21308428049087524,0.508264422416687,False,False,0.29173557758331303,data\negatives\Peter_Paul_Rubens_32.jpg
data\candidates\artists_tree\Gustave_Courbet\Gustave_Courbet_57.jpg,0.7448418140411377,0.20942841470241547,0.4887907803058624,False,False,0.3112092196941376,data\negatives\Gustave_Courbet_57.jpg
data\candidates\artists_tree\Rene_Magritte\Rene_Magritte_51.jpg,0.8121246099472046,0.2536481022834778,0.5380043983459473,False,False,0.2619956016540528,data\negatives\Rene_Magritte_51.jpg
data\candidates\artists_tree\Pablo_Picasso\Pablo_Picasso_112.jpg,0.8449076414108276,0.22197546064853668,0.5513396859169006,False,False,0.2486603140830994,data\negatives\Pablo_Picasso_112.jpg
data\candidates\artists_tree\Pablo_Picasso\Pablo_Picasso_210.jpg,0.8174993991851807,0.23135192692279816,0.5367700457572937,False,False,0.26322995424270634,data\negatives\Pablo_Picasso_210.jpg
data\candidates\artists_tree\Paul_Gauguin\Paul_Gauguin_118.jpg,0.8328589797019958,0.2380325049161911,0.5473219156265259,False,False,0.25267808437347417,data\negatives\Paul_Gauguin_118.jpg
data\candidates\artists_tree\El_Greco\El_Greco_7.jpg,0.7943230867385864,0.2236866056919098,0.5213311910629272,False,False,0.2786688089370728,data\negatives\El_Greco_7.jpg
data\candidates\artists_tree\Jan_van_Eyck\Jan_van_Eyck_54.jpg,0.7879120111465454,0.2260047197341919,0.5179481506347656,False,False,0.2820518493652344,data\negatives\Jan_van_Eyck_54.jpg
data\candidates\artists_tree\Joan_Miro\Joan_Miro_12.jpg,0.7673285603523254,0.21537204086780548,0.5034715533256531,False,False,0.29652844667434697,data\negatives\Joan_Miro_12.jpg
data\candidates\artists_tree\Marc_Chagall\Marc_Chagall_78.jpg,0.8173754215240479,0.2886255979537964,0.548150360584259,False,False,0.251849639415741,data\negatives\Marc_Chagall_78.jpg
data\candidates\artists_tree\Albrecht_Du╠êrer\Albrecht_Du╠êrer_262.jpg,0.8263356685638428,0.23477889597415924,0.5427572131156921,False,False,0.2572427868843079,data\negatives\Albrecht_Du╠êrer_262.jpg
data\candidates\artists_tree\Sandro_Botticelli\Sandro_Botticelli_112.jpg,0.7320448160171509,0.22150471806526184,0.4835278391838074,False,False,0.31647216081619267,data\negatives\Sandro_Botticelli_112.jpg
data\candidates\artists_tree\Alfred_Sisley\Alfred_Sisley_176.jpg,0.8460888862609863,0.2572398781776428,0.5591013431549072,False,False,0.24089865684509282,data\negatives\Alfred_Sisley_176.jpg
data\candidates\artists_tree\Leonardo_da_Vinci\Leonardo_da_Vinci_26.jpg,0.7752348184585571,0.2238597571849823,0.5099128484725952,False,False,0.29008715152740483,data\negatives\Leonardo_da_Vinci_26.jpg
data\candidates\artists_tree\Paul_Klee\Paul_Klee_51.jpg,0.7672499418258667,0.2007257342338562,0.5004951357841492,False,False,0.2995048642158509,data\negatives\Paul_Klee_51.jpg
data\candidates\artists_tree\Rene_Magritte\Rene_Magritte_128.jpg,0.752096951007843,0.23051145672798157,0.4973604679107666,False,False,0.30263953208923344,data\negatives\Rene_Magritte_128.jpg
data\candidates\artists_tree\Rene_Magritte\Rene_Magritte_30.jpg,0.737786054611206,0.21252083778381348,0.48517581820487976,False,False,0.3148241817951203,data\negatives\Rene_Magritte_30.jpg
data\candidates\artists_tree\Paul_Gauguin\Paul_Gauguin_218.jpg,0.8158369064331055,0.22041036188602448,0.5335842370986938,False,False,0.2664157629013062,data\negatives\Paul_Gauguin_218.jpg
data\candidates\artists_tree\Titian\Titian_105.jpg,0.7143592834472656,0.18705832958221436,0.46602725982666016,False,False,0.3339727401733399,data\negatives\Titian_105.jpg
data\candidates\artists_tree\Titian\Titian_213.jpg,0.7927970290184021,0.20198069512844086,0.5160743594169617,False,False,0.2839256405830384,data\negatives\Titian_213.jpg
data\candidates\artists_tree\Francisco_Goya\Francisco_Goya_185.jpg,0.8195294141769409,0.2378707230091095,0.5392917990684509,False,False,0.2607082009315491,data\negatives\Francisco_Goya_185.jpg
data\candidates\artists_tree\Paul_Cezanne\Paul_Cezanne_22.jpg,0.8511873483657837,0.24493783712387085,0.5597000122070312,False,False,0.2402999877929688,data\negatives\Paul_Cezanne_22.jpg
data\candidates\artists_tree\Edgar_Degas\Edgar_Degas_291.jpg,0.8397455215454102,0.2577703595161438,0.5554014444351196,False,False,0.24459855556488042,data\negatives\Edgar_Degas_291.jpg
data\candidates\artists_tree\Titian\Titian_202.jpg,0.7446678876876831,0.2048821598291397,0.4877771735191345,False,False,0.3122228264808655,data\negatives\Titian_202.jpg
data\candidates\artists_tree\Titian\Titian_100.jpg,0.7132049202919006,0.2059854418039322,0.469120055437088,False,False,0.33087994456291203,data\negatives\Titian_100.jpg
data\candidates\artists_tree\Edvard_Munch\Edvard_Munch_32.jpg,0.850765585899353,0.23192746937274933,0.5568448305130005,False,False,0.24315516948699956,data\negatives\Edvard_Munch_32.jpg
data\candidates\artists_tree\Edgar_Degas\Edgar_Degas_1.jpg,0.815369188785553,0.2640533149242401,0.5420321822166443,False,False,0.25796781778335576,data\negatives\Edgar_Degas_1.jpg
data\candidates\artists_tree\Francisco_Goya\Francisco_Goya_255.jpg,0.842298150062561,0.23894643783569336,0.5531681776046753,False,False,0.24683182239532475,data\negatives\Francisco_Goya_255.jpg
data\candidates\artists_tree\Edgar_Degas\Edgar_Degas_571.jpg,0.8416622877120972,0.254546195268631,0.5559065937995911,False,False,0.24409340620040898,data\negatives\Edgar_Degas_571.jpg
data\candidates\artists_tree\Francisco_Goya\Francisco_Goya_68.jpg,0.8500189781188965,0.22988224029541016,0.5559878945350647,False,False,0.24401210546493535,data\negatives\Francisco_Goya_68.jpg
data\candidates\artists_tree\Andy_Warhol\Andy_Warhol_120.jpg,0.6034350991249084,0.18565931916236877,0.3991929590702057,False,False,0.40080704092979436,data\negatives\Andy_Warhol_120.jpg
data\candidates\artists_tree\Albrecht_Du╠êrer\Albrecht_Du╠êrer_235.jpg,0.8399136066436768,0.21733948588371277,0.547416090965271,False,False,0.25258390903472905,data\negatives\Albrecht_Du╠êrer_235.jpg
data\candidates\artists_tree\Piet_Mondrian\Piet_Mondrian_62.jpg,0.8451714515686035,0.2645120322704315,0.5600053071975708,False,False,0.23999469280242924,data\negatives\Piet_Mondrian_62.jpg
data\candidates\artists_tree\Gustav_Klimt\Gustav_Klimt_66.jpg,0.8474646210670471,0.2494153529405594,0.5583618879318237,False,False,0.24163811206817631,data\negatives\Gustav_Klimt_66.jpg
data\candidates\artists_tree\Diego_Rivera\Diego_Rivera_7.jpg,0.73262619972229,0.2407742440700531,0.48773059248924255,False,False,0.3122694075107575,data\negatives\Diego_Rivera_7.jpg
data\candidates\artists_tree\Edgar_Degas\Edgar_Degas_498.jpg,0.7878421545028687,0.24366922676563263,0.5214391350746155,False,False,0.27856086492538457,data\negatives\Edgar_Degas_498.jpg
data\candidates\artists_tree\Gustav_Klimt\Gustav_Klimt_41.jpg,0.8251129388809204,0.23148919641971588,0.5413656234741211,False,False,0.25863437652587895,data\negatives\Gustav_Klimt_41.jpg
data\candidates\artists_tree\Pablo_Picasso\Pablo_Picasso_85.jpg,0.8173585534095764,0.2445039451122284,0.539315938949585,False,False,0.2606840610504151,data\negatives\Pablo_Picasso_85.jpg
data\candidates\artists_tree\Peter_Paul_Rubens\Peter_Paul_Rubens_89.jpg,0.7963966727256775,0.22104822099208832,0.5220476388931274,False,False,0.2779523611068726,data\negatives\Peter_Paul_Rubens_89.jpg
data\candidates\artists_tree\Amedeo_Modigliani\Amedeo_Modigliani_49.jpg,0.783453106880188,0.23190349340438843,0.5164525508880615,False,False,0.2835474491119385,data\negatives\Amedeo_Modigliani_49.jpg
data\candidates\artists_tree\Sandro_Botticelli\Sandro_Botticelli_22.jpg,0.746330738067627,0.2143508493900299,0.4906686246395111,False,False,0.30933137536048894,data\negatives\Sandro_Botticelli_22.jpg
data\candidates\artists_tree\Edgar_Degas\Edgar_Degas_427.jpg,0.7692824602127075,0.2617717385292053,0.5139238238334656,False,False,0.28607617616653447,data\negatives\Edgar_Degas_427.jpg
data\candidates\artists_tree\Francisco_Goya\Francisco_Goya_223.jpg,0.8194350004196167,0.21128301322460175,0.5339176058769226,False,False,0.26608239412307744,data\negatives\Francisco_Goya_223.jpg
data\candidates\artists_tree\Edgar_Degas\Edgar_Degas_264.jpg,0.852078914642334,0.2404801845550537,0.5593434572219849,False,False,0.24065654277801518,data\negatives\Edgar_Degas_264.jpg
data\candidates\artists_tree\Peter_Paul_Rubens\Peter_Paul_Rubens_125.jpg,0.6758539080619812,0.18495726585388184,0.44250380992889404,False,False,0.357496190071106,data\negatives\Peter_Paul_Rubens_125.jpg
data\candidates\artists_tree\Paul_Gauguin\Paul_Gauguin_87.jpg,0.815359890460968,0.24574841558933258,0.5383656024932861,False,False,0.2616343975067139,data\negatives\Paul_Gauguin_87.jpg
data\candidates\artists_tree\Giotto_di_Bondone\Giotto_di_Bondone_95.jpg,0.6842080354690552,0.20164823532104492,0.45085448026657104,False,False,0.349145519733429,data\negatives\Giotto_di_Bondone_95.jpg
data\candidates\artists_tree\Paul_Gauguin\Paul_Gauguin_46.jpg,0.8481723070144653,0.24856892228126526,0.5586171746253967,False,False,0.24138282537460332,data\negatives\Paul_Gauguin_46.jpg
data\candidates\artists_tree\Edgar_Degas\Edgar_Degas_127.jpg,0.7975001931190491,0.24535761773586273,0.5275716781616211,False,False,0.27242832183837895,data\negatives\Edgar_Degas_127.jpg
data\candidates\artists_tree\Giotto_di_Bondone\Giotto_di_Bondone_13.jpg,0.7122325897216797,0.2164396494626999,0.4706275165081024,False,False,0.3293724834918976,data\negatives\Giotto_di_Bondone_13.jpg
data\candidates\artists_tree\Francisco_Goya\Francisco_Goya_249.jpg,0.7911425828933716,0.23573936522006989,0.5218334794044495,False,False,0.2781665205955506,data\negatives\Francisco_Goya_249.jpg
data\candidates\artists_tree\Joan_Miro\Joan_Miro_8.jpg,0.7870906591415405,0.20808956027030945,0.5138723254203796,False,False,0.2861276745796204,data\negatives\Joan_Miro_8.jpg
data\candidates\artists_tree\Pablo_Picasso\Pablo_Picasso_243.jpg,0.8093699216842651,0.23971965909004211,0.533565878868103,False,False,0.266434121131897,data\negatives\Pablo_Picasso_243.jpg
data\candidates\artists_tree\Kazimir_Malevich\Kazimir_Malevich_66.jpg,0.8379365801811218,0.24232614040374756,0.5512272119522095,False,False,0.24877278804779057,data\negatives\Kazimir_Malevich_66.jpg
data\candidates\artists_tree\Paul_Gauguin\Paul_Gauguin_150.jpg,0.8237001895904541,0.24679917097091675,0.5435799956321716,False,False,0.2564200043678284,data\negatives\Paul_Gauguin_150.jpg
data\candidates\artists_tree\Paul_Cezanne\Paul_Cezanne_21.jpg,0.8308587074279785,0.25085967779159546,0.5486871600151062,False,False,0.25131283998489384,data\negatives\Paul_Cezanne_21.jpg
data\candidates\artists_tree\Leonardo_da_Vinci\Leonardo_da_Vinci_110.jpg,0.7667431831359863,0.22413694858551025,0.5048733353614807,False,False,0.29512666463851933,data\negatives\Leonardo_da_Vinci_110.jpg
data\candidates\artists_tree\Marc_Chagall\Marc_Chagall_219.jpg,0.8401510715484619,0.25190985202789307,0.5544726252555847,False,False,0.24552737474441533,data\negatives\Marc_Chagall_219.jpg
data\candidates\artists_tree\Michelangelo\Michelangelo_3.jpg,0.7683898210525513,0.21363435685634613,0.5037607550621033,False,False,0.2962392449378968,data\negatives\Michelangelo_3.jpg
data\candidates\artists_tree\Paul_Gauguin\Paul_Gauguin_71.jpg,0.7991325259208679,0.2411227822303772,0.5277040600776672,False,False,0.2722959399223328,data\negatives\Paul_Gauguin_71.jpg
data\candidates\artists_tree\Edouard_Manet\Edouard_Manet_73.jpg,0.7718915343284607,0.2189011424779892,0.5069151520729065,False,False,0.29308484792709355,data\negatives\Edouard_Manet_73.jpg
data\candidates\artists_tree\Marc_Chagall\Marc_Chagall_177.jpg,0.8207393288612366,0.2237231731414795,0.5371882319450378,False,False,0.2628117680549622,data\negatives\Marc_Chagall_177.jpg
data\candidates\artists_tree\Hieronymus_Bosch\Hieronymus_Bosch_2.jpg,0.7912761569023132,0.2538006603717804,0.5255258679389954,False,False,0.2744741320610047,data\negatives\Hieronymus_Bosch_2.jpg
data\candidates\artists_tree\Hieronymus_Bosch\Hieronymus_Bosch_127.jpg,0.7538966536521912,0.22237715125083923,0.49681344628334045,False,False,0.3031865537166596,data\negatives\Hieronymus_Bosch_127.jpg
data\candidates\artists_tree\Giotto_di_Bondone\Giotto_di_Bondone_68.jpg,0.7919796109199524,0.2334764003753662,0.5218830704689026,False,False,0.27811692953109746,data\negatives\Giotto_di_Bondone_68.jpg
data\candidates\artists_tree\Albrecht_Du╠êrer\Albrecht_Du╠êrer_200.jpg,0.8576198220252991,0.21913567185401917,0.5583990216255188,False,False,0.24160097837448125,data\negatives\Albrecht_Du╠êrer_200.jpg
data\candidates\artists_tree\Diego_Velazquez\Diego_Velazquez_91.jpg,0.7518256902694702,0.20707064867019653,0.4925095736980438,False,False,0.3074904263019562,data\negatives\Diego_Velazquez_91.jpg
data\candidates\artists_tree\Raphael\Raphael_90.jpg,0.7362667918205261,0.22676944732666016,0.48711398243904114,False,False,0.3128860175609589,data\negatives\Raphael_90.jpg
data\candidates\artists_tree\Kazimir_Malevich\Kazimir_Malevich_76.jpg,0.7624878883361816,0.20453999936580658,0.4984007477760315,False,False,0.30159925222396855,data\negatives\Kazimir_Malevich_76.jpg
data\candidates\artists_tree\Jan_van_Eyck\Jan_van_Eyck_18.jpg,0.6652703881263733,0.19347050786018372,0.43785637617111206,False,False,0.362143623828888,data\negatives\Jan_van_Eyck_18.jpg
data\candidates\artists_tree\Paul_Gauguin\Paul_Gauguin_31.jpg,0.7405693531036377,0.24023401737213135,0.49238842725753784,False,False,0.3076115727424622,data\negatives\Paul_Gauguin_31.jpg
data\candidates\artists_tree\Francisco_Goya\Francisco_Goya_140.jpg,0.6875475645065308,0.20502236485481262,0.45353302359580994,False,False,0.3464669764041901,data\negatives\Francisco_Goya_140.jpg
data\candidates\artists_tree\Andy_Warhol\Andy_Warhol_162.jpg,0.7674831748008728,0.1820376217365265,0.49689745903015137,False,False,0.3031025409698487,data\negatives\Andy_Warhol_162.jpg
data\candidates\artists_tree\Pablo_Picasso\Pablo_Picasso_205.jpg,0.8135038614273071,0.24793125689029694,0.5376886129379272,False,False,0.2623113870620728,data\negatives\Pablo_Picasso_205.jpg
data\candidates\artists_tree\Albrecht_Du╠êrer\Albrecht_Du╠êrer_37.jpg,0.7639797925949097,0.2346622347831726,0.5053203105926514,False,False,0.2946796894073487,data\negatives\Albrecht_Du╠êrer_37.jpg
data\candidates\artists_tree\Albrecht_Du╠êrer\Albrecht_Du╠êrer_325.jpg,0.8397229313850403,0.22916749119758606,0.549667239189148,False,False,0.2503327608108521,data\negatives\Albrecht_Du╠êrer_325.jpg
data\candidates\artists_tree\Marc_Chagall\Marc_Chagall_168.jpg,0.8069566488265991,0.2537660002708435,0.5349271893501282,False,False,0.26507281064987187,data\negatives\Marc_Chagall_168.jpg
data\candidates\artists_tree\Michelangelo\Michelangelo_15.jpg,0.7281036376953125,0.20101065933704376,0.4770643413066864,False,False,0.32293565869331364,data\negatives\Michelangelo_15.jpg
data\candidates\artists_tree\Albrecht_Du╠êrer\Albrecht_Du╠êrer_314.jpg,0.8205820322036743,0.26280662417411804,0.5449105501174927,False,False,0.25508944988250737,data\negatives\Albrecht_Du╠êrer_314.jpg
data\candidates\artists_tree\Andy_Warhol\Andy_Warhol_26.jpg,0.7033919095993042,0.2003314197063446,0.46210142970085144,False,False,0.3378985702991486,data\negatives\Andy_Warhol_26.jpg
data\candidates\artists_tree\Edgar_Degas\Edgar_Degas_518.jpg,0.8257556557655334,0.2300395369529724,0.5414613485336304,False,False,0.2585386514663697,data\negatives\Edgar_Degas_518.jpg
data\candidates\artists_tree\Giotto_di_Bondone\Giotto_di_Bondone_30.jpg,0.7406156063079834,0.22483643889427185,0.48933666944503784,False,False,0.3106633305549622,data\negatives\Giotto_di_Bondone_30.jpg
data\candidates\artists_tree\Edgar_Degas\Edgar_Degas_195.jpg,0.730500340461731,0.2292417734861374,0.4841485619544983,False,False,0.31585143804550175,data\negatives\Edgar_Degas_195.jpg
data\candidates\artists_tree\Pierre-Auguste_Renoir\Pierre-Auguste_Renoir_97.jpg,0.779882550239563,0.23073266446590424,0.5140760540962219,False,False,0.2859239459037781,data\negatives\Pierre-Auguste_Renoir_97.jpg
data\candidates\artists_tree\Hieronymus_Bosch\Hieronymus_Bosch_52.jpg,0.7260869145393372,0.22274425625801086,0.48020100593566895,False,False,0.3197989940643311,data\negatives\Hieronymus_Bosch_52.jpg
data\candidates\artists_tree\Paul_Gauguin\Paul_Gauguin_215.jpg,0.820101261138916,0.25717446208000183,0.5434956550598145,False,False,0.2565043449401856,data\negatives\Paul_Gauguin_215.jpg
data\candidates\artists_tree\Andy_Warhol\Andy_Warhol_152.jpg,0.7458471655845642,0.16651806235313416,0.4808119237422943,False,False,0.31918807625770573,data\negatives\Andy_Warhol_152.jpg
data\candidates\artists_tree\El_Greco\El_Greco_43.jpg,0.7880983948707581,0.23489011824131012,0.5198370814323425,False,False,0.2801629185676575,data\negatives\El_Greco_43.jpg
data\candidates\artists_tree\Edgar_Degas\Edgar_Degas_403.jpg,0.7947995662689209,0.2428550273180008,0.5254507660865784,False,False,0.2745492339134217,data\negatives\Edgar_Degas_403.jpg
data\candidates\artists_tree\Henri_de_Toulouse-Lautrec\Henri_de_Toulouse-Lautrec_14.jpg,0.6502841114997864,0.18569423258304596,0.4273093342781067,False,False,0.37269066572189335,data\negatives\Henri_de_Toulouse-Lautrec_14.jpg
data\candidates\artists_tree\Joan_Miro\Joan_Miro_94.jpg,0.776211142539978,0.20952118933200836,0.5076309442520142,False,False,0.2923690557479859,data\negatives\Joan_Miro_94.jpg
data\candidates\artists_tree\Titian\Titian_252.jpg,0.7344697713851929,0.21561339497566223,0.4838045537471771,False,False,0.3161954462528229,data\negatives\Titian_252.jpg
data\candidates\artists_tree\Leonardo_da_Vinci\Leonardo_da_Vinci_135.jpg,0.7222386002540588,0.21808265149593353,0.4769597053527832,False,False,0.32304029464721684,data\negatives\Leonardo_da_Vinci_135.jpg
data\candidates\artists_tree\Salvador_Dali\Salvador_Dali_117.jpg,0.8515024185180664,0.2167244255542755,0.5542463064193726,False,False,0.24575369358062749,data\negatives\Salvador_Dali_117.jpg
data\candidates\artists_tree\Henri_Matisse\Henri_Matisse_96.jpg,0.8140223026275635,0.26882287859916687,0.5421779751777649,False,False,0.25782202482223515,data\negatives\Henri_Matisse_96.jpg
data\candidates\artists_tree\Raphael\Raphael_19.jpg,0.6942479610443115,0.20854993164539337,0.4582587778568268,False,False,0.34174122214317326,data\negatives\Raphael_19.jpg
data\candidates\artists_tree\Henri_Rousseau\Henri_Rousseau_25.jpg,0.7218506336212158,0.23549199104309082,0.48020878434181213,False,False,0.3197912156581879,data\negatives\Henri_Rousseau_25.jpg
data\candidates\artists_tree\Marc_Chagall\Marc_Chagall_59.jpg,0.7843726277351379,0.21608906984329224,0.5138413906097412,False,False,0.28615860939025883,data\negatives\Marc_Chagall_59.jpg
data\candidates\artists_tree\Paul_Gauguin\Paul_Gauguin_260.jpg,0.8175854682922363,0.22300679981708527,0.5351526737213135,False,False,0.26484732627868657,data\negatives\Paul_Gauguin_260.jpg
data\candidates\artists_tree\Sandro_Botticelli\Sandro_Botticelli_76.jpg,0.7315260171890259,0.2186732143163681,0.4826502799987793,False,False,0.31734972000122075,data\negatives\Sandro_Botticelli_76.jpg
data\candidates\artists_tree\Henri_de_Toulouse-Lautrec\Henri_de_Toulouse-Lautrec_7.jpg,0.8359940052032471,0.24575084447860718,0.5507466197013855,False,False,0.24925338029861455,data\negatives\Henri_de_Toulouse-Lautrec_7.jpg
data\candidates\artists_tree\Gustav_Klimt\Gustav_Klimt_27.jpg,0.8340590000152588,0.23525963723659515,0.5474873185157776,False,False,0.25251268148422246,data\negatives\Gustav_Klimt_27.jpg
data\candidates\artists_tree\Georges_Seurat\Georges_Seurat_6.jpg,0.7879674434661865,0.24156010150909424,0.5210925340652466,False,False,0.27890746593475346,data\negatives\Georges_Seurat_6.jpg
data\candidates\artists_tree\El_Greco\El_Greco_5.jpg,0.7948437333106995,0.21007393300533295,0.5189210772514343,False,False,0.2810789227485657,data\negatives\El_Greco_5.jpg
data\candidates\artists_tree\Frida_Kahlo\Frida_Kahlo_21.jpg,0.7497938871383667,0.2257634401321411,0.4950290322303772,False,False,0.30497096776962285,data\negatives\Frida_Kahlo_21.jpg
data\candidates\artists_tree\Andy_Warhol\Andy_Warhol_64.jpg,0.6985966563224792,0.18974684178829193,0.4571073651313782,False,False,0.34289263486862187,data\negatives\Andy_Warhol_64.jpg
data\candidates\artists_tree\Diego_Rivera\Diego_Rivera_53.jpg,0.7840377688407898,0.22093820571899414,0.5146103501319885,False,False,0.2853896498680115,data\negatives\Diego_Rivera_53.jpg
data\candidates\artists_tree\Mikhail_Vrubel\Mikhail_Vrubel_35.jpg,0.7854363918304443,0.22905710339546204,0.5170732736587524,False,False,0.2829267263412476,data\negatives\Mikhail_Vrubel_35.jpg
data\candidates\artists_tree\Gustave_Courbet\Gustave_Courbet_37.jpg,0.7833973169326782,0.24550212919712067,0.5191388130187988,False,False,0.2808611869812012,data\negatives\Gustave_Courbet_37.jpg
data\candidates\artists_tree\Francisco_Goya\Francisco_Goya_164.jpg,0.8539464473724365,0.23758897185325623,0.5598856806755066,False,False,0.24011431932449345,data\negatives\Francisco_Goya_164.jpg
data\candidates\artists_tree\Pablo_Picasso\Pablo_Picasso_245.jpg,0.7897025346755981,0.21603336930274963,0.5170282125473022,False,False,0.2829717874526978,data\negatives\Pablo_Picasso_245.jpg
data\candidates\artists_tree\El_Greco\El_Greco_40.jpg,0.8270467519760132,0.2280428558588028,0.5418366193771362,False,False,0.2581633806228638,data\negatives\El_Greco_40.jpg
data\candidates\artists_tree\Henri_Matisse\Henri_Matisse_174.jpg,0.8002726435661316,0.22882992029190063,0.5259295701980591,False,False,0.27407042980194096,data\negatives\Henri_Matisse_174.jpg
data\candidates\artists_tree\Albrecht_Du╠êrer\Albrecht_Du╠êrer_147.jpg,0.7807914018630981,0.25585466623306274,0.5196458101272583,False,False,0.28035418987274174,data\negatives\Albrecht_Du╠êrer_147.jpg
data\candidates\artists_tree\Paul_Klee\Paul_Klee_69.jpg,0.7801449298858643,0.21084316074848175,0.5102556347846985,False,False,0.28974436521530156,data\negatives\Paul_Klee_69.jpg
data\candidates\artists_tree\Pieter_Bruegel\Pieter_Bruegel_87.jpg,0.7926621437072754,0.2223566174507141,0.5200686454772949,False,False,0.2799313545227051,data\negatives\Pieter_Bruegel_87.jpg
data\candidates\artists_tree\Marc_Chagall\Marc_Chagall_118.jpg,0.8460081815719604,0.22940172255039215,0.5534852743148804,False,False,0.24651472568511967,data\negatives\Marc_Chagall_118.jpg
data\candidates\artists_tree\Amedeo_Modigliani\Amedeo_Modigliani_90.jpg,0.8195762634277344,0.2363704890012741,0.5390198826789856,False,False,0.26098011732101445,data\negatives\Amedeo_Modigliani_90.jpg
data\candidates\artists_tree\Peter_Paul_Rubens\Peter_Paul_Rubens_86.jpg,0.7270711660385132,0.2018384337425232,0.4766104221343994,False,False,0.32338957786560063,data\negatives\Peter_Paul_Rubens_86.jpg
data\candidates\artists_tree\Paul_Klee\Paul_Klee_133.jpg,0.7850111126899719,0.23080803453922272,0.5171682834625244,False,False,0.28283171653747563,data\negatives\Paul_Klee_133.jpg
data\candidates\artists_tree\Edgar_Degas\Edgar_Degas_326.jpg,0.8330203294754028,0.24191783368587494,0.5481957793235779,False,False,0.25180422067642216,data\negatives\Edgar_Degas_326.jpg
data\candidates\artists_tree\Andrei_Rublev\Andrei_Rublev_28.jpg,0.7510311007499695,0.23533043265342712,0.4976847767829895,False,False,0.30231522321701054,data\negatives\Andrei_Rublev_28.jpg
data\candidates\artists_tree\Amedeo_Modigliani\Amedeo_Modigliani_115.jpg,0.8090777397155762,0.23557238280773163,0.5325611233711243,False,False,0.2674388766288758,data\negatives\Amedeo_Modigliani_115.jpg
data\candidates\artists_tree\Salvador_Dali\Salvador_Dali_50.jpg,0.7093705534934998,0.24121655523777008,0.47386565804481506,False,False,0.326134341955185,data\negatives\Salvador_Dali_50.jpg
data\candidates\artists_tree\Albrecht_Du╠êrer\Albrecht_Du╠êrer_25.jpg,0.739130973815918,0.22471052408218384,0.4884207248687744,False,False,0.31157927513122563,data\negatives\Albrecht_Du╠êrer_25.jpg
data\candidates\artists_tree\Edgar_Degas\Edgar_Degas_34.jpg,0.7431899309158325,0.2499106526374817,0.4958961009979248,False,False,0.30410389900207524,data\negatives\Edgar_Degas_34.jpg
data\candidates\artists_tree\Paul_Gauguin\Paul_Gauguin_267.jpg,0.8451085686683655,0.2531352937221527,0.5576922297477722,False,False,0.24230777025222783,data\negatives\Paul_Gauguin_267.jpg
data\candidates\artists_tree\Edgar_Degas\Edgar_Degas_638.jpg,0.7238633632659912,0.23881691694259644,0.48208141326904297,False,False,0.3179185867309571,data\negatives\Edgar_Degas_638.jpg
data\candidates\artists_tree\Giotto_di_Bondone\Giotto_di_Bondone_71.jpg,0.7056759595870972,0.2160601019859314,0.466617614030838,False,False,0.33338238596916203,data\negatives\Giotto_di_Bondone_71.jpg
data\candidates\artists_tree\Giotto_di_Bondone\Giotto_di_Bondone_66.jpg,0.7397599220275879,0.21984238922595978,0.4878244400024414,False,False,0.31217555999755864,data\negatives\Giotto_di_Bondone_66.jpg
data\candidates\artists_tree\Marc_Chagall\Marc_Chagall_139.jpg,0.789681077003479,0.2246558666229248,0.5187398195266724,False,False,0.2812601804733277,data\negatives\Marc_Chagall_139.jpg
data\candidates\artists_tree\Pieter_Bruegel\Pieter_Bruegel_97.jpg,0.8237280249595642,0.26737701892852783,0.5477122068405151,False,False,0.2522877931594849,data\negatives\Pieter_Bruegel_97.jpg
data\candidates\artists_tree\Paul_Klee\Paul_Klee_8.jpg,0.7588707208633423,0.23747408390045166,0.5028172731399536,False,False,0.29718272686004643,data\negatives\Paul_Klee_8.jpg
data\candidates\artists_tree\Raphael\Raphael_89.jpg,0.7104449272155762,0.21626555919647217,0.46952009201049805,False,False,0.330479907989502,data\negatives\Raphael_89.jpg
data\candidates\artists_tree\Edgar_Degas\Edgar_Degas_14.jpg,0.8218942880630493,0.24439607560634613,0.542015790939331,False,False,0.257984209060669,data\negatives\Edgar_Degas_14.jpg
data\candidates\artists_tree\Piet_Mondrian\Piet_Mondrian_10.jpg,0.7981137037277222,0.24857105314731598,0.5285824537277222,False,False,0.2714175462722779,data\negatives\Piet_Mondrian_10.jpg
data\candidates\artists_tree\Albrecht_Du╠êrer\Albrecht_Du╠êrer_142.jpg,0.7806024551391602,0.2395828515291214,0.516278088092804,False,False,0.2837219119071961,data\negatives\Albrecht_Du╠êrer_142.jpg
data\candidates\artists_tree\Titian\Titian_4.jpg,0.7408196330070496,0.19986723363399506,0.48446524143218994,False,False,0.3155347585678101,data\negatives\Titian_4.jpg
data\candidates\artists_tree\Marc_Chagall\Marc_Chagall_95.jpg,0.8041543960571289,0.23029837012290955,0.5285523533821106,False,False,0.27144764661788945,data\negatives\Marc_Chagall_95.jpg
data\candidates\artists_tree\Paul_Klee\Paul_Klee_155.jpg,0.7566313743591309,0.20725835859775543,0.49543049931526184,False,False,0.3045695006847382,data\negatives\Paul_Klee_155.jpg
data\candidates\artists_tree\Rene_Magritte\Rene_Magritte_106.jpg,0.7659271955490112,0.2070947289466858,0.5009753108024597,False,False,0.2990246891975403,data\negatives\Rene_Magritte_106.jpg
data\candidates\artists_tree\Pieter_Bruegel\Pieter_Bruegel_89.jpg,0.7563464045524597,0.2214912474155426,0.49810612201690674,False,False,0.3018938779830933,data\negatives\Pieter_Bruegel_89.jpg
data\candidates\artists_tree\Georges_Seurat\Georges_Seurat_19.jpg,0.7653625011444092,0.2299063354730606,0.5051987767219543,False,False,0.2948012232780457,data\negatives\Georges_Seurat_19.jpg
data\candidates\artists_tree\Rembrandt\Rembrandt_10.jpg,0.7566944360733032,0.19555982947349548,0.4931286573410034,False,False,0.3068713426589966,data\negatives\Rembrandt_10.jpg
data\candidates\artists_tree\Albrecht_Du╠êrer\Albrecht_Du╠êrer_181.jpg,0.8146265745162964,0.2431117594242096,0.5373983383178711,False,False,0.26260166168212895,data\negatives\Albrecht_Du╠êrer_181.jpg
data\candidates\artists_tree\Andrei_Rublev\Andrei_Rublev_15.jpg,0.7452254295349121,0.21561720967292786,0.49025872349739075,False,False,0.3097412765026093,data\negatives\Andrei_Rublev_15.jpg
data\candidates\artists_tree\Henri_Matisse\Henri_Matisse_37.jpg,0.7866042256355286,0.22142745554447174,0.5162480473518372,False,False,0.2837519526481629,data\negatives\Henri_Matisse_37.jpg
data\candidates\artists_tree\Frida_Kahlo\Frida_Kahlo_119.jpg,0.7613161206245422,0.22752314805984497,0.5022943019866943,False,False,0.2977056980133057,data\negatives\Frida_Kahlo_119.jpg
data\candidates\artists_tree\Edgar_Degas\Edgar_Degas_191.jpg,0.7415186166763306,0.2245655506849289,0.4898242950439453,False,False,0.31017570495605473,data\negatives\Edgar_Degas_191.jpg
data\candidates\artists_tree\Edouard_Manet\Edouard_Manet_5.jpg,0.8284657001495361,0.2679109573364258,0.5506616234779358,False,False,0.24933837652206425,data\negatives\Edouard_Manet_5.jpg
data\candidates\artists_tree\Diego_Velazquez\Diego_Velazquez_98.jpg,0.7592616081237793,0.20894590020179749,0.4973461627960205,False,False,0.30265383720397954,data\negatives\Diego_Velazquez_98.jpg
data\candidates\artists_tree\Paul_Cezanne\Paul_Cezanne_10.jpg,0.8148831129074097,0.25504276156425476,0.5399384498596191,False,False,0.2600615501403809,data\negatives\Paul_Cezanne_10.jpg
data\candidates\artists_tree\Paul_Klee\Paul_Klee_161.jpg,0.7890871167182922,0.17882035672664642,0.5092163681983948,False,False,0.29078363180160527,data\negatives\Paul_Klee_161.jpg
data\candidates\artists_tree\Diego_Rivera\Diego_Rivera_38.jpg,0.7766311168670654,0.23036132752895355,0.5120509266853333,False,False,0.2879490733146668,data\negatives\Diego_Rivera_38.jpg
data\candidates\artists_tree\Titian\Titian_96.jpg,0.7265990972518921,0.18816201388835907,0.4735918939113617,False,False,0.32640810608863835,data\negatives\Titian_96.jpg
data\candidates\artists_tree\Salvador_Dali\Salvador_Dali_6.jpg,0.7983262538909912,0.22256100177764893,0.5235079526901245,False,False,0.27649204730987553,data\negatives\Salvador_Dali_6.jpg
data\candidates\artists_tree\Diego_Velazquez\Diego_Velazquez_3.jpg,0.682438850402832,0.20600861310958862,0.45066502690315247,False,False,0.3493349730968476,data\negatives\Diego_Velazquez_3.jpg
data\candidates\artists_tree\Albrecht_Du╠êrer\Albrecht_Du╠êrer_247.jpg,0.8248004913330078,0.21880805492401123,0.5386419296264648,False,False,0.2613580703735352,data\negatives\Albrecht_Du╠êrer_247.jpg
data\candidates\artists_tree\Pablo_Picasso\Pablo_Picasso_148.jpg,0.8243509531021118,0.2144184559583664,0.5374942421913147,False,False,0.26250575780868535,data\negatives\Pablo_Picasso_148.jpg
data\candidates\artists_tree\Edgar_Degas\Edgar_Degas_663.jpg,0.7475416660308838,0.22155486047267914,0.49283599853515625,False,False,0.3071640014648438,data\negatives\Edgar_Degas_663.jpg
data\candidates\artists_tree\Pierre-Auguste_Renoir\Pierre-Auguste_Renoir_176.jpg,0.823232889175415,0.20850490033626556,0.5356407165527344,False,False,0.26435928344726567,data\negatives\Pierre-Auguste_Renoir_176.jpg
data\candidates\artists_tree\Rene_Magritte\Rene_Magritte_149.jpg,0.7878999710083008,0.22177842259407043,0.517095685005188,False,False,0.28290431499481206,data\negatives\Rene_Magritte_149.jpg
data\candidates\artists_tree\Pieter_Bruegel\Pieter_Bruegel_116.jpg,0.8071035146713257,0.2742002308368683,0.5391021966934204,False,False,0.26089780330657963,data\negatives\Pieter_Bruegel_116.jpg
data\candidates\artists_tree\Pieter_Bruegel\Pieter_Bruegel_78.jpg,0.7670055031776428,0.23286883533000946,0.5067771077156067,False,False,0.29322289228439335,data\negatives\Pieter_Bruegel_78.jpg
data\candidates\artists_tree\Peter_Paul_Rubens\Peter_Paul_Rubens_13.jpg,0.7651163935661316,0.19349917769432068,0.49776968359947205,False,False,0.302230316400528,data\negatives\Peter_Paul_Rubens_13.jpg
data\candidates\artists_tree\Edgar_Degas\Edgar_Degas_237.jpg,0.7653183937072754,0.22519201040267944,0.5042294263839722,False,False,0.2957705736160279,data\negatives\Edgar_Degas_237.jpg
data\candidates\artists_tree\Paul_Gauguin\Paul_Gauguin_78.jpg,0.8160340785980225,0.24197781085968018,0.5380160212516785,False,False,0.2619839787483216,data\negatives\Paul_Gauguin_78.jpg
data\candidates\artists_tree\Eugene_Delacroix\Eugene_Delacroix_24.jpg,0.8082032203674316,0.26509061455726624,0.5379400849342346,False,False,0.2620599150657654,data\negatives\Eugene_Delacroix_24.jpg
data\candidates\artists_tree\Pierre-Auguste_Renoir\Pierre-Auguste_Renoir_103.jpg,0.8393943309783936,0.2152755856513977,0.5466917157173157,False,False,0.25330828428268437,data\negatives\Pierre-Auguste_Renoir_103.jpg
data\candidates\artists_tree\Edgar_Degas\Edgar_Degas_633.jpg,0.7648626565933228,0.23457510769367218,0.5058326125144958,False,False,0.2941673874855042,data\negatives\Edgar_Degas_633.jpg
data\candidates\artists_tree\Mikhail_Vrubel\Mikhail_Vrubel_75.jpg,0.7858498096466064,0.23115397989749908,0.5177407264709473,False,False,0.2822592735290528,data\negatives\Mikhail_Vrubel_75.jpg
data\candidates\artists_tree\Rembrandt\Rembrandt_25.jpg,0.7039189338684082,0.1705527901649475,0.45646193623542786,False,False,0.3435380637645722,data\negatives\Rembrandt_25.jpg
data\candidates\artists_tree\Henri_Matisse\Henri_Matisse_3.jpg,0.7863353490829468,0.26611751317977905,0.5250247120857239,False,False,0.27497528791427617,data\negatives\Henri_Matisse_3.jpg
data\candidates\artists_tree\Andy_Warhol\Andy_Warhol_14.jpg,0.8017700910568237,0.22655725479125977,0.5263735055923462,False,False,0.27362649440765385,data\negatives\Andy_Warhol_14.jpg
data\candidates\artists_tree\Gustav_Klimt\Gustav_Klimt_20.jpg,0.7963685393333435,0.22761952877044678,0.5233450531959534,False,False,0.2766549468040467,data\negatives\Gustav_Klimt_20.jpg
data\candidates\artists_tree\Albrecht_Du╠êrer\Albrecht_Du╠êrer_31.jpg,0.8313098549842834,0.2196398377418518,0.5427138805389404,False,False,0.2572861194610596,data\negatives\Albrecht_Du╠êrer_31.jpg
data\candidates\artists_tree\Edgar_Degas\Edgar_Degas_80.jpg,0.7976874113082886,0.25386929512023926,0.5293862819671631,False,False,0.27061371803283696,data\negatives\Edgar_Degas_80.jpg
data\candidates\artists_tree\Paul_Gauguin\Paul_Gauguin_236.jpg,0.802962601184845,0.24138009548187256,0.5300536155700684,False,False,0.2699463844299317,data\negatives\Paul_Gauguin_236.jpg
data\candidates\artists_tree\Andy_Warhol\Andy_Warhol_43.jpg,0.7072997093200684,0.2189779281616211,0.4681754410266876,False,False,0.3318245589733124,data\negatives\Andy_Warhol_43.jpg
data\candidates\artists_tree\Kazimir_Malevich\Kazimir_Malevich_2.jpg,0.7635552287101746,0.22742344439029694,0.5036178231239319,False,False,0.29638217687606816,data\negatives\Kazimir_Malevich_2.jpg
data\candidates\artists_tree\Vasiliy_Kandinskiy\Vasiliy_Kandinskiy_64.jpg,0.8439173698425293,0.22971832752227783,0.552294135093689,False,False,0.24770586490631108,data\negatives\Vasiliy_Kandinskiy_64.jpg
data\candidates\artists_tree\Pablo_Picasso\Pablo_Picasso_419.jpg,0.822584331035614,0.2701725959777832,0.547585129737854,False,False,0.25241487026214604,data\negatives\Pablo_Picasso_419.jpg
data\candidates\artists_tree\Salvador_Dali\Salvador_Dali_4.jpg,0.8090986013412476,0.25461143255233765,0.5363814830780029,False,False,0.2636185169219971,data\negatives\Salvador_Dali_4.jpg
data\candidates\artists_tree\Peter_Paul_Rubens\Peter_Paul_Rubens_18.jpg,0.6771603226661682,0.20447219908237457,0.44719067215919495,False,False,0.3528093278408051,data\negatives\Peter_Paul_Rubens_18.jpg
data\candidates\artists_tree\Titian\Titian_229.jpg,0.7015100717544556,0.18765707314014435,0.4584374725818634,False,False,0.34156252741813664,data\negatives\Titian_229.jpg
data\candidates\artists_tree\Albrecht_Du╠êrer\Albrecht_Du╠êrer_143.jpg,0.8267850875854492,0.21747204661369324,0.5395655035972595,False,False,0.2604344964027405,data\negatives\Albrecht_Du╠êrer_143.jpg
data\candidates\artists_tree\Edgar_Degas\Edgar_Degas_131.jpg,0.7886964678764343,0.22251203656196594,0.5177203416824341,False,False,0.28227965831756596,data\negatives\Edgar_Degas_131.jpg
data\candidates\artists_tree\Paul_Klee\Paul_Klee_106.jpg,0.7937591075897217,0.23158301413059235,0.5225721001625061,False,False,0.27742789983749394,data\negatives\Paul_Klee_106.jpg
data\candidates\artists_tree\Rene_Magritte\Rene_Magritte_179.jpg,0.6912956237792969,0.2410159558057785,0.46298059821128845,False,False,0.3370194017887116,data\negatives\Rene_Magritte_179.jpg
data\candidates\artists_tree\Raphael\Raphael_59.jpg,0.7219938039779663,0.19749459624290466,0.4726952314376831,False,False,0.32730476856231694,data\negatives\Raphael_59.jpg
data\candidates\artists_tree\El_Greco\El_Greco_64.jpg,0.7794296145439148,0.22400091588497162,0.5124579668045044,False,False,0.28754203319549565,data\negatives\El_Greco_64.jpg
data\candidates\artists_tree\Edgar_Degas\Edgar_Degas_42.jpg,0.7477109432220459,0.2389477789402008,0.4964161217212677,False,False,0.30358387827873234,data\negatives\Edgar_Degas_42.jpg
data\candidates\artists_tree\Albrecht_Du╠êrer\Albrecht_Du╠êrer_75.jpg,0.8118451237678528,0.240248903632164,0.5351569056510925,False,False,0.2648430943489075,data\negatives\Albrecht_Du╠êrer_75.jpg
data\candidates\artists_tree\Francisco_Goya\Francisco_Goya_37.jpg,0.8193562626838684,0.22608442604541779,0.5368306636810303,False,False,0.26316933631896977,data\negatives\Francisco_Goya_37.jpg
data\candidates\artists_tree\Georges_Seurat\Georges_Seurat_12.jpg,0.8320538997650146,0.2969484329223633,0.5586220622062683,False,False,0.24137793779373173,data\negatives\Georges_Seurat_12.jpg
data\candidates\artists_tree\Jackson_Pollock\Jackson_Pollock_15.jpg,0.782434344291687,0.23268644511699677,0.5159979462623596,False,False,0.2840020537376404,data\negatives\Jackson_Pollock_15.jpg
data\candidates\artists_tree\Frida_Kahlo\Frida_Kahlo_63.jpg,0.7877235412597656,0.2165379524230957,0.5159417390823364,False,False,0.2840582609176636,data\negatives\Frida_Kahlo_63.jpg
data\candidates\artists_tree\Frida_Kahlo\Frida_Kahlo_7.jpg,0.7280168533325195,0.22595052421092987,0.4820002317428589,False,False,0.31799976825714116,data\negatives\Frida_Kahlo_7.jpg
data\candidates\artists_tree\Sandro_Botticelli\Sandro_Botticelli_1.jpg,0.7525416612625122,0.21065030992031097,0.4936550557613373,False,False,0.30634494423866276,data\negatives\Sandro_Botticelli_1.jpg
data\candidates\artists_tree\Vasiliy_Kandinskiy\Vasiliy_Kandinskiy_82.jpg,0.8248616456985474,0.2163057029247284,0.5381781458854675,False,False,0.2618218541145325,data\negatives\Vasiliy_Kandinskiy_82.jpg
data\candidates\artists_tree\Andy_Warhol\Andy_Warhol_54.jpg,0.6919083595275879,0.18688541650772095,0.4525221288204193,False,False,0.34747787117958073,data\negatives\Andy_Warhol_54.jpg
data\candidates\artists_tree\Albrecht_Du╠êrer\Albrecht_Du╠êrer_303.jpg,0.8112972974777222,0.22728854417800903,0.5322360992431641,False,False,0.267763900756836,data\negatives\Albrecht_Du╠êrer_303.jpg
data\candidates\artists_tree\Alfred_Sisley\Alfred_Sisley_106.jpg,0.8157554268836975,0.23654088377952576,0.536761462688446,False,False,0.263238537311554,data\negatives\Alfred_Sisley_106.jpg
data\candidates\artists_tree\Paul_Klee\Paul_Klee_185.jpg,0.7983700633049011,0.2357306331396103,0.526168167591095,False,False,0.2738318324089051,data\negatives\Paul_Klee_185.jpg
data\candidates\artists_tree\Pieter_Bruegel\Pieter_Bruegel_62.jpg,0.7982118129730225,0.2426946461200714,0.5274660587310791,False,False,0.27253394126892094,data\negatives\Pieter_Bruegel_62.jpg
data\candidates\artists_tree\Mikhail_Vrubel\Mikhail_Vrubel_67.jpg,0.809229850769043,0.24923738837242126,0.5353853702545166,False,False,0.26461462974548344,data\negatives\Mikhail_Vrubel_67.jpg
data\candidates\artists_tree\Joan_Miro\Joan_Miro_20.jpg,0.7745341062545776,0.19159892201423645,0.5030402541160583,False,False,0.2969597458839417,data\negatives\Joan_Miro_20.jpg
data\candidates\artists_tree\Rene_Magritte\Rene_Magritte_41.jpg,0.7238425016403198,0.23677439987659454,0.481660395860672,False,False,0.31833960413932805,data\negatives\Rene_Magritte_41.jpg
data\candidates\artists_tree\Titian\Titian_187.jpg,0.7754493951797485,0.18001963198184967,0.5012735724449158,False,False,0.2987264275550843,data\negatives\Titian_187.jpg
data\candidates\artists_tree\Pieter_Bruegel\Pieter_Bruegel_124.jpg,0.7446696162223816,0.21639195084571838,0.49008017778396606,False,False,0.309919822216034,data\negatives\Pieter_Bruegel_124.jpg
data\candidates\artists_tree\Diego_Velazquez\Diego_Velazquez_105.jpg,0.796244204044342,0.22501176595687866,0.5227488875389099,False,False,0.27725111246109013,data\negatives\Diego_Velazquez_105.jpg
data\candidates\artists_tree\Andrei_Rublev\Andrei_Rublev_95.jpg,0.7578266859054565,0.2113775610923767,0.4969715476036072,False,False,0.30302845239639287,data\negatives\Andrei_Rublev_95.jpg
data\candidates\artists_tree\Andy_Warhol\Andy_Warhol_74.jpg,0.5016947984695435,0.20274831354618073,0.3415665626525879,False,False,0.45843343734741215,data\negatives\Andy_Warhol_74.jpg
data\candidates\artists_tree\Pablo_Picasso\Pablo_Picasso_122.jpg,0.8129949569702148,0.24650703370571136,0.5370984077453613,False,False,0.2629015922546387,data\negatives\Pablo_Picasso_122.jpg
data\candidates\artists_tree\Frida_Kahlo\Frida_Kahlo_59.jpg,0.7468761205673218,0.23215699195861816,0.49455708265304565,False,False,0.3054429173469544,data\negatives\Frida_Kahlo_59.jpg
data\candidates\artists_tree\Paul_Klee\Paul_Klee_22.jpg,0.7745745182037354,0.20145556330680847,0.5050358176231384,False,False,0.2949641823768616,data\negatives\Paul_Klee_22.jpg
data\candidates\artists_tree\Titian\Titian_121.jpg,0.7621610164642334,0.21798661351203918,0.5008939504623413,False,False,0.29910604953765874,data\negatives\Titian_121.jpg
data\candidates\artists_tree\William_Turner\William_Turner_49.jpg,0.7632725238800049,0.21660692989826202,0.5012848973274231,False,False,0.29871510267257695,data\negatives\William_Turner_49.jpg
data\candidates\artists_tree\Jan_van_Eyck\Jan_van_Eyck_29.jpg,0.7055624127388,0.22104302048683167,0.4675460755825043,False,False,0.33245392441749577,data\negatives\Jan_van_Eyck_29.jpg
data\candidates\artists_tree\William_Turner\William_Turner_36.jpg,0.8157871961593628,0.25713953375816345,0.5409002304077148,False,False,0.2590997695922852,data\negatives\William_Turner_36.jpg
data\candidates\artists_tree\Pierre-Auguste_Renoir\Pierre-Auguste_Renoir_302.jpg,0.8050325512886047,0.24212715029716492,0.5314449667930603,False,False,0.26855503320693974,data\negatives\Pierre-Auguste_Renoir_302.jpg
data\candidates\artists_tree\Albrecht_Du╠êrer\Albrecht_Du╠êrer_7.jpg,0.7949883341789246,0.21320968866348267,0.5196349620819092,False,False,0.28036503791809086,data\negatives\Albrecht_Du╠êrer_7.jpg
data\candidates\artists_tree\Vasiliy_Kandinskiy\Vasiliy_Kandinskiy_51.jpg,0.8398703336715698,0.23424696922302246,0.5507715940475464,False,False,0.24922840595245366,data\negatives\Vasiliy_Kandinskiy_51.jpg
data\candidates\artists_tree\Paul_Klee\Paul_Klee_132.jpg,0.8015280365943909,0.2327445149421692,0.5274657011032104,False,False,0.2725342988967896,data\negatives\Paul_Klee_132.jpg
data\candidates\artists_tree\Rembrandt\Rembrandt_244.jpg,0.7975181341171265,0.20181165635585785,0.5188732147216797,False,False,0.28112678527832036,data\negatives\Rembrandt_244.jpg
data\candidates\artists_tree\Rene_Magritte\Rene_Magritte_58.jpg,0.69800865650177,0.21502746641635895,0.4618107080459595,False,False,0.33818929195404057,data\negatives\Rene_Magritte_58.jpg
data\candidates\artists_tree\Amedeo_Modigliani\Amedeo_Modigliani_112.jpg,0.7945690155029297,0.25804075598716736,0.5283495783805847,False,False,0.2716504216194153,data\negatives\Amedeo_Modigliani_112.jpg
data\candidates\artists_tree\Amedeo_Modigliani\Amedeo_Modigliani_93.jpg,0.8230886459350586,0.2223338633775711,0.538320004940033,False,False,0.2616799950599671,data\negatives\Amedeo_Modigliani_93.jpg
data\candidates\artists_tree\Edgar_Degas\Edgar_Degas_39.jpg,0.8202034831047058,0.24780559539794922,0.5416832566261292,False,False,0.2583167433738709,data\negatives\Edgar_Degas_39.jpg
data\candidates\artists_tree\Jan_van_Eyck\Jan_van_Eyck_81.jpg,0.709568202495575,0.2111872434616089,0.4679783880710602,False,False,0.33202161192893986,data\negatives\Jan_van_Eyck_81.jpg
data\candidates\artists_tree\Henri_de_Toulouse-Lautrec\Henri_de_Toulouse-Lautrec_59.jpg,0.7831171751022339,0.22323893010616302,0.514518141746521,False,False,0.28548185825347905,data\negatives\Henri_de_Toulouse-Lautrec_59.jpg
data\candidates\artists_tree\Henri_Matisse\Henri_Matisse_132.jpg,0.8432716131210327,0.26254063844680786,0.5584710836410522,False,False,0.2415289163589478,data\negatives\Henri_Matisse_132.jpg
data\candidates\artists_tree\Paul_Klee\Paul_Klee_149.jpg,0.7862513661384583,0.22069081664085388,0.5158889889717102,False,False,0.28411101102828984,data\negatives\Paul_Klee_149.jpg
data\candidates\artists_tree\Gustave_Courbet\Gustave_Courbet_50.jpg,0.7863739132881165,0.23603664338588715,0.5190317034721375,False,False,0.2809682965278626,data\negatives\Gustave_Courbet_50.jpg
data\candidates\artists_tree\Marc_Chagall\Marc_Chagall_137.jpg,0.8320286273956299,0.22181643545627594,0.5435804724693298,False,False,0.2564195275306702,data\negatives\Marc_Chagall_137.jpg
data\candidates\artists_tree\Pablo_Picasso\Pablo_Picasso_143.jpg,0.8243200778961182,0.2489575445652008,0.5443835854530334,False,False,0.2556164145469666,data\negatives\Pablo_Picasso_143.jpg
data\candidates\artists_tree\Paul_Gauguin\Paul_Gauguin_30.jpg,0.8443288207054138,0.25324201583862305,0.5572457313537598,False,False,0.24275426864624028,data\negatives\Paul_Gauguin_30.jpg
data\candidates\artists_tree\Diego_Rivera\Diego_Rivera_24.jpg,0.7452293634414673,0.23913994431495667,0.4949656128883362,False,False,0.30503438711166386,data\negatives\Diego_Rivera_24.jpg
data\candidates\artists_tree\Titian\Titian_71.jpg,0.7550867795944214,0.1946924477815628,0.4919905662536621,False,False,0.30800943374633794,data\negatives\Titian_71.jpg
data\candidates\artists_tree\Rene_Magritte\Rene_Magritte_57.jpg,0.7315126061439514,0.2186465561389923,0.4826368987560272,False,False,0.3173631012439728,data\negatives\Rene_Magritte_57.jpg
data\candidates\artists_tree\Pieter_Bruegel\Pieter_Bruegel_66.jpg,0.8034073114395142,0.21838316321372986,0.52572101354599,False,False,0.27427898645401005,data\negatives\Pieter_Bruegel_66.jpg
data\candidates\artists_tree\Sandro_Botticelli\Sandro_Botticelli_61.jpg,0.7144888043403625,0.20328208804130554,0.4693497121334076,False,False,0.33065028786659245,data\negatives\Sandro_Botticelli_61.jpg
data\candidates\artists_tree\Pablo_Picasso\Pablo_Picasso_161.jpg,0.8023190498352051,0.2583996057510376,0.5330713987350464,False,False,0.26692860126495366,data\negatives\Pablo_Picasso_161.jpg
data\candidates\artists_tree\Rembrandt\Rembrandt_170.jpg,0.7510347366333008,0.18437933921813965,0.4874967336654663,False,False,0.31250326633453374,data\negatives\Rembrandt_170.jpg
data\candidates\artists_tree\Albrecht_Du╠êrer\Albrecht_Du╠êrer_278.jpg,0.794607400894165,0.24243216216564178,0.5252509117126465,False,False,0.27474908828735356,data\negatives\Albrecht_Du╠êrer_278.jpg
data\candidates\artists_tree\Albrecht_Du╠êrer\Albrecht_Du╠êrer_178.jpg,0.824671745300293,0.23872479796409607,0.5425480604171753,False,False,0.25745193958282475,data\negatives\Albrecht_Du╠êrer_178.jpg
data\candidates\artists_tree\Amedeo_Modigliani\Amedeo_Modigliani_70.jpg,0.8454946279525757,0.24651138484477997,0.5565990805625916,False,False,0.2434009194374085,data\negatives\Amedeo_Modigliani_70.jpg
data\candidates\artists_tree\Henri_de_Toulouse-Lautrec\Henri_de_Toulouse-Lautrec_34.jpg,0.8383535146713257,0.25210148096084595,0.5534324049949646,False,False,0.24656759500503544,data\negatives\Henri_de_Toulouse-Lautrec_34.jpg
data\candidates\artists_tree\Titian\Titian_78.jpg,0.7483533620834351,0.2044832706451416,0.48990869522094727,False,False,0.3100913047790528,data\negatives\Titian_78.jpg
data\candidates\artists_tree\Titian\Titian_124.jpg,0.7099594473838806,0.19978570938110352,0.46593281626701355,False,False,0.3340671837329865,data\negatives\Titian_124.jpg
data\candidates\artists_tree\Edgar_Degas\Edgar_Degas_59.jpg,0.8346980810165405,0.2497270107269287,0.550764262676239,False,False,0.24923573732376103,data\negatives\Edgar_Degas_59.jpg
data\candidates\artists_tree\Joan_Miro\Joan_Miro_3.jpg,0.7705956697463989,0.20224593579769135,0.5028066039085388,False,False,0.2971933960914612,data\negatives\Joan_Miro_3.jpg
data\candidates\artists_tree\Hieronymus_Bosch\Hieronymus_Bosch_75.jpg,0.8084830045700073,0.24128493666648865,0.5333467721939087,False,False,0.26665322780609135,data\negatives\Hieronymus_Bosch_75.jpg
data\candidates\artists_tree\Edgar_Degas\Edgar_Degas_438.jpg,0.7537631392478943,0.2362610101699829,0.49951010942459106,False,False,0.300489890575409,data\negatives\Edgar_Degas_438.jpg
data\candidates\artists_tree\Sandro_Botticelli\Sandro_Botticelli_98.jpg,0.716987669467926,0.20167121291160583,0.47052687406539917,False,False,0.3294731259346009,data\negatives\Sandro_Botticelli_98.jpg
data\candidates\artists_tree\Rene_Magritte\Rene_Magritte_101.jpg,0.7638993263244629,0.21388554573059082,0.5011166930198669,False,False,0.2988833069801331,data\negatives\Rene_Magritte_101.jpg
data\candidates\artists_tree\Francisco_Goya\Francisco_Goya_117.jpg,0.7983795404434204,0.23509910702705383,0.5260475873947144,False,False,0.2739524126052857,data\negatives\Francisco_Goya_117.jpg
data\candidates\artists_tree\Claude_Monet\Claude_Monet_71.jpg,0.839188814163208,0.2401808351278305,0.55154949426651,False,False,0.24845050573349003,data\negatives\Claude_Monet_71.jpg
data\candidates\artists_tree\Sandro_Botticelli\Sandro_Botticelli_6.jpg,0.734473466873169,0.20310084521770477,0.4813042879104614,False,False,0.3186957120895386,data\negatives\Sandro_Botticelli_6.jpg
data\candidates\artists_tree\Edgar_Degas\Edgar_Degas_303.jpg,0.7135013341903687,0.24445676803588867,0.4769921898841858,False,False,0.32300781011581425,data\negatives\Edgar_Degas_303.jpg
data\candidates\artists_tree\Sandro_Botticelli\Sandro_Botticelli_10.jpg,0.7135791778564453,0.2070704847574234,0.4695616364479065,False,False,0.33043836355209355,data\negatives\Sandro_Botticelli_10.jpg
data\candidates\artists_tree\Francisco_Goya\Francisco_Goya_82.jpg,0.8016090393066406,0.2873041033744812,0.5384262800216675,False,False,0.26157371997833256,data\negatives\Francisco_Goya_82.jpg
data\candidates\artists_tree\Frida_Kahlo\Frida_Kahlo_118.jpg,0.7602933645248413,0.25184375047683716,0.5065447688102722,False,False,0.2934552311897278,data\negatives\Frida_Kahlo_118.jpg
data\candidates\artists_tree\Francisco_Goya\Francisco_Goya_230.jpg,0.6761226654052734,0.18210384249687195,0.4420943856239319,False,False,0.35790561437606816,data\negatives\Francisco_Goya_230.jpg
data\candidates\artists_tree\Pierre-Auguste_Renoir\Pierre-Auguste_Renoir_231.jpg,0.7596838474273682,0.229224294424057,0.5016552209854126,False,False,0.29834477901458745,data\negatives\Pierre-Auguste_Renoir_231.jpg
data\candidates\artists_tree\Marc_Chagall\Marc_Chagall_214.jpg,0.8156515955924988,0.2491895705461502,0.5392288565635681,False,False,0.26077114343643193,data\negatives\Marc_Chagall_214.jpg
data\candidates\artists_tree\Titian\Titian_251.jpg,0.7573441863059998,0.20015764236450195,0.4944380521774292,False,False,0.30556194782257085,data\negatives\Titian_251.jpg
data\candidates\artists_tree\Titian\Titian_3.jpg,0.7362983226776123,0.18610166013240814,0.4789993464946747,False,False,0.32100065350532536,data\negatives\Titian_3.jpg
data\candidates\artists_tree\Edgar_Degas\Edgar_Degas_612.jpg,0.8089625835418701,0.22311635315418243,0.5300008654594421,False,False,0.2699991345405579,data\negatives\Edgar_Degas_612.jpg
data\candidates\artists_tree\Gustav_Klimt\Gustav_Klimt_110.jpg,0.7945852279663086,0.19238540530204773,0.5152282118797302,False,False,0.2847717881202698,data\negatives\Gustav_Klimt_110.jpg
data\candidates\artists_tree\Peter_Paul_Rubens\Peter_Paul_Rubens_81.jpg,0.7714231014251709,0.21219676733016968,0.5052932500839233,False,False,0.2947067499160767,data\negatives\Peter_Paul_Rubens_81.jpg
data\candidates\artists_tree\Pablo_Picasso\Pablo_Picasso_287.jpg,0.8021319508552551,0.22690743207931519,0.526660680770874,False,False,0.273339319229126,data\negatives\Pablo_Picasso_287.jpg
data\candidates\artists_tree\Mikhail_Vrubel\Mikhail_Vrubel_37.jpg,0.8317811489105225,0.2550622820854187,0.5500811338424683,False,False,0.24991886615753178,data\negatives\Mikhail_Vrubel_37.jpg
data\candidates\artists_tree\Titian\Titian_200.jpg,0.7161791324615479,0.20432564616203308,0.4705726206302643,False,False,0.32942737936973576,data\negatives\Titian_200.jpg
data\candidates\artists_tree\Gustave_Courbet\Gustave_Courbet_45.jpg,0.7737594842910767,0.2170751988887787,0.5076707601547241,False,False,0.2923292398452759,data\negatives\Gustave_Courbet_45.jpg
data\candidates\artists_tree\Diego_Velazquez\Diego_Velazquez_12.jpg,0.7918063402175903,0.21024763584136963,0.517133355140686,False,False,0.282866644859314,data\negatives\Diego_Velazquez_12.jpg
data\candidates\artists_tree\Andy_Warhol\Andy_Warhol_151.jpg,0.5781559944152832,0.1688435673713684,0.38066232204437256,False,False,0.4193376779556275,data\negatives\Andy_Warhol_151.jpg
data\candidates\artists_tree\Frida_Kahlo\Frida_Kahlo_32.jpg,0.8128877878189087,0.23491834104061127,0.5347163677215576,False,False,0.2652836322784424,data\negatives\Frida_Kahlo_32.jpg
data\candidates\artists_tree\Paul_Klee\Paul_Klee_94.jpg,0.8090439438819885,0.2170535922050476,0.5288370847702026,False,False,0.2711629152297974,data\negatives\Paul_Klee_94.jpg
data\candidates\artists_tree\Diego_Velazquez\Diego_Velazquez_50.jpg,0.7239986658096313,0.17692510783672333,0.4697842299938202,False,False,0.33021577000617985,data\negatives\Diego_Velazquez_50.jpg
data\candidates\artists_tree\Paul_Klee\Paul_Klee_178.jpg,0.8086681962013245,0.21125024557113647,0.5274509787559509,False,False,0.2725490212440491,data\negatives\Paul_Klee_178.jpg
data\candidates\artists_tree\Sandro_Botticelli\Sandro_Botticelli_39.jpg,0.7479729652404785,0.21019260585308075,0.49082231521606445,False,False,0.3091776847839356,data\negatives\Sandro_Botticelli_39.jpg
data\candidates\artists_tree\Rembrandt\Rembrandt_240.jpg,0.8028378486633301,0.2420310378074646,0.5301089286804199,False,False,0.2698910713195801,data\negatives\Rembrandt_240.jpg
data\candidates\artists_tree\Sandro_Botticelli\Sandro_Botticelli_49.jpg,0.7929063439369202,0.24846206605434418,0.5254362225532532,False,False,0.27456377744674687,data\negatives\Sandro_Botticelli_49.jpg
data\candidates\artists_tree\Paul_Gauguin\Paul_Gauguin_91.jpg,0.8315591216087341,0.28706902265548706,0.5563492774963379,False,False,0.24365072250366215,data\negatives\Paul_Gauguin_91.jpg
data\candidates\artists_tree\Edgar_Degas\Edgar_Degas_188.jpg,0.6936273574829102,0.2290956676006317,0.46199557185173035,False,False,0.3380044281482697,data\negatives\Edgar_Degas_188.jpg
data\candidates\artists_tree\Gustave_Courbet\Gustave_Courbet_39.jpg,0.7958072423934937,0.23162713646888733,0.5238097906112671,False,False,0.27619020938873295,data\negatives\Gustave_Courbet_39.jpg
data\candidates\artists_tree\Francisco_Goya\Francisco_Goya_153.jpg,0.7577744722366333,0.22892063856124878,0.5004488229751587,False,False,0.29955117702484135,data\negatives\Francisco_Goya_153.jpg
data\candidates\artists_tree\Pierre-Auguste_Renoir\Pierre-Auguste_Renoir_129.jpg,0.8083658218383789,0.2712903320789337,0.5392775535583496,False,False,0.26072244644165044,data\negatives\Pierre-Auguste_Renoir_129.jpg
data\candidates\artists_tree\Frida_Kahlo\Frida_Kahlo_35.jpg,0.7760355472564697,0.24622060358524323,0.5148654580116272,False,False,0.28513454198837285,data\negatives\Frida_Kahlo_35.jpg
data\candidates\artists_tree\Sandro_Botticelli\Sandro_Botticelli_125.jpg,0.6921833157539368,0.22023656964302063,0.4593573212623596,False,False,0.3406426787376404,data\negatives\Sandro_Botticelli_125.jpg
data\candidates\artists_tree\Edgar_Degas\Edgar_Degas_226.jpg,0.8160340785980225,0.24229300022125244,0.5380790829658508,False,False,0.2619209170341492,data\negatives\Edgar_Degas_226.jpg
data\candidates\artists_tree\Sandro_Botticelli\Sandro_Botticelli_111.jpg,0.6904464364051819,0.20008286833763123,0.4542844295501709,False,False,0.34571557044982915,data\negatives\Sandro_Botticelli_111.jpg
data\candidates\artists_tree\Mikhail_Vrubel\Mikhail_Vrubel_103.jpg,0.8348870873451233,0.2534123659133911,0.5516147613525391,False,False,0.24838523864746098,data\negatives\Mikhail_Vrubel_103.jpg
data\candidates\artists_tree\Edgar_Degas\Edgar_Degas_94.jpg,0.778569221496582,0.24800187349319458,0.516741931438446,False,False,0.283258068561554,data\negatives\Edgar_Degas_94.jpg
data\candidates\artists_tree\Edgar_Degas\Edgar_Degas_67.jpg,0.8195840716362,0.23117168247699738,0.5379847884178162,False,False,0.2620152115821839,data\negatives\Edgar_Degas_67.jpg
data\candidates\artists_tree\Kazimir_Malevich\Kazimir_Malevich_72.jpg,0.7581985592842102,0.19111046195030212,0.4931412637233734,False,False,0.30685873627662663,data\negatives\Kazimir_Malevich_72.jpg
data\candidates\artists_tree\Marc_Chagall\Marc_Chagall_152.jpg,0.8246767520904541,0.26903456449508667,0.5486130118370056,False,False,0.25138698816299443,data\negatives\Marc_Chagall_152.jpg
data\candidates\artists_tree\Frida_Kahlo\Frida_Kahlo_45.jpg,0.7807354927062988,0.24303197860717773,0.5170477032661438,False,False,0.28295229673385625,data\negatives\Frida_Kahlo_45.jpg
data\candidates\artists_tree\Albrecht_Du╠êrer\Albrecht_Du╠êrer_77.jpg,0.8292179107666016,0.22810803353786469,0.543152391910553,False,False,0.25684760808944707,data\negatives\Albrecht_Du╠êrer_77.jpg
data\candidates\artists_tree\Andy_Warhol\Andy_Warhol_110.jpg,0.6511057615280151,0.21351802349090576,0.4333670735359192,False,False,0.36663292646408085,data\negatives\Andy_Warhol_110.jpg
data\candidates\artists_tree\Paul_Klee\Paul_Klee_15.jpg,0.7679339051246643,0.24610084295272827,0.5099804997444153,False,False,0.29001950025558476,data\negatives\Paul_Klee_15.jpg
data\candidates\artists_tree\Sandro_Botticelli\Sandro_Botticelli_127.jpg,0.7279173135757446,0.19937266409397125,0.4766249358654022,False,False,0.3233750641345978,data\negatives\Sandro_Botticelli_127.jpg
data\candidates\artists_tree\Rembrandt\Rembrandt_245.jpg,0.8262883424758911,0.22805312275886536,0.5413836240768433,False,False,0.2586163759231568,data\negatives\Rembrandt_245.jpg
data\candidates\artists_tree\Edgar_Degas\Edgar_Degas_289.jpg,0.7847360372543335,0.2370923012495041,0.51826012134552,False,False,0.28173987865448,data\negatives\Edgar_Degas_289.jpg
data\candidates\artists_tree\Pieter_Bruegel\Pieter_Bruegel_131.jpg,0.795310914516449,0.22533366084098816,0.5222532749176025,False,False,0.2777467250823975,data\negatives\Pieter_Bruegel_131.jpg
data\candidates\artists_tree\Pieter_Bruegel\Pieter_Bruegel_12.jpg,0.8143149614334106,0.2503693103790283,0.538662850856781,False,False,0.26133714914321904,data\negatives\Pieter_Bruegel_12.jpg
data\candidates\artists_tree\Amedeo_Modigliani\Amedeo_Modigliani_125.jpg,0.8311986923217773,0.2539561986923218,0.5495104789733887,False,False,0.2504895210266114,data\negatives\Amedeo_Modigliani_125.jpg
data\candidates\artists_tree\Pierre-Auguste_Renoir\Pierre-Auguste_Renoir_250.jpg,0.801345944404602,0.2072536051273346,0.5222582817077637,False,False,0.2777417182922364,data\negatives\Pierre-Auguste_Renoir_250.jpg
data\candidates\artists_tree\Frida_Kahlo\Frida_Kahlo_9.jpg,0.7569066286087036,0.24791786074638367,0.5037275552749634,False,False,0.29627244472503667,data\negatives\Frida_Kahlo_9.jpg
data\candidates\artists_tree\Michelangelo\Michelangelo_41.jpg,0.7810227870941162,0.22061364352703094,0.512736439704895,False,False,0.287263560295105,data\negatives\Michelangelo_41.jpg
data\candidates\artists_tree\Georges_Seurat\Georges_Seurat_9.jpg,0.794877827167511,0.25789308547973633,0.5285053253173828,False,False,0.27149467468261723,data\negatives\Georges_Seurat_9.jpg
data\candidates\artists_tree\Paul_Gauguin\Paul_Gauguin_72.jpg,0.7581518888473511,0.23585748672485352,0.5020626187324524,False,False,0.29793738126754765,data\negatives\Paul_Gauguin_72.jpg
data\candidates\artists_tree\Edgar_Degas\Edgar_Degas_405.jpg,0.8078031539916992,0.24070194363594055,0.53282231092453,False,False,0.26717768907547,data\negatives\Edgar_Degas_405.jpg
data\candidates\artists_tree\Pablo_Picasso\Pablo_Picasso_101.jpg,0.8395827412605286,0.2463085800409317,0.5530113577842712,False,False,0.2469886422157288,data\negatives\Pablo_Picasso_101.jpg
data\candidates\artists_tree\Diego_Velazquez\Diego_Velazquez_127.jpg,0.6755923628807068,0.21176280081272125,0.44770798087120056,False,False,0.3522920191287995,data\negatives\Diego_Velazquez_127.jpg
data\candidates\artists_tree\Pierre-Auguste_Renoir\Pierre-Auguste_Renoir_191.jpg,0.8269988298416138,0.19957365095615387,0.5361140370368958,False,False,0.2638859629631043,data\negatives\Pierre-Auguste_Renoir_191.jpg
data\candidates\artists_tree\Francisco_Goya\Francisco_Goya_182.jpg,0.6989009976387024,0.19686558842658997,0.45871374011039734,False,False,0.3412862598896027,data\negatives\Francisco_Goya_182.jpg
data\candidates\artists_tree\Michelangelo\Michelangelo_10.jpg,0.7377004027366638,0.20576566457748413,0.4837733805179596,False,False,0.31622661948204045,data\negatives\Michelangelo_10.jpg
data\candidates\artists_tree\Pablo_Picasso\Pablo_Picasso_128.jpg,0.8155400156974792,0.2202700823545456,0.5333780646324158,False,False,0.2666219353675843,data\negatives\Pablo_Picasso_128.jpg
data\candidates\artists_tree\Albrecht_Du╠êrer\Albrecht_Du╠êrer_196.jpg,0.8013669848442078,0.22238871455192566,0.5252979397773743,False,False,0.2747020602226258,data\negatives\Albrecht_Du╠êrer_196.jpg
data\candidates\artists_tree\Peter_Paul_Rubens\Peter_Paul_Rubens_141.jpg,0.8114412426948547,0.2200303077697754,0.5308708548545837,False,False,0.2691291451454163,data\negatives\Peter_Paul_Rubens_141.jpg
data\candidates\artists_tree\Edgar_Degas\Edgar_Degas_249.jpg,0.7887349128723145,0.24002301692962646,0.5212455987930298,False,False,0.27875440120697026,data\negatives\Edgar_Degas_249.jpg
data\candidates\artists_tree\Amedeo_Modigliani\Amedeo_Modigliani_131.jpg,0.8262882232666016,0.2366527020931244,0.5431035161018372,False,False,0.2568964838981629,data\negatives\Amedeo_Modigliani_131.jpg
data\candidates\artists_tree\Pierre-Auguste_Renoir\Pierre-Auguste_Renoir_155.jpg,0.794526994228363,0.23480388522148132,0.5236769914627075,False,False,0.2763230085372925,data\negatives\Pierre-Auguste_Renoir_155.jpg
data\candidates\artists_tree\Piet_Mondrian\Piet_Mondrian_22.jpg,0.7777650356292725,0.2457677274942398,0.5158125758171082,False,False,0.2841874241828919,data\negatives\Piet_Mondrian_22.jpg
data\candidates\artists_tree\Edgar_Degas\Edgar_Degas_374.jpg,0.7918455004692078,0.256838321685791,0.5264749526977539,False,False,0.27352504730224614,data\negatives\Edgar_Degas_374.jpg
data\candidates\artists_tree\Frida_Kahlo\Frida_Kahlo_3.jpg,0.7020376324653625,0.2165212780237198,0.46452686190605164,False,False,0.3354731380939484,data\negatives\Frida_Kahlo_3.jpg
data\candidates\artists_tree\Mikhail_Vrubel\Mikhail_Vrubel_86.jpg,0.8002585768699646,0.23605409264564514,0.5273659825325012,False,False,0.2726340174674988,data\negatives\Mikhail_Vrubel_86.jpg
data\candidates\artists_tree\Andrei_Rublev\Andrei_Rublev_50.jpg,0.8120676279067993,0.25039729475975037,0.5373200178146362,False,False,0.2626799821853638,data\negatives\Andrei_Rublev_50.jpg
data\candidates\artists_tree\Piet_Mondrian\Piet_Mondrian_17.jpg,0.7912358045578003,0.24756436049938202,0.5242543816566467,False,False,0.2757456183433533,data\negatives\Piet_Mondrian_17.jpg
data\candidates\artists_tree\Pieter_Bruegel\Pieter_Bruegel_6.jpg,0.8064895868301392,0.2588461935520172,0.5356630086898804,False,False,0.2643369913101197,data\negatives\Pieter_Bruegel_6.jpg
data\candidates\artists_tree\Salvador_Dali\Salvador_Dali_126.jpg,0.7951805591583252,0.20607981085777283,0.5183243155479431,False,False,0.28167568445205693,data\negatives\Salvador_Dali_126.jpg
data\candidates\artists_tree\Marc_Chagall\Marc_Chagall_202.jpg,0.8299936056137085,0.2630520761013031,0.5506066083908081,False,False,0.24939339160919194,data\negatives\Marc_Chagall_202.jpg
data\candidates\artists_tree\Peter_Paul_Rubens\Peter_Paul_Rubens_135.jpg,0.739951491355896,0.2245357185602188,0.488878071308136,False,False,0.31112192869186406,data\negatives\Peter_Paul_Rubens_135.jpg
data\candidates\artists_tree\Henri_Matisse\Henri_Matisse_74.jpg,0.8192967176437378,0.23305681347846985,0.5381894111633301,False,False,0.26181058883666997,data\negatives\Henri_Matisse_74.jpg
data\candidates\artists_tree\Rembrandt\Rembrandt_106.jpg,0.7658388614654541,0.20064467191696167,0.4996322691440582,False,False,0.3003677308559418,data\negatives\Rembrandt_106.jpg
data\candidates\artists_tree\Andy_Warhol\Andy_Warhol_39.jpg,0.694283127784729,0.21422292292118073,0.4594144821166992,False,False,0.3405855178833008,data\negatives\Andy_Warhol_39.jpg
data\candidates\artists_tree\Marc_Chagall\Marc_Chagall_74.jpg,0.8273712992668152,0.2350703328847885,0.5434368848800659,False,False,0.2565631151199341,data\negatives\Marc_Chagall_74.jpg
data\candidates\artists_tree\Amedeo_Modigliani\Amedeo_Modigliani_124.jpg,0.8043310642242432,0.2769373953342438,0.537986159324646,False,False,0.26201384067535405,data\negatives\Amedeo_Modigliani_124.jpg
data\candidates\artists_tree\Hieronymus_Bosch\Hieronymus_Bosch_92.jpg,0.7491554617881775,0.20926235616207123,0.49134576320648193,False,False,0.3086542367935181,data\negatives\Hieronymus_Bosch_92.jpg
data\candidates\artists_tree\Henri_Matisse\Henri_Matisse_83.jpg,0.7395776510238647,0.25933772325515747,0.4956141412258148,False,False,0.3043858587741852,data\negatives\Henri_Matisse_83.jpg
data\candidates\artists_tree\Salvador_Dali\Salvador_Dali_119.jpg,0.7640717625617981,0.22739410400390625,0.5039218664169312,False,False,0.2960781335830689,data\negatives\Salvador_Dali_119.jpg
data\candidates\artists_tree\Paul_Klee\Paul_Klee_75.jpg,0.7741310596466064,0.25262129306793213,0.5150029063224792,False,False,0.2849970936775208,data\negatives\Paul_Klee_75.jpg
data\candidates\artists_tree\El_Greco\El_Greco_29.jpg,0.7494775056838989,0.22543896734714508,0.49477431178092957,False,False,0.3052256882190705,data\negatives\El_Greco_29.jpg
data\candidates\artists_tree\Pierre-Auguste_Renoir\Pierre-Auguste_Renoir_283.jpg,0.7385997772216797,0.21690499782562256,0.48654088377952576,False,False,0.3134591162204743,data\negatives\Pierre-Auguste_Renoir_283.jpg
data\candidates\artists_tree\William_Turner\William_Turner_28.jpg,0.7285098433494568,0.20286384224891663,0.47767868638038635,False,False,0.3223213136196137,data\negatives\William_Turner_28.jpg
data\candidates\artists_tree\Sandro_Botticelli\Sandro_Botticelli_129.jpg,0.7200677394866943,0.21289116144180298,0.4746188819408417,False,False,0.32538111805915837,data\negatives\Sandro_Botticelli_129.jpg
data\candidates\artists_tree\Raphael\Raphael_44.jpg,0.7125238180160522,0.20022453367710114,0.46755921840667725,False,False,0.3324407815933228,data\negatives\Raphael_44.jpg
data\candidates\artists_tree\Pablo_Picasso\Pablo_Picasso_49.jpg,0.8396892547607422,0.23663429915905,0.5511404275894165,False,False,0.24885957241058354,data\negatives\Pablo_Picasso_49.jpg
data\candidates\artists_tree\Edgar_Degas\Edgar_Degas_588.jpg,0.7744593620300293,0.25131794810295105,0.5149392485618591,False,False,0.2850607514381409,data\negatives\Edgar_Degas_588.jpg
data\candidates\artists_tree\Titian\Titian_31.jpg,0.7526298761367798,0.22562456130981445,0.4967028498649597,False,False,0.3032971501350403,data\negatives\Titian_31.jpg
data\candidates\artists_tree\Rene_Magritte\Rene_Magritte_91.jpg,0.7082483172416687,0.23843346536159515,0.4726357161998749,False,False,0.32736428380012517,data\negatives\Rene_Magritte_91.jpg
data\candidates\artists_tree\Henri_Matisse\Henri_Matisse_9.jpg,0.8306143283843994,0.24278047680854797,0.5469247102737427,False,False,0.25307528972625737,data\negatives\Henri_Matisse_9.jpg
data\candidates\artists_tree\Amedeo_Modigliani\Amedeo_Modigliani_17.jpg,0.8400530815124512,0.2523813247680664,0.5545081496238708,False,False,0.2454918503761292,data\negatives\Amedeo_Modigliani_17.jpg
data\candidates\artists_tree\Edgar_Degas\Edgar_Degas_52.jpg,0.8249868154525757,0.22477969527244568,0.539948046207428,False,False,0.26005195379257207,data\negatives\Edgar_Degas_52.jpg
data\candidates\artists_tree\Andy_Warhol\Andy_Warhol_31.jpg,0.6931481957435608,0.21636329591274261,0.45916157960891724,False,False,0.3408384203910828,data\negatives\Andy_Warhol_31.jpg
data\candidates\artists_tree\Paul_Gauguin\Paul_Gauguin_228.jpg,0.8235477805137634,0.2611861824989319,0.5463659167289734,False,False,0.25363408327102666,data\negatives\Paul_Gauguin_228.jpg
data\candidates\artists_tree\Francisco_Goya\Francisco_Goya_283.jpg,0.7566430568695068,0.23180004954338074,0.5003458261489868,False,False,0.29965417385101323,data\negatives\Francisco_Goya_283.jpg
data\candidates\artists_tree\Gustave_Courbet\Gustave_Courbet_48.jpg,0.8535212874412537,0.2373986542224884,0.5595925450325012,False,False,0.24040745496749882,data\negatives\Gustave_Courbet_48.jpg
data\candidates\artists_tree\Raphael\Raphael_98.jpg,0.7104552388191223,0.22962170839309692,0.4721975028514862,False,False,0.32780249714851384,data\negatives\Raphael_98.jpg
data\candidates\artists_tree\Pablo_Picasso\Pablo_Picasso_195.jpg,0.7923926115036011,0.2640540301799774,0.5282464027404785,False,False,0.27175359725952153,data\negatives\Pablo_Picasso_195.jpg
data\candidates\artists_tree\Francisco_Goya\Francisco_Goya_166.jpg,0.8378824591636658,0.2433006912469864,0.5513896346092224,False,False,0.24861036539077763,data\negatives\Francisco_Goya_166.jpg
data\candidates\artists_tree\Amedeo_Modigliani\Amedeo_Modigliani_149.jpg,0.8387794494628906,0.25838741660118103,0.554945170879364,False,False,0.24505482912063603,data\negatives\Amedeo_Modigliani_149.jpg
data\candidates\artists_tree\Edgar_Degas\Edgar_Degas_362.jpg,0.7029696702957153,0.24993865191936493,0.4717695415019989,False,False,0.32823045849800114,data\negatives\Edgar_Degas_362.jpg
data\candidates\artists_tree\Kazimir_Malevich\Kazimir_Malevich_35.jpg,0.7928702235221863,0.2109968662261963,0.5179215669631958,False,False,0.28207843303680424,data\negatives\Kazimir_Malevich_35.jpg
data\candidates\artists_tree\Giotto_di_Bondone\Giotto_di_Bondone_21.jpg,0.7295547723770142,0.2261325865983963,0.4829593896865845,False,False,0.31704061031341557,data\negatives\Giotto_di_Bondone_21.jpg
data\candidates\artists_tree\Rembrandt\Rembrandt_166.jpg,0.787521243095398,0.23251360654830933,0.5190154910087585,False,False,0.2809845089912415,data\negatives\Rembrandt_166.jpg
data\candidates\artists_tree\Titian\Titian_208.jpg,0.7556957602500916,0.21601100265979767,0.49661967158317566,False,False,0.3033803284168244,data\negatives\Titian_208.jpg
data\candidates\artists_tree\Vasiliy_Kandinskiy\Vasiliy_Kandinskiy_69.jpg,0.8342523574829102,0.21827225387096405,0.544205904006958,False,False,0.25579409599304204,data\negatives\Vasiliy_Kandinskiy_69.jpg
data\candidates\artists_tree\Pablo_Picasso\Pablo_Picasso_331.jpg,0.8010019063949585,0.22229191660881042,0.5250595211982727,False,False,0.27494047880172734,data\negatives\Pablo_Picasso_331.jpg
data\candidates\artists_tree\Peter_Paul_Rubens\Peter_Paul_Rubens_62.jpg,0.7113240361213684,0.21345171332359314,0.46948477625846863,False,False,0.3305152237415314,data\negatives\Peter_Paul_Rubens_62.jpg
data\candidates\artists_tree\Pierre-Auguste_Renoir\Pierre-Auguste_Renoir_257.jpg,0.8078969717025757,0.25955432653427124,0.5366490483283997,False,False,0.2633509516716004,data\negatives\Pierre-Auguste_Renoir_257.jpg
data\candidates\artists_tree\Titian\Titian_145.jpg,0.7473056316375732,0.18305198848247528,0.4849937856197357,False,False,0.3150062143802643,data\negatives\Titian_145.jpg
data\candidates\artists_tree\Titian\Titian_195.jpg,0.7037757039070129,0.18019798398017883,0.4583050310611725,False,False,0.34169496893882756,data\negatives\Titian_195.jpg
data\candidates\artists_tree\Edgar_Degas\Edgar_Degas_134.jpg,0.777452826499939,0.2531614601612091,0.5171039700508118,False,False,0.2828960299491883,data\negatives\Edgar_Degas_134.jpg
data\candidates\artists_tree\Albrecht_Du╠êrer\Albrecht_Du╠êrer_167.jpg,0.800167441368103,0.22340521216392517,0.5247815251350403,False,False,0.27521847486495976,data\negatives\Albrecht_Du╠êrer_167.jpg
data\candidates\artists_tree\Pablo_Picasso\Pablo_Picasso_81.jpg,0.8122409582138062,0.24785754084587097,0.5369160771369934,False,False,0.26308392286300664,data\negatives\Pablo_Picasso_81.jpg
data\candidates\artists_tree\Paul_Klee\Paul_Klee_164.jpg,0.7856115698814392,0.22607140243053436,0.5165812373161316,False,False,0.28341876268386845,data\negatives\Paul_Klee_164.jpg
data\candidates\artists_tree\Alfred_Sisley\Alfred_Sisley_118.jpg,0.7907904386520386,0.2804158627986908,0.5305574536323547,False,False,0.2694425463676453,data\negatives\Alfred_Sisley_118.jpg
data\candidates\artists_tree\Pierre-Auguste_Renoir\Pierre-Auguste_Renoir_164.jpg,0.7789480686187744,0.21456189453601837,0.5102812647819519,False,False,0.28971873521804814,data\negatives\Pierre-Auguste_Renoir_164.jpg
data\candidates\artists_tree\Edgar_Degas\Edgar_Degas_394.jpg,0.7393926382064819,0.2115239053964615,0.4859403967857361,False,False,0.31405960321426396,data\negatives\Edgar_Degas_394.jpg
data\candidates\artists_tree\Diego_Rivera\Diego_Rivera_14.jpg,0.7516285181045532,0.23988649249076843,0.4989544153213501,False,False,0.30104558467864995,data\negatives\Diego_Rivera_14.jpg
data\candidates\artists_tree\William_Turner\William_Turner_5.jpg,0.815920889377594,0.2103494554758072,0.5316224694252014,False,False,0.26837753057479863,data\negatives\William_Turner_5.jpg
data\candidates\artists_tree\Paul_Gauguin\Paul_Gauguin_187.jpg,0.7762832641601562,0.22343486547470093,0.510456919670105,False,False,0.28954308032989506,data\negatives\Paul_Gauguin_187.jpg
data\candidates\artists_tree\Gustav_Klimt\Gustav_Klimt_96.jpg,0.794553816318512,0.23204946517944336,0.5231422185897827,False,False,0.27685778141021733,data\negatives\Gustav_Klimt_96.jpg
data\candidates\artists_tree\Rembrandt\Rembrandt_261.jpg,0.733146071434021,0.20110449194908142,0.4801085591316223,False,False,0.31989144086837773,data\negatives\Rembrandt_261.jpg
data\candidates\artists_tree\Henri_Matisse\Henri_Matisse_56.jpg,0.8248579502105713,0.2363804578781128,0.5421909093856812,False,False,0.2578090906143189,data\negatives\Henri_Matisse_56.jpg
data\candidates\artists_tree\Albrecht_Du╠êrer\Albrecht_Du╠êrer_45.jpg,0.8356022834777832,0.20805996656417847,0.5429733395576477,False,False,0.25702666044235234,data\negatives\Albrecht_Du╠êrer_45.jpg
data\candidates\artists_tree\Hieronymus_Bosch\Hieronymus_Bosch_132.jpg,0.7421970367431641,0.24316483736038208,0.4939512312412262,False,False,0.30604876875877385,data\negatives\Hieronymus_Bosch_132.jpg
data\candidates\artists_tree\Andrei_Rublev\Andrei_Rublev_4.jpg,0.7317087650299072,0.2123534083366394,0.4814959764480591,False,False,0.31850402355194096,data\negatives\Andrei_Rublev_4.jpg
data\candidates\artists_tree\Andy_Warhol\Andy_Warhol_107.jpg,0.5119710564613342,0.14365388453006744,0.33591341972351074,False,False,0.4640865802764893,data\negatives\Andy_Warhol_107.jpg
data\candidates\artists_tree\Titian\Titian_55.jpg,0.7544124126434326,0.2179567664861679,0.4962388277053833,False,False,0.30376117229461674,data\negatives\Titian_55.jpg
data\candidates\artists_tree\Rene_Magritte\Rene_Magritte_49.jpg,0.7743650078773499,0.24086324870586395,0.512791633605957,False,False,0.287208366394043,data\negatives\Rene_Magritte_49.jpg
data\candidates\artists_tree\Francisco_Goya\Francisco_Goya_66.jpg,0.8330892324447632,0.2439866065979004,0.548650860786438,False,False,0.25134913921356206,data\negatives\Francisco_Goya_66.jpg
data\candidates\artists_tree\Salvador_Dali\Salvador_Dali_92.jpg,0.7828842401504517,0.22874408960342407,0.5154793858528137,False,False,0.2845206141471863,data\negatives\Salvador_Dali_92.jpg
data\candidates\artists_tree\Frida_Kahlo\Frida_Kahlo_41.jpg,0.72169029712677,0.26175087690353394,0.4853643476963043,False,False,0.3146356523036957,data\negatives\Frida_Kahlo_41.jpg
data\candidates\artists_tree\Rembrandt\Rembrandt_12.jpg,0.7692292928695679,0.2252213954925537,0.5065819025039673,False,False,0.29341809749603276,data\negatives\Rembrandt_12.jpg
data\candidates\artists_tree\Edgar_Degas\Edgar_Degas_496.jpg,0.8030600547790527,0.25462567806243896,0.5327612161636353,False,False,0.2672387838363648,data\negatives\Edgar_Degas_496.jpg
data\candidates\artists_tree\Diego_Velazquez\Diego_Velazquez_74.jpg,0.7141451835632324,0.2337217926979065,0.47523146867752075,False,False,0.3247685313224793,data\negatives\Diego_Velazquez_74.jpg
data\candidates\artists_tree\Amedeo_Modigliani\Amedeo_Modigliani_159.jpg,0.8053342700004578,0.2509614825248718,0.5333929061889648,False,False,0.2666070938110352,data\negatives\Amedeo_Modigliani_159.jpg
data\candidates\artists_tree\Pablo_Picasso\Pablo_Picasso_297.jpg,0.8410929441452026,0.23524364829063416,0.5517045259475708,False,False,0.24829547405242924,data\negatives\Pablo_Picasso_297.jpg
data\candidates\artists_tree\Gustav_Klimt\Gustav_Klimt_42.jpg,0.8245590925216675,0.2551010251045227,0.5457556843757629,False,False,0.2542443156242371,data\negatives\Gustav_Klimt_42.jpg
data\candidates\artists_tree\Pablo_Picasso\Pablo_Picasso_394.jpg,0.798633873462677,0.2420993447303772,0.5276002287864685,False,False,0.27239977121353154,data\negatives\Pablo_Picasso_394.jpg
data\candidates\artists_tree\Albrecht_Du╠êrer\Albrecht_Du╠êrer_300.jpg,0.8458582162857056,0.23250937461853027,0.5540168285369873,False,False,0.24598317146301274,data\negatives\Albrecht_Du╠êrer_300.jpg
data\candidates\artists_tree\Pierre-Auguste_Renoir\Pierre-Auguste_Renoir_90.jpg,0.8191598057746887,0.2410784661769867,0.539711594581604,False,False,0.26028840541839604,data\negatives\Pierre-Auguste_Renoir_90.jpg
data\candidates\artists_tree\Giotto_di_Bondone\Giotto_di_Bondone_75.jpg,0.7123620510101318,0.22038793563842773,0.4714948236942291,False,False,0.3285051763057709,data\negatives\Giotto_di_Bondone_75.jpg
data\candidates\artists_tree\Caravaggio\Caravaggio_13.jpg,0.7524588108062744,0.19085593521595,0.4896464943885803,False,False,0.3103535056114197,data\negatives\Caravaggio_13.jpg
data\candidates\artists_tree\Henri_de_Toulouse-Lautrec\Henri_de_Toulouse-Lautrec_66.jpg,0.778664767742157,0.2528305649757385,0.5177649855613708,False,False,0.2822350144386292,data\negatives\Henri_de_Toulouse-Lautrec_66.jpg
data\candidates\artists_tree\Titian\Titian_101.jpg,0.7552980184555054,0.2036956250667572,0.49391794204711914,False,False,0.3060820579528809,data\negatives\Titian_101.jpg
data\candidates\artists_tree\Rembrandt\Rembrandt_39.jpg,0.7714420557022095,0.1999170184135437,0.5028486847877502,False,False,0.2971513152122498,data\negatives\Rembrandt_39.jpg
data\candidates\artists_tree\Giotto_di_Bondone\Giotto_di_Bondone_111.jpg,0.7431533336639404,0.211831733584404,0.48825836181640625,False,False,0.3117416381835938,data\negatives\Giotto_di_Bondone_111.jpg
data\candidates\artists_tree\Edvard_Munch\Edvard_Munch_56.jpg,0.8369421362876892,0.2752811014652252,0.557221531867981,False,False,0.2427784681320191,data\negatives\Edvard_Munch_56.jpg
data\candidates\artists_tree\Marc_Chagall\Marc_Chagall_101.jpg,0.8316042423248291,0.2747560441493988,0.5539137721061707,False,False,0.2460862278938294,data\negatives\Marc_Chagall_101.jpg
data\candidates\artists_tree\Diego_Velazquez\Diego_Velazquez_63.jpg,0.780611515045166,0.2788415253162384,0.5241352319717407,False,False,0.2758647680282593,data\negatives\Diego_Velazquez_63.jpg
data\candidates\artists_tree\Vasiliy_Kandinskiy\Vasiliy_Kandinskiy_33.jpg,0.7679752111434937,0.2478230744600296,0.5103497505187988,False,False,0.2896502494812012,data\negatives\Vasiliy_Kandinskiy_33.jpg
data\candidates\artists_tree\Andrei_Rublev\Andrei_Rublev_56.jpg,0.7849040627479553,0.2390621453523636,0.5187548995018005,False,False,0.2812451004981995,data\negatives\Andrei_Rublev_56.jpg
data\candidates\artists_tree\Edgar_Degas\Edgar_Degas_166.jpg,0.7827945947647095,0.24461033940315247,0.5185988545417786,False,False,0.2814011454582215,data\negatives\Edgar_Degas_166.jpg
data\candidates\artists_tree\Raphael\Raphael_49.jpg,0.6546235084533691,0.1908501386642456,0.43094417452812195,False,False,0.3690558254718781,data\negatives\Raphael_49.jpg
data\candidates\artists_tree\Rembrandt\Rembrandt_212.jpg,0.7502068281173706,0.19073377549648285,0.4882708787918091,False,False,0.31172912120819096,data\negatives\Rembrandt_212.jpg
data\candidates\artists_tree\Edgar_Degas\Edgar_Degas_148.jpg,0.7486413717269897,0.2236097902059555,0.49390679597854614,False,False,0.3060932040214539,data\negatives\Edgar_Degas_148.jpg
data\candidates\artists_tree\Paul_Klee\Paul_Klee_157.jpg,0.817065417766571,0.20512782037258148,0.5312648415565491,False,False,0.26873515844345097,data\negatives\Paul_Klee_157.jpg
data\candidates\artists_tree\Rembrandt\Rembrandt_46.jpg,0.7768129110336304,0.202978253364563,0.5066834092140198,False,False,0.29331659078598027,data\negatives\Rembrandt_46.jpg
data\candidates\artists_tree\Paul_Klee\Paul_Klee_186.jpg,0.816389799118042,0.22060129046440125,0.5339541435241699,False,False,0.2660458564758301,data\negatives\Paul_Klee_186.jpg
data\candidates\artists_tree\Andy_Warhol\Andy_Warhol_67.jpg,0.6979467868804932,0.19910718500614166,0.4585895240306854,False,False,0.3414104759693146,data\negatives\Andy_Warhol_67.jpg
data\candidates\artists_tree\Vasiliy_Kandinskiy\Vasiliy_Kandinskiy_60.jpg,0.799991250038147,0.2085644155740738,0.5217076539993286,False,False,0.27829234600067143,data\negatives\Vasiliy_Kandinskiy_60.jpg
data\candidates\artists_tree\Albrecht_Du╠êrer\Albrecht_Du╠êrer_228.jpg,0.8291380405426025,0.23367546498775482,0.5442179441452026,False,False,0.2557820558547974,data\negatives\Albrecht_Du╠êrer_228.jpg
data\candidates\artists_tree\Rembrandt\Rembrandt_111.jpg,0.7089058756828308,0.22631409764289856,0.47060635685920715,False,False,0.3293936431407929,data\negatives\Rembrandt_111.jpg
data\candidates\artists_tree\Edgar_Degas\Edgar_Degas_296.jpg,0.7048556804656982,0.21506160497665405,0.46592575311660767,False,False,0.3340742468833924,data\negatives\Edgar_Degas_296.jpg
data\candidates\artists_tree\Henri_Matisse\Henri_Matisse_1.jpg,0.8417407274246216,0.259793758392334,0.5570032000541687,False,False,0.24299679994583134,data\negatives\Henri_Matisse_1.jpg
data\candidates\artists_tree\Pieter_Bruegel\Pieter_Bruegel_34.jpg,0.7872167229652405,0.23035918176174164,0.5184019207954407,False,False,0.28159807920455937,data\negatives\Pieter_Bruegel_34.jpg
data\candidates\artists_tree\Salvador_Dali\Salvador_Dali_121.jpg,0.7409979104995728,0.19187767803668976,0.4829742908477783,False,False,0.3170257091522217,data\negatives\Salvador_Dali_121.jpg
data\candidates\artists_tree\Edgar_Degas\Edgar_Degas_687.jpg,0.7830051183700562,0.2526744604110718,0.5203379988670349,False,False,0.27966200113296513,data\negatives\Edgar_Degas_687.jpg
data\candidates\artists_tree\Rembrandt\Rembrandt_138.jpg,0.7385565042495728,0.1822284758090973,0.4795796275138855,False,False,0.32042037248611455,data\negatives\Rembrandt_138.jpg
data\candidates\artists_tree\Edgar_Degas\Edgar_Degas_450.jpg,0.796660304069519,0.27861902117729187,0.5337200164794922,False,False,0.26627998352050786,data\negatives\Edgar_Degas_450.jpg
data\candidates\artists_tree\Giotto_di_Bondone\Giotto_di_Bondone_49.jpg,0.7105759382247925,0.19324785470962524,0.4649951457977295,False,False,0.33500485420227055,data\negatives\Giotto_di_Bondone_49.jpg
data\candidates\artists_tree\Caravaggio\Caravaggio_20.jpg,0.7805929183959961,0.2100505530834198,0.510365903377533,False,False,0.2896340966224671,data\negatives\Caravaggio_20.jpg
data\candidates\artists_tree\Peter_Paul_Rubens\Peter_Paul_Rubens_37.jpg,0.7461560368537903,0.21178434789180756,0.4900505244731903,False,False,0.30994947552680974,data\negatives\Peter_Paul_Rubens_37.jpg
data\candidates\artists_tree\Frida_Kahlo\Frida_Kahlo_108.jpg,0.759768009185791,0.24302643537521362,0.5044661164283752,False,False,0.2955338835716248,data\negatives\Frida_Kahlo_108.jpg
data\candidates\artists_tree\Diego_Rivera\Diego_Rivera_54.jpg,0.7540559768676758,0.22381441295146942,0.4971964955329895,False,False,0.30280350446701054,data\negatives\Diego_Rivera_54.jpg
data\candidates\artists_tree\Titian\Titian_107.jpg,0.6631332635879517,0.2000478208065033,0.43788954615592957,False,False,0.3621104538440705,data\negatives\Titian_107.jpg
data\candidates\artists_tree\Pablo_Picasso\Pablo_Picasso_16.jpg,0.808009147644043,0.2098311483860016,0.5267717242240906,False,False,0.27322827577590947,data\negatives\Pablo_Picasso_16.jpg
data\candidates\artists_tree\Titian\Titian_50.jpg,0.6542094349861145,0.18737587332725525,0.43000084161758423,False,False,0.3699991583824158,data\negatives\Titian_50.jpg
data\candidates\artists_tree\Rembrandt\Rembrandt_260.jpg,0.7885124087333679,0.22677898406982422,0.5184632539749146,False,False,0.2815367460250855,data\negatives\Rembrandt_260.jpg
data\candidates\artists_tree\Caravaggio\Caravaggio_18.jpg,0.7401602268218994,0.17054550349712372,0.47820526361465454,False,False,0.3217947363853455,data\negatives\Caravaggio_18.jpg
data\candidates\artists_tree\Albrecht_Du╠êrer\Albrecht_Du╠êrer_93.jpg,0.8481724858283997,0.22341305017471313,0.5535861253738403,False,False,0.2464138746261597,data\negatives\Albrecht_Du╠êrer_93.jpg
data\candidates\artists_tree\Titian\Titian_179.jpg,0.6914799213409424,0.2152925431728363,0.4579464793205261,False,False,0.3420535206794739,data\negatives\Titian_179.jpg
data\candidates\artists_tree\Alfred_Sisley\Alfred_Sisley_17.jpg,0.8247631788253784,0.25900033116340637,0.5466579794883728,False,False,0.25334202051162724,data\negatives\Alfred_Sisley_17.jpg
data\candidates\artists_tree\Amedeo_Modigliani\Amedeo_Modigliani_152.jpg,0.8374423980712891,0.26126641035079956,0.5547187924385071,False,False,0.24528120756149296,data\negatives\Amedeo_Modigliani_152.jpg
data\candidates\artists_tree\Sandro_Botticelli\Sandro_Botticelli_53.jpg,0.7030811309814453,0.20808298885822296,0.46346527338027954,False,False,0.3365347266197205,data\negatives\Sandro_Botticelli_53.jpg
data\candidates\artists_tree\Albrecht_Du╠êrer\Albrecht_Du╠êrer_54.jpg,0.7915283441543579,0.219356507062912,0.5187883377075195,False,False,0.2812116622924805,data\negatives\Albrecht_Du╠êrer_54.jpg
data\candidates\artists_tree\Marc_Chagall\Marc_Chagall_154.jpg,0.772314727306366,0.22177471220493317,0.507743775844574,False,False,0.29225622415542607,data\negatives\Marc_Chagall_154.jpg
data\candidates\artists_tree\Henri_de_Toulouse-Lautrec\Henri_de_Toulouse-Lautrec_46.jpg,0.7551892995834351,0.19945600628852844,0.49300479888916016,False,False,0.3069952011108399,data\negatives\Henri_de_Toulouse-Lautrec_46.jpg
data\candidates\artists_tree\Andy_Warhol\Andy_Warhol_13.jpg,0.6091247200965881,0.19413860142230988,0.40430256724357605,False,False,0.395697432756424,data\negatives\Andy_Warhol_13.jpg
data\candidates\artists_tree\Diego_Rivera\Diego_Rivera_45.jpg,0.7906359434127808,0.23180752992630005,0.5207431316375732,False,False,0.2792568683624268,data\negatives\Diego_Rivera_45.jpg
data\candidates\artists_tree\Paul_Klee\Paul_Klee_172.jpg,0.7538248896598816,0.21137601137161255,0.49457013607025146,False,False,0.3054298639297486,data\negatives\Paul_Klee_172.jpg
data\candidates\artists_tree\Rene_Magritte\Rene_Magritte_134.jpg,0.7367286086082458,0.21244460344314575,0.484526127576828,False,False,0.31547387242317204,data\negatives\Rene_Magritte_134.jpg
data\candidates\artists_tree\Peter_Paul_Rubens\Peter_Paul_Rubens_121.jpg,0.7392133474349976,0.20587800443172455,0.4847036302089691,False,False,0.31529636979103093,data\negatives\Peter_Paul_Rubens_121.jpg
data\candidates\artists_tree\Michelangelo\Michelangelo_23.jpg,0.6757544875144958,0.19887398183345795,0.4452275037765503,False,False,0.35477249622344975,data\negatives\Michelangelo_23.jpg
data\candidates\artists_tree\Amedeo_Modigliani\Amedeo_Modigliani_155.jpg,0.81482994556427,0.24966606497764587,0.5388311743736267,False,False,0.26116882562637334,data\negatives\Amedeo_Modigliani_155.jpg
data\candidates\artists_tree\Andy_Warhol\Andy_Warhol_109.jpg,0.8099259734153748,0.22353722155094147,0.530663013458252,False,False,0.2693369865417481,data\negatives\Andy_Warhol_109.jpg
data\candidates\artists_tree\Mikhail_Vrubel\Mikhail_Vrubel_69.jpg,0.7708960771560669,0.19932106137275696,0.5024018883705139,False,False,0.29759811162948613,data\negatives\Mikhail_Vrubel_69.jpg
data\candidates\artists_tree\Amedeo_Modigliani\Amedeo_Modigliani_5.jpg,0.8180389404296875,0.2470172643661499,0.5402268171310425,False,False,0.25977318286895756,data\negatives\Amedeo_Modigliani_5.jpg
data\candidates\artists_tree\Raphael\Raphael_30.jpg,0.7197068929672241,0.2199784815311432,0.475819855928421,False,False,0.324180144071579,data\negatives\Raphael_30.jpg
data\candidates\artists_tree\Leonardo_da_Vinci\Leonardo_da_Vinci_23.jpg,0.7853738069534302,0.21578046679496765,0.5143803954124451,False,False,0.285619604587555,data\negatives\Leonardo_da_Vinci_23.jpg
data\candidates\artists_tree\Pablo_Picasso\Pablo_Picasso_126.jpg,0.8143305778503418,0.2572168707847595,0.5400417447090149,False,False,0.25995825529098515,data\negatives\Pablo_Picasso_126.jpg
data\candidates\artists_tree\Paul_Cezanne\Paul_Cezanne_39.jpg,0.8248212933540344,0.2620261013507843,0.547298014163971,False,False,0.2527019858360291,data\negatives\Paul_Cezanne_39.jpg
data\candidates\artists_tree\Pierre-Auguste_Renoir\Pierre-Auguste_Renoir_199.jpg,0.837885856628418,0.2587956488132477,0.5544906854629517,False,False,0.24550931453704838,data\negatives\Pierre-Auguste_Renoir_199.jpg
data\candidates\artists_tree\Amedeo_Modigliani\Amedeo_Modigliani_84.jpg,0.8374252319335938,0.2657875716686249,0.5556126832962036,False,False,0.24438731670379643,data\negatives\Amedeo_Modigliani_84.jpg
data\candidates\artists_tree\Marc_Chagall\Marc_Chagall_106.jpg,0.7878562808036804,0.22296200692653656,0.5173062086105347,False,False,0.2826937913894654,data\negatives\Marc_Chagall_106.jpg
data\candidates\artists_tree\Kazimir_Malevich\Kazimir_Malevich_91.jpg,0.8227671980857849,0.21290946006774902,0.5362422466278076,False,False,0.2637577533721924,data\negatives\Kazimir_Malevich_91.jpg
data\candidates\artists_tree\Giotto_di_Bondone\Giotto_di_Bondone_12.jpg,0.7262991070747375,0.21685314178466797,0.47915011644363403,False,False,0.320849883556366,data\negatives\Giotto_di_Bondone_12.jpg
data\candidates\artists_tree\Francisco_Goya\Francisco_Goya_49.jpg,0.8078877329826355,0.21432748436927795,0.5275981426239014,False,False,0.2724018573760987,data\negatives\Francisco_Goya_49.jpg
data\candidates\artists_tree\Henri_Matisse\Henri_Matisse_177.jpg,0.8171489238739014,0.26403355598449707,0.5430960655212402,False,False,0.2569039344787598,data\negatives\Henri_Matisse_177.jpg
data\candidates\artists_tree\Georges_Seurat\Georges_Seurat_34.jpg,0.8186395168304443,0.2513599395751953,0.5414557456970215,False,False,0.25854425430297856,data\negatives\Georges_Seurat_34.jpg
data\candidates\artists_tree\Albrecht_Du╠êrer\Albrecht_Du╠êrer_164.jpg,0.8250635862350464,0.2404506355524063,0.5431283116340637,False,False,0.2568716883659363,data\negatives\Albrecht_Du╠êrer_164.jpg
data\candidates\artists_tree\Gustav_Klimt\Gustav_Klimt_48.jpg,0.8249375820159912,0.22029238939285278,0.5390210747718811,False,False,0.26097892522811894,data\negatives\Gustav_Klimt_48.jpg
data\candidates\artists_tree\Alfred_Sisley\Alfred_Sisley_147.jpg,0.8175197839736938,0.24554568529129028,0.5396210551261902,False,False,0.26037894487380986,data\negatives\Alfred_Sisley_147.jpg
data\candidates\artists_tree\Paul_Gauguin\Paul_Gauguin_156.jpg,0.8443028926849365,0.2592160701751709,0.5584250092506409,False,False,0.24157499074935918,data\negatives\Paul_Gauguin_156.jpg
data\candidates\artists_tree\Sandro_Botticelli\Sandro_Botticelli_77.jpg,0.7231107950210571,0.22555610537528992,0.4789777100086212,False,False,0.32102228999137883,data\negatives\Sandro_Botticelli_77.jpg
data\candidates\artists_tree\Pablo_Picasso\Pablo_Picasso_190.jpg,0.8376593589782715,0.2597067058086395,0.5545369982719421,False,False,0.2454630017280579,data\negatives\Pablo_Picasso_190.jpg
data\candidates\artists_tree\Edgar_Degas\Edgar_Degas_155.jpg,0.8000525236129761,0.2520065903663635,0.5304328203201294,False,False,0.26956717967987065,data\negatives\Edgar_Degas_155.jpg
data\candidates\artists_tree\Pablo_Picasso\Pablo_Picasso_411.jpg,0.8027257323265076,0.25974950194358826,0.5335853695869446,False,False,0.26641463041305546,data\negatives\Pablo_Picasso_411.jpg
data\candidates\artists_tree\Titian\Titian_93.jpg,0.7403777837753296,0.1955970823764801,0.4833461046218872,False,False,0.31665389537811284,data\negatives\Titian_93.jpg
data\candidates\artists_tree\Diego_Velazquez\Diego_Velazquez_116.jpg,0.747250497341156,0.20381903648376465,0.48911410570144653,False,False,0.3108858942985535,data\negatives\Diego_Velazquez_116.jpg
data\candidates\artists_tree\Paul_Klee\Paul_Klee_49.jpg,0.8274064064025879,0.24023085832595825,0.5444900393486023,False,False,0.25550996065139775,data\negatives\Paul_Klee_49.jpg
data\candidates\artists_tree\El_Greco\El_Greco_80.jpg,0.7539685964584351,0.23484963178634644,0.4993510842323303,False,False,0.3006489157676697,data\negatives\El_Greco_80.jpg
data\candidates\artists_tree\Edgar_Degas\Edgar_Degas_398.jpg,0.733345091342926,0.2498650848865509,0.4899800717830658,False,False,0.31001992821693425,data\negatives\Edgar_Degas_398.jpg
data\candidates\artists_tree\Peter_Paul_Rubens\Peter_Paul_Rubens_27.jpg,0.7792996168136597,0.21657820045948029,0.5108954310417175,False,False,0.2891045689582825,data\negatives\Peter_Paul_Rubens_27.jpg
data\candidates\artists_tree\Albrecht_Du╠êrer\Albrecht_Du╠êrer_229.jpg,0.8246874213218689,0.22440525889396667,0.5396935343742371,False,False,0.260306465625763,data\negatives\Albrecht_Du╠êrer_229.jpg
data\candidates\artists_tree\Pierre-Auguste_Renoir\Pierre-Auguste_Renoir_185.jpg,0.8034337759017944,0.24995318055152893,0.5320509076118469,False,False,0.2679490923881531,data\negatives\Pierre-Auguste_Renoir_185.jpg
data\candidates\artists_tree\Paul_Klee\Paul_Klee_90.jpg,0.7883471250534058,0.22015181183815002,0.5170386433601379,False,False,0.2829613566398621,data\negatives\Paul_Klee_90.jpg
data\candidates\artists_tree\Giotto_di_Bondone\Giotto_di_Bondone_27.jpg,0.7076553106307983,0.21706950664520264,0.4680071175098419,False,False,0.3319928824901581,data\negatives\Giotto_di_Bondone_27.jpg
data\candidates\artists_tree\Paul_Klee\Paul_Klee_16.jpg,0.8276662230491638,0.22066928446292877,0.5407336354255676,False,False,0.2592663645744324,data\negatives\Paul_Klee_16.jpg
data\candidates\artists_tree\Andrei_Rublev\Andrei_Rublev_88.jpg,0.74781334400177,0.22490423917770386,0.49366888403892517,False,False,0.3063311159610749,data\negatives\Andrei_Rublev_88.jpg
data\candidates\artists_tree\Pieter_Bruegel\Pieter_Bruegel_47.jpg,0.8149758577346802,0.24932129681110382,0.5388497710227966,False,False,0.2611502289772034,data\negatives\Pieter_Bruegel_47.jpg
data\candidates\artists_tree\Pablo_Picasso\Pablo_Picasso_62.jpg,0.7875432968139648,0.20522426068782806,0.5135708451271057,False,False,0.28642915487289433,data\negatives\Pablo_Picasso_62.jpg
data\candidates\artists_tree\Rene_Magritte\Rene_Magritte_65.jpg,0.7391457557678223,0.2428826093673706,0.4920639991760254,False,False,0.30793600082397465,data\negatives\Rene_Magritte_65.jpg
